ID,Is_Product_Details_viewed,Session_Activity_Count,No_Items_Added_InCart,No_Items_Removed_FromCart,No_Cart_Viewed,No_Checkout_Confirmed,No_Checkout_Initiated,No_Cart_Items_Viewed,No_Customer_Login,No_Page_Viewed,Customer_Segment_Type,Cart_Abandoned,Checkout_Conversion_Rate,Browsing_Intensity
Session_ID_0,1,4,1.0,0,0.0,0,0,1,0,0,0,1,0.0,0.0
Session_ID_1,0,38,0.0,0,2.0,0,0,2,0,2,0,1,0.0,0.05128205128205128
Session_ID_2,0,8,5.0,0,0.0,1,1,1,0,0,1,0,0.5,0.0
Session_ID_3,0,6,0.0,0,2.0,0,0,4,0,0,0,1,0.0,0.0
Session_ID_4,1,31,14.0,12,1.0,0,0,4,0,0,2,1,0.0,0.0
Session_ID_5,1,13,6.0,0,0.0,0,1,1,0,5,1,1,0.0,0.35714285714285715
Session_ID_6,0,14,4.0,1,0.0,1,1,1,0,0,1,0,0.5,0.0
Session_ID_7,0,7,1.0,0,0.0,0,1,1,0,3,0,1,0.0,0.375
Session_ID_8,0,13,8.0,1,0.0,0,0,1,0,1,1,1,0.0,0.07142857142857142
Session_ID_9,0,17,4.0,1,0.0,1,2,2,1,1,1,0,0.3333333333333333,0.05555555555555555
Session_ID_10,0,20,5.0,10,0.0,0,0,1,0,2,2,1,0.0,0.09523809523809523
Session_ID_11,0,8,0.0,0,0.0,0,2,1,0,4,1,1,0.0,0.4444444444444444
Session_ID_12,0,9,0.0,0,0.0,0,1,4,0,1,1,1,0.0,0.1
Session_ID_13,1,8,0.0,0,0.0,0,1,2,0,1,1,1,0.0,0.1111111111111111
Session_ID_14,0,3,0.0,0,0.0,0,1,2,0,0,1,1,0.0,0.0
Session_ID_15,0,31,0.0,0,0.0,0,7,13,0,3,1,1,0.0,0.09375
Session_ID_16,1,6,0.0,1,0.0,0,0,1,0,1,1,1,0.0,0.14285714285714285
Session_ID_17,1,7,0.0,0,2.0,0,1,3,0,0,1,1,0.0,0.0
Session_ID_18,0,35,0.0,8,6.0,0,2,1,1,9,2,1,0.0,0.25
Session_ID_19,0,8,0.0,0,0.0,0,0,2,0,3,1,1,0.0,0.3333333333333333
Session_ID_20,1,6,3.0,0,0.0,0,0,1,0,1,1,1,0.0,0.14285714285714285
Session_ID_21,0,35,14.0,0,3.0,1,3,3,0,9,1,1,0.25,0.25
Session_ID_22,0,18,11.0,1,2.0,0,0,4,0,5,1,1,0.0,0.2631578947368421
Session_ID_23,0,6,2.0,0,1.0,0,1,0,0,2,0,1,0.0,0.2857142857142857
Session_ID_24,1,6,1.0,0,0.0,0,1,2,0,2,0,1,0.0,0.2857142857142857
Session_ID_25,0,14,6.0,0,0.0,0,1,5,0,2,1,1,0.0,0.13333333333333333
Session_ID_26,1,24,13.0,0,2.0,2,0,6,0,0,1,0,2.0,0.0
Session_ID_27,0,14,5.0,0,1.0,1,1,0,1,2,1,0,0.5,0.13333333333333333
Session_ID_28,0,30,3.0,0,11.0,2,4,2,0,8,1,0,0.4,0.25806451612903225
Session_ID_29,0,5,1.0,0,1.0,0,1,0,0,2,0,1,0.0,0.3333333333333333
Session_ID_30,0,7,4.0,0,1.0,0,0,1,0,0,1,1,0.0,0.0
Session_ID_31,1,13,8.0,0,2.0,0,0,2,0,0,1,1,0.0,0.0
Session_ID_32,0,16,6.0,0,2.0,0,2,2,0,4,1,1,0.0,0.23529411764705882
Session_ID_33,1,6,2.0,0,2.0,0,1,0,0,1,0,1,0.0,0.14285714285714285
Session_ID_34,0,6,0.0,0,2.0,0,1,0,0,2,0,1,0.0,0.2857142857142857
Session_ID_35,1,20,0.0,0,0.0,0,0,1,0,1,0,1,0.0,0.047619047619047616
Session_ID_36,0,12,7.0,0,1.0,0,1,1,0,2,1,1,0.0,0.15384615384615385
Session_ID_37,0,23,14.0,0,2.0,1,1,1,1,1,1,1,0.5,0.041666666666666664
Session_ID_38,0,26,5.0,4,8.0,0,2,5,1,1,2,1,0.0,0.037037037037037035
Session_ID_39,0,8,1.0,0,0.0,0,4,1,0,2,0,1,0.0,0.2222222222222222
Session_ID_40,0,7,1.0,0,1.0,0,2,0,1,2,0,1,0.0,0.25
Session_ID_41,0,5,1.0,0,1.0,0,1,0,0,2,0,1,0.0,0.3333333333333333
Session_ID_42,0,16,1.0,0,1.0,0,0,6,0,2,0,1,0.0,0.11764705882352941
Session_ID_43,1,3,1.0,0,1.0,0,0,0,0,1,0,1,0.0,0.25
Session_ID_44,0,33,3.0,0,9.0,1,4,13,0,0,1,0,0.2,0.0
Session_ID_45,0,1,0.0,0,1.0,0,0,0,0,0,0,1,0.0,0.0
Session_ID_46,0,38,13.0,0,5.0,1,0,13,0,1,1,0,1.0,0.02564102564102564
Session_ID_47,0,5,1.0,0,1.0,0,1,0,0,2,0,1,0.0,0.3333333333333333
Session_ID_48,1,12,7.0,0,1.0,0,0,3,0,0,1,1,0.0,0.0
Session_ID_49,0,5,1.0,0,1.0,0,1,0,0,2,0,1,0.0,0.3333333333333333
Session_ID_50,1,4,2.0,0,0.0,0,0,1,0,1,0,1,0.0,0.2
Session_ID_51,0,19,5.0,3,2.0,0,1,2,1,2,2,1,0.0,0.1
Session_ID_52,1,19,3.0,1,0.0,0,0,3,0,7,1,1,0.0,0.35
Session_ID_53,1,10,0.0,0,3.0,0,0,1,0,3,0,1,0.0,0.2727272727272727
Session_ID_54,0,9,3.0,0,1.0,0,1,1,0,3,1,1,0.0,0.3
Session_ID_55,0,10,1.0,0,3.0,1,2,0,0,3,0,0,0.3333333333333333,0.2727272727272727
Session_ID_56,0,9,1.0,0,4.0,0,0,3,0,0,0,1,0.0,0.0
Session_ID_57,0,6,1.0,0,2.0,0,1,0,0,2,0,1,0.0,0.2857142857142857
Session_ID_58,1,18,8.0,0,0.0,0,0,1,0,8,1,1,0.0,0.42105263157894735
Session_ID_59,0,8,4.0,0,0.0,0,1,1,0,2,1,1,0.0,0.2222222222222222
Session_ID_60,1,6,2.0,0,0.0,0,0,2,0,0,0,1,0.0,0.0
Session_ID_61,0,6,1.0,0,2.0,0,1,0,0,2,0,1,0.0,0.2857142857142857
Session_ID_62,0,15,3.0,0,6.0,0,0,5,0,1,1,1,0.0,0.0625
Session_ID_63,0,12,1.0,0,0.0,0,0,1,0,4,0,1,0.0,0.3076923076923077
Session_ID_64,0,7,3.0,0,0.0,0,1,1,0,2,1,1,0.0,0.25
Session_ID_65,0,29,4.0,0,1.0,1,1,1,0,10,1,0,0.5,0.3333333333333333
Session_ID_66,0,10,3.0,0,4.0,0,1,0,0,2,1,1,0.0,0.18181818181818182
Session_ID_67,1,8,3.0,2,0.0,0,0,0,0,1,2,1,0.0,0.1111111111111111
Session_ID_68,1,34,26.0,5,0.0,0,0,1,0,1,2,1,0.0,0.02857142857142857
Session_ID_69,0,8,0.0,0,3.0,0,0,2,0,3,0,1,0.0,0.3333333333333333
Session_ID_70,1,46,12.0,0,4.0,0,1,3,0,19,1,1,0.0,0.40425531914893614
Session_ID_71,0,31,7.0,2,0.0,0,2,9,0,5,2,1,0.0,0.15625
Session_ID_72,1,8,4.0,0,1.0,0,0,0,0,2,1,1,0.0,0.2222222222222222
Session_ID_73,0,18,3.0,2,3.0,1,1,3,1,3,2,0,0.5,0.15789473684210525
Session_ID_74,0,6,1.0,0,0.0,0,1,1,1,2,0,1,0.0,0.2857142857142857
Session_ID_75,0,14,3.0,4,0.0,1,1,1,1,2,2,0,0.5,0.13333333333333333
Session_ID_76,0,17,2.0,0,1.0,0,0,5,0,0,0,1,0.0,0.0
Session_ID_77,1,6,2.0,0,0.0,0,0,1,0,2,0,1,0.0,0.2857142857142857
Session_ID_78,1,23,9.0,2,4.0,0,0,2,0,5,2,1,0.0,0.20833333333333334
Session_ID_79,0,9,2.0,0,1.0,0,0,3,0,1,0,1,0.0,0.1
Session_ID_80,0,13,3.0,2,3.0,0,1,1,0,3,2,1,0.0,0.21428571428571427
Session_ID_81,0,42,8.0,2,5.0,1,1,3,1,14,2,0,0.5,0.32558139534883723
Session_ID_82,1,5,2.0,0,1.0,0,0,1,0,0,0,1,0.0,0.0
Session_ID_83,0,10,0.0,0,1.0,1,2,1,0,3,0,0,0.3333333333333333,0.2727272727272727
Session_ID_84,0,3,0.0,0,2.0,0,0,0,0,1,0,1,0.0,0.25
Session_ID_85,1,3,1.0,0,0.0,0,0,2,0,0,0,1,0.0,0.0
Session_ID_86,0,23,3.0,1,5.0,0,0,5,0,6,1,1,0.0,0.25
Session_ID_87,0,46,0.0,0,3.0,0,1,1,0,9,0,1,0.0,0.19148936170212766
Session_ID_88,0,53,0.0,0,7.0,1,14,31,0,0,0,0,0.06666666666666667,0.0
Session_ID_89,0,36,3.0,0,14.0,0,7,10,0,2,1,1,0.0,0.05405405405405406
Session_ID_90,0,8,2.0,0,0.0,0,1,2,0,3,0,1,0.0,0.3333333333333333
Session_ID_91,0,5,0.0,0,2.0,0,0,3,0,0,0,1,0.0,0.0
Session_ID_92,1,9,4.0,0,3.0,0,0,1,0,0,1,1,0.0,0.0
Session_ID_93,1,32,11.0,0,3.0,0,1,5,0,11,1,1,0.0,0.3333333333333333
Session_ID_94,1,4,1.0,0,0.0,0,0,0,0,1,0,1,0.0,0.2
Session_ID_95,0,17,6.0,1,3.0,1,1,2,1,2,1,0,0.5,0.1111111111111111
Session_ID_96,1,4,1.0,2,0.0,0,0,0,0,0,0,1,0.0,0.0
Session_ID_97,1,36,5.0,0,7.0,0,3,20,0,1,1,1,0.0,0.02702702702702703
Session_ID_98,0,2,0.0,0,2.0,0,0,0,0,0,0,1,0.0,0.0
Session_ID_99,1,7,1.0,4,1.0,0,0,0,0,1,2,1,0.0,0.125
Session_ID_100,0,22,3.0,2,8.0,0,1,2,0,6,2,1,0.0,0.2608695652173913
Session_ID_101,1,5,1.0,2,1.0,0,0,0,0,1,0,1,0.0,0.16666666666666666
Session_ID_102,0,2,0.0,0,1.0,0,0,0,0,1,0,1,0.0,0.3333333333333333
Session_ID_103,1,13,1.0,0,0.0,0,1,0,0,2,0,1,0.0,0.14285714285714285
Session_ID_104,0,5,0.0,0,1.0,0,0,1,0,1,0,1,0.0,0.16666666666666666
Session_ID_105,1,8,2.0,0,2.0,0,1,1,0,2,0,1,0.0,0.2222222222222222
Session_ID_106,0,5,1.0,0,0.0,0,0,2,0,1,0,1,0.0,0.16666666666666666
Session_ID_107,0,94,8.0,2,3.0,1,2,1,1,5,2,0,0.3333333333333333,0.05263157894736842
Session_ID_108,0,7,0.0,0,0.0,1,2,0,1,3,0,0,0.3333333333333333,0.375
Session_ID_109,0,6,3.0,1,0.0,0,0,0,0,0,1,1,0.0,0.0
Session_ID_110,0,42,31.0,0,2.0,0,1,7,0,1,1,1,0.0,0.023255813953488372
Session_ID_111,1,3,1.0,0,1.0,0,0,0,0,0,0,1,0.0,0.0
Session_ID_112,0,1,0.0,0,1.0,0,0,0,0,0,0,1,0.0,0.0
Session_ID_113,0,5,1.0,0,1.0,0,1,0,0,2,0,1,0.0,0.3333333333333333
Session_ID_114,0,5,1.0,0,1.0,0,1,0,0,2,0,1,0.0,0.3333333333333333
Session_ID_115,0,13,6.0,0,2.0,0,1,3,0,1,1,1,0.0,0.07142857142857142
Session_ID_116,1,16,14.0,0,0.0,0,0,0,0,2,1,1,0.0,0.11764705882352941
Session_ID_117,0,15,5.0,1,1.0,1,1,3,1,2,1,1,0.5,0.125
Session_ID_118,0,10,4.0,0,0.0,1,1,1,1,1,1,0,0.5,0.09090909090909091
Session_ID_119,0,5,0.0,0,0.0,0,1,0,1,3,0,1,0.0,0.5
Session_ID_120,0,10,2.0,0,2.0,0,2,4,0,0,0,1,0.0,0.0
Session_ID_121,1,4,1.0,0,0.0,0,0,1,0,1,0,1,0.0,0.2
Session_ID_122,0,20,13.0,0,2.0,0,1,1,0,3,1,1,0.0,0.14285714285714285
Session_ID_123,1,3,1.0,0,1.0,0,0,1,0,0,0,1,0.0,0.0
Session_ID_124,0,25,2.0,0,1.0,0,1,20,0,0,0,1,0.0,0.0
Session_ID_125,1,20,7.0,2,0.0,0,0,7,0,3,2,1,0.0,0.14285714285714285
Session_ID_126,0,7,1.0,0,1.0,0,0,5,0,0,0,1,0.0,0.0
Session_ID_127,0,21,9.0,0,8.0,0,0,3,0,1,1,1,0.0,0.045454545454545456
Session_ID_128,0,14,2.0,0,6.0,1,2,0,0,3,0,0,0.3333333333333333,0.2
Session_ID_129,1,32,10.0,9,2.0,0,0,1,0,6,2,1,0.0,0.18181818181818182
Session_ID_130,0,1,0.0,0,1.0,0,0,0,0,0,0,1,0.0,0.0
Session_ID_131,1,17,0.0,0,1.0,0,0,1,0,2,0,1,0.0,0.1111111111111111
Session_ID_132,0,15,3.0,3,1.0,0,0,2,0,4,2,1,0.0,0.25
Session_ID_133,0,10,6.0,0,0.0,0,1,1,0,2,1,1,0.0,0.18181818181818182
Session_ID_134,0,18,4.0,0,2.0,1,1,4,0,1,1,0,0.5,0.05263157894736842
Session_ID_135,0,21,0.0,0,3.0,0,1,1,0,5,0,1,0.0,0.22727272727272727
Session_ID_136,0,9,3.0,0,2.0,0,1,1,0,2,1,1,0.0,0.2
Session_ID_137,1,28,12.0,5,2.0,0,0,3,0,3,2,1,0.0,0.10344827586206896
Session_ID_138,0,11,0.0,0,2.0,2,5,2,0,0,0,0,0.3333333333333333,0.0
Session_ID_139,0,6,0.0,0,3.0,0,1,0,0,2,0,1,0.0,0.2857142857142857
Session_ID_140,0,7,3.0,0,0.0,0,1,1,0,2,1,1,0.0,0.25
Session_ID_141,0,4,0.0,0,1.0,0,3,0,0,0,0,1,0.0,0.0
Session_ID_142,0,9,3.0,1,1.0,0,1,1,0,2,1,1,0.0,0.2
Session_ID_143,1,5,1.0,0,0.0,0,0,2,0,1,0,1,0.0,0.16666666666666666
Session_ID_144,0,34,9.0,10,7.0,0,0,3,0,4,2,1,0.0,0.11428571428571428
Session_ID_145,0,25,15.0,0,1.0,0,1,3,1,4,1,1,0.0,0.15384615384615385
Session_ID_146,0,10,4.0,1,1.0,0,1,1,0,2,1,1,0.0,0.18181818181818182
Session_ID_147,0,5,1.0,0,1.0,0,1,0,0,2,0,1,0.0,0.3333333333333333
Session_ID_148,0,12,4.0,0,1.0,0,0,3,0,1,1,1,0.0,0.07692307692307693
Session_ID_149,0,23,2.0,4,3.0,1,3,1,0,9,2,0,0.25,0.375
Session_ID_150,1,7,1.0,0,0.0,0,0,2,0,1,0,1,0.0,0.125
Session_ID_151,1,2,0.0,0,0.0,0,0,0,0,1,0,1,0.0,0.3333333333333333
Session_ID_152,0,1,0.0,0,0.0,0,1,0,0,0,0,1,0.0,0.0
Session_ID_153,1,7,3.0,0,1.0,0,1,0,0,2,1,1,0.0,0.25
Session_ID_154,0,31,10.0,13,2.0,0,1,1,1,2,2,1,0.0,0.0625
Session_ID_155,0,10,3.0,0,1.0,0,1,2,0,2,1,1,0.0,0.18181818181818182
Session_ID_156,0,8,1.0,1,2.0,0,1,0,1,2,0,1,0.0,0.2222222222222222
Session_ID_157,0,7,0.0,0,0.0,0,0,1,0,3,0,1,0.0,0.375
Session_ID_158,0,21,12.0,0,3.0,0,0,5,0,0,1,1,0.0,0.0
Session_ID_159,1,32,17.0,10,1.0,0,0,2,0,1,2,1,0.0,0.030303030303030304
Session_ID_160,0,3,0.0,0,1.0,0,0,2,0,0,0,1,0.0,0.0
Session_ID_161,0,5,1.0,0,1.0,0,1,0,0,2,0,1,0.0,0.3333333333333333
Session_ID_162,0,4,0.0,0,1.0,0,1,0,0,2,0,1,0.0,0.4
Session_ID_163,1,10,2.0,0,0.0,0,1,1,0,0,0,1,0.0,0.0
Session_ID_164,0,10,4.0,0,1.0,0,1,2,0,1,1,1,0.0,0.09090909090909091
Session_ID_165,1,11,3.0,0,1.0,0,1,2,0,3,1,1,0.0,0.25
Session_ID_166,0,20,14.0,0,3.0,0,0,3,0,0,1,1,0.0,0.0
Session_ID_167,0,13,8.0,0,1.0,0,1,1,0,2,1,1,0.0,0.14285714285714285
Session_ID_168,1,15,6.0,0,0.0,0,0,0,0,9,1,1,0.0,0.5625
Session_ID_169,0,11,0.0,0,0.0,1,1,1,0,1,0,0,0.5,0.08333333333333333
Session_ID_170,1,9,4.0,0,0.0,0,0,1,0,1,1,1,0.0,0.1
Session_ID_171,0,15,2.0,0,1.0,1,1,2,0,7,0,0,0.5,0.4375
Session_ID_172,0,55,0.0,0,29.0,0,3,14,0,0,0,1,0.0,0.0
Session_ID_173,0,7,0.0,0,2.0,0,1,2,0,2,0,1,0.0,0.25
Session_ID_174,0,6,0.0,0,2.0,0,1,2,0,1,0,1,0.0,0.14285714285714285
Session_ID_175,0,14,1.0,0,2.0,0,1,1,0,3,0,1,0.0,0.2
Session_ID_176,0,12,6.0,0,0.0,1,1,1,1,1,1,1,0.5,0.07692307692307693
Session_ID_177,0,23,2.0,3,4.0,0,4,1,1,8,2,1,0.0,0.3333333333333333
Session_ID_178,1,8,5.0,0,1.0,0,0,1,0,1,1,1,0.0,0.1111111111111111
Session_ID_179,0,14,3.0,1,5.0,0,2,0,0,3,1,1,0.0,0.2
Session_ID_180,0,15,10.0,0,1.0,0,0,1,0,2,1,1,0.0,0.125
Session_ID_181,0,13,1.0,0,0.0,0,2,4,1,5,0,1,0.0,0.35714285714285715
Session_ID_182,0,7,0.0,0,1.0,0,1,0,0,2,0,1,0.0,0.25
Session_ID_183,0,4,1.0,0,1.0,0,1,1,0,0,0,1,0.0,0.0
Session_ID_184,1,6,2.0,0,1.0,0,0,1,0,0,0,1,0.0,0.0
Session_ID_185,0,1,1.0,0,0.0,0,3,0,0,3,0,1,0.0,1.5
Session_ID_186,0,5,1.0,0,1.0,0,2,1,0,0,0,1,0.0,0.0
Session_ID_187,0,21,6.0,0,3.0,0,0,10,0,0,1,1,0.0,0.0
Session_ID_188,1,4,2.0,0,0.0,0,0,1,0,1,0,1,0.0,0.2
Session_ID_189,0,5,0.0,0,1.0,0,1,2,0,1,0,1,0.0,0.16666666666666666
Session_ID_190,0,4,0.0,0,1.0,0,1,1,0,1,0,1,0.0,0.2
Session_ID_191,0,9,1.0,0,0.0,0,1,5,0,0,0,1,0.0,0.0
Session_ID_192,0,1,0.0,0,0.0,0,0,3,0,6,0,1,0.0,3.0
Session_ID_193,0,41,12.0,3,3.0,0,4,1,1,13,2,1,0.0,0.30952380952380953
Session_ID_194,0,7,2.0,0,1.0,0,1,1,1,1,0,1,0.0,0.125
Session_ID_195,0,8,4.0,0,0.0,0,1,1,0,2,1,1,0.0,0.2222222222222222
Session_ID_196,1,18,6.0,0,2.0,0,0,1,0,7,1,1,0.0,0.3684210526315789
Session_ID_197,0,16,0.0,0,5.0,0,0,10,0,0,0,1,0.0,0.0
Session_ID_198,0,18,0.0,0,3.0,0,1,2,0,3,0,1,0.0,0.15789473684210525
Session_ID_199,0,2,0.0,0,0.0,0,1,1,0,0,0,1,0.0,0.0
Session_ID_200,0,5,1.0,0,1.0,0,1,0,0,2,0,1,0.0,0.3333333333333333
Session_ID_201,0,30,4.0,0,4.0,0,3,2,1,15,1,1,0.0,0.4838709677419355
Session_ID_202,1,9,2.0,0,0.0,0,3,3,0,1,0,1,0.0,0.1
Session_ID_203,1,3,1.0,0,1.0,0,0,0,0,1,0,1,0.0,0.25
Session_ID_204,0,52,0.0,0,4.0,0,1,8,0,11,0,1,0.0,0.20754716981132076
Session_ID_205,0,5,1.0,0,0.0,0,1,0,0,3,0,1,0.0,0.5
Session_ID_206,0,23,10.0,0,1.0,0,1,2,0,9,1,1,0.0,0.375
Session_ID_207,0,8,1.0,0,0.0,1,2,3,0,1,0,0,0.3333333333333333,0.1111111111111111
Session_ID_208,0,108,3.0,0,1.0,1,1,2,0,4,1,0,0.5,0.03669724770642202
Session_ID_209,1,4,2.0,1,0.0,0,0,0,0,0,0,1,0.0,0.0
Session_ID_210,1,14,4.0,0,1.0,0,0,2,0,7,1,1,0.0,0.4666666666666667
Session_ID_211,0,10,0.0,0,1.0,0,1,1,0,1,0,1,0.0,0.09090909090909091
Session_ID_212,0,36,3.0,0,0.0,1,1,0,1,1,1,0,0.5,0.02702702702702703
Session_ID_213,1,10,2.0,3,0.0,1,1,0,0,3,2,0,0.5,0.2727272727272727
Session_ID_214,0,10,1.0,0,1.0,1,2,1,1,2,0,0,0.3333333333333333,0.18181818181818182
Session_ID_215,0,10,2.0,0,2.0,0,2,1,0,3,0,1,0.0,0.2727272727272727
Session_ID_216,1,21,4.0,0,3.0,0,2,2,1,3,1,1,0.0,0.13636363636363635
Session_ID_217,0,21,0.0,0,0.0,1,2,1,0,3,0,0,0.3333333333333333,0.13636363636363635
Session_ID_218,1,8,3.0,0,1.0,0,0,4,0,0,1,1,0.0,0.0
Session_ID_219,0,13,1.0,0,1.0,2,2,5,0,1,0,0,0.6666666666666666,0.07142857142857142
Session_ID_220,1,65,16.0,11,1.0,0,0,2,0,6,2,1,0.0,0.09090909090909091
Session_ID_221,0,6,3.0,0,1.0,0,0,2,0,0,1,1,0.0,0.0
Session_ID_222,0,9,5.0,0,1.0,0,0,1,0,1,1,1,0.0,0.1
Session_ID_223,0,5,1.0,0,1.0,0,0,1,0,1,0,1,0.0,0.16666666666666666
Session_ID_224,0,23,4.0,4,1.0,0,0,1,0,7,2,1,0.0,0.2916666666666667
Session_ID_225,0,41,10.0,1,4.0,0,1,3,1,12,1,1,0.0,0.2857142857142857
Session_ID_226,0,12,0.0,0,4.0,0,1,2,0,0,0,1,0.0,0.0
Session_ID_227,0,7,0.0,0,2.0,0,1,2,0,1,0,1,0.0,0.125
Session_ID_228,0,12,8.0,0,0.0,0,1,1,0,2,1,1,0.0,0.15384615384615385
Session_ID_229,1,3,1.0,0,1.0,0,0,1,0,0,0,1,0.0,0.0
Session_ID_230,1,91,16.0,7,11.0,0,4,5,2,8,2,1,0.0,0.08695652173913043
Session_ID_231,1,18,8.0,0,1.0,0,1,3,0,0,1,1,0.0,0.0
Session_ID_232,1,16,9.0,0,0.0,0,0,1,0,4,1,1,0.0,0.23529411764705882
Session_ID_233,1,4,1.0,0,1.0,0,0,1,0,0,0,1,0.0,0.0
Session_ID_234,0,57,5.0,40,1.0,1,1,2,1,1,2,0,0.5,0.017241379310344827
Session_ID_235,0,27,13.0,0,1.0,0,1,2,0,9,1,1,0.0,0.32142857142857145
Session_ID_236,0,15,0.0,0,1.0,0,1,1,0,3,0,1,0.0,0.1875
Session_ID_237,1,3,1.0,0,1.0,0,0,1,0,0,0,1,0.0,0.0
Session_ID_238,0,10,0.0,0,9.0,0,0,0,0,1,0,1,0.0,0.09090909090909091
Session_ID_239,0,8,3.0,0,1.0,0,1,1,0,2,1,1,0.0,0.2222222222222222
Session_ID_240,1,7,3.0,0,1.0,0,0,0,0,3,1,1,0.0,0.375
Session_ID_241,0,12,3.0,0,3.0,2,1,3,0,0,1,0,1.0,0.0
Session_ID_242,1,38,3.0,32,1.0,0,0,1,0,1,2,1,0.0,0.02564102564102564
Session_ID_243,0,7,1.0,0,0.0,0,0,1,0,3,0,1,0.0,0.375
Session_ID_244,0,15,4.0,0,1.0,1,1,1,1,1,1,1,0.5,0.0625
Session_ID_245,1,9,5.0,0,1.0,0,0,1,0,1,1,1,0.0,0.1
Session_ID_246,0,23,1.0,1,1.0,0,0,10,0,10,0,1,0.0,0.4166666666666667
Session_ID_247,1,6,2.0,0,0.0,0,0,2,0,2,0,1,0.0,0.2857142857142857
Session_ID_248,1,11,0.0,0,0.0,0,0,1,0,2,0,1,0.0,0.16666666666666666
Session_ID_249,1,16,4.0,1,1.0,0,4,0,0,6,1,1,0.0,0.35294117647058826
Session_ID_250,0,22,3.0,3,7.0,1,3,1,1,3,2,0,0.25,0.13043478260869565
Session_ID_251,0,6,0.0,0,1.0,0,2,3,0,0,0,1,0.0,0.0
Session_ID_252,1,15,6.0,2,0.0,0,1,2,0,3,2,1,0.0,0.1875
Session_ID_253,0,65,30.0,11,5.0,0,3,3,1,11,2,1,0.0,0.16666666666666666
Session_ID_254,0,29,10.0,4,1.0,0,1,2,1,8,2,1,0.0,0.26666666666666666
Session_ID_255,0,10,1.0,2,1.0,1,2,0,1,2,0,0,0.3333333333333333,0.18181818181818182
Session_ID_256,1,14,5.0,0,1.0,0,0,3,0,1,1,1,0.0,0.06666666666666667
Session_ID_257,0,30,13.0,6,3.0,0,0,3,0,2,2,1,0.0,0.06451612903225806
Session_ID_258,0,6,1.0,0,0.0,0,1,2,0,1,0,1,0.0,0.14285714285714285
Session_ID_259,0,28,0.0,0,3.0,0,2,1,0,7,0,1,0.0,0.2413793103448276
Session_ID_260,1,17,7.0,2,2.0,0,1,2,0,2,2,1,0.0,0.1111111111111111
Session_ID_261,1,15,5.0,0,1.0,0,0,8,0,0,1,1,0.0,0.0
Session_ID_262,0,7,1.0,0,1.0,0,0,4,0,1,0,1,0.0,0.125
Session_ID_263,0,15,2.0,0,0.0,1,3,1,1,5,0,0,0.25,0.3125
Session_ID_264,0,9,3.0,0,1.0,0,1,1,1,2,1,1,0.0,0.2
Session_ID_265,1,25,11.0,0,0.0,0,1,4,0,3,1,1,0.0,0.11538461538461539
Session_ID_266,0,5,1.0,0,0.0,0,1,2,0,1,0,1,0.0,0.16666666666666666
Session_ID_267,1,6,1.0,2,2.0,0,0,0,0,1,0,1,0.0,0.14285714285714285
Session_ID_268,1,8,1.0,0,0.0,0,0,2,0,2,0,1,0.0,0.2222222222222222
Session_ID_269,0,11,1.0,0,0.0,0,2,6,0,2,0,1,0.0,0.16666666666666666
Session_ID_270,0,5,0.0,0,1.0,0,1,0,0,2,0,1,0.0,0.3333333333333333
Session_ID_271,0,9,0.0,0,3.0,1,2,0,0,3,0,0,0.3333333333333333,0.3
Session_ID_272,0,5,1.0,0,0.0,0,1,1,0,2,0,1,0.0,0.3333333333333333
Session_ID_273,0,32,5.0,1,6.0,2,4,2,0,12,1,0,0.4,0.36363636363636365
Session_ID_274,0,12,5.0,0,1.0,1,1,1,1,1,1,0,0.5,0.07692307692307693
Session_ID_275,0,16,6.0,0,0.0,0,3,2,1,1,1,1,0.0,0.058823529411764705
Session_ID_276,1,9,1.0,0,1.0,0,1,2,0,3,0,1,0.0,0.3
Session_ID_277,1,16,1.0,0,1.0,0,0,4,0,9,0,1,0.0,0.5294117647058824
Session_ID_278,0,6,1.0,0,2.0,0,1,0,0,2,0,1,0.0,0.2857142857142857
Session_ID_279,0,11,6.0,0,1.0,0,1,1,0,2,1,1,0.0,0.16666666666666666
Session_ID_280,0,23,7.0,3,2.0,0,0,0,0,0,2,1,0.0,0.0
Session_ID_281,0,8,0.0,0,0.0,0,2,2,0,2,0,1,0.0,0.2222222222222222
Session_ID_282,1,7,2.0,0,1.0,0,0,1,0,0,0,1,0.0,0.0
Session_ID_283,0,3,0.0,0,0.0,0,1,0,0,2,0,1,0.0,0.5
Session_ID_284,1,4,1.0,0,0.0,0,0,1,0,1,0,1,0.0,0.2
Session_ID_285,0,43,7.0,0,1.0,0,0,3,0,5,1,1,0.0,0.11363636363636363
Session_ID_286,0,9,3.0,0,2.0,0,1,1,0,1,1,1,0.0,0.1
Session_ID_287,0,7,1.0,1,2.0,0,1,0,0,2,0,1,0.0,0.25
Session_ID_288,1,30,10.0,0,2.0,0,0,12,0,2,1,1,0.0,0.06451612903225806
Session_ID_289,0,12,4.0,0,0.0,0,0,1,0,5,1,1,0.0,0.38461538461538464
Session_ID_290,1,40,11.0,0,3.0,0,2,4,0,9,1,1,0.0,0.21951219512195122
Session_ID_291,1,9,2.0,0,0.0,0,0,1,0,4,0,1,0.0,0.4
Session_ID_292,0,4,0.0,0,3.0,0,0,1,0,0,0,1,0.0,0.0
Session_ID_293,0,26,2.0,4,7.0,0,1,2,0,3,2,1,0.0,0.1111111111111111
Session_ID_294,0,24,12.0,0,4.0,0,2,1,0,3,1,1,0.0,0.12
Session_ID_295,0,7,2.0,0,0.0,1,1,1,1,1,0,0,0.5,0.125
Session_ID_296,0,9,7.0,0,0.0,0,1,1,0,0,1,1,0.0,0.0
Session_ID_297,0,5,1.0,0,0.0,0,0,2,0,2,0,1,0.0,0.3333333333333333
Session_ID_298,0,8,3.0,0,0.0,0,1,1,1,1,1,1,0.0,0.1111111111111111
Session_ID_299,0,9,4.0,0,2.0,0,0,1,0,2,1,1,0.0,0.2
Session_ID_300,1,22,14.0,0,0.0,0,1,1,0,4,1,1,0.0,0.17391304347826086
Session_ID_301,0,23,3.0,3,5.0,0,4,1,2,4,2,1,0.0,0.16666666666666666
Session_ID_302,0,5,1.0,0,1.0,0,1,0,0,2,0,1,0.0,0.3333333333333333
Session_ID_303,0,20,9.0,0,3.0,0,1,1,0,6,1,1,0.0,0.2857142857142857
Session_ID_304,0,11,1.0,0,2.0,2,1,0,1,3,0,1,1.0,0.25
Session_ID_305,0,14,0.0,0,3.0,1,1,2,0,0,0,0,0.5,0.0
Session_ID_306,0,21,2.0,4,4.0,0,0,3,0,4,2,1,0.0,0.18181818181818182
Session_ID_307,1,15,4.0,0,6.0,0,1,4,0,0,1,1,0.0,0.0
Session_ID_308,0,9,3.0,0,2.0,0,1,1,0,2,1,1,0.0,0.2
Session_ID_309,0,5,1.0,0,1.0,0,1,0,0,2,0,1,0.0,0.3333333333333333
Session_ID_310,0,6,1.0,0,2.0,0,1,0,0,2,0,1,0.0,0.2857142857142857
Session_ID_311,0,5,0.0,0,2.0,0,1,1,0,1,0,1,0.0,0.16666666666666666
Session_ID_312,1,15,4.0,0,9.0,0,1,0,0,1,1,1,0.0,0.0625
Session_ID_313,1,8,1.0,0,1.0,0,1,0,0,2,0,1,0.0,0.2222222222222222
Session_ID_314,1,3,1.0,0,1.0,0,0,1,0,0,0,1,0.0,0.0
Session_ID_315,1,13,1.0,0,0.0,0,0,1,0,5,0,1,0.0,0.35714285714285715
Session_ID_316,0,31,0.0,0,3.0,0,1,3,0,10,0,1,0.0,0.3125
Session_ID_317,1,9,3.0,0,1.0,1,2,2,0,0,1,0,0.3333333333333333,0.0
Session_ID_318,0,9,0.0,0,2.0,0,1,2,0,1,0,1,0.0,0.1
Session_ID_319,0,5,1.0,0,1.0,0,1,0,0,2,0,1,0.0,0.3333333333333333
Session_ID_320,1,13,4.0,0,0.0,0,0,1,0,4,1,1,0.0,0.2857142857142857
Session_ID_321,0,10,1.0,0,1.0,0,1,7,0,0,0,1,0.0,0.0
Session_ID_322,0,13,2.0,0,0.0,2,1,2,1,3,0,0,1.0,0.21428571428571427
Session_ID_323,1,32,7.0,10,1.0,0,0,1,0,10,2,1,0.0,0.30303030303030304
Session_ID_324,0,27,14.0,0,4.0,1,1,6,0,0,1,0,0.5,0.0
Session_ID_325,0,16,1.0,1,2.0,0,0,5,0,5,0,1,0.0,0.29411764705882354
Session_ID_326,0,13,7.0,0,1.0,0,1,3,0,1,1,1,0.0,0.07142857142857142
Session_ID_327,0,13,4.0,0,2.0,0,1,3,0,0,1,1,0.0,0.0
Session_ID_328,0,14,8.0,0,1.0,1,1,1,1,1,1,0,0.5,0.06666666666666667
Session_ID_329,0,14,7.0,0,1.0,0,1,4,0,1,1,1,0.0,0.06666666666666667
Session_ID_330,0,5,0.0,0,1.0,0,1,2,0,1,0,1,0.0,0.16666666666666666
Session_ID_331,0,20,8.0,0,1.0,0,1,3,0,3,1,1,0.0,0.14285714285714285
Session_ID_332,1,10,1.0,0,1.0,0,0,3,0,1,0,1,0.0,0.09090909090909091
Session_ID_333,0,4,0.0,0,1.0,0,2,1,0,0,0,1,0.0,0.0
Session_ID_334,0,1,0.0,0,0.0,0,1,0,0,0,0,1,0.0,0.0
Session_ID_335,0,6,1.0,0,2.0,0,1,0,0,2,0,1,0.0,0.2857142857142857
Session_ID_336,0,12,5.0,0,1.0,0,0,2,0,4,1,1,0.0,0.3076923076923077
Session_ID_337,1,21,6.0,5,2.0,0,0,1,0,6,2,1,0.0,0.2727272727272727
Session_ID_338,0,31,9.0,0,3.0,1,1,6,1,2,1,0,0.5,0.0625
Session_ID_339,0,5,1.0,0,0.0,0,1,1,0,2,0,1,0.0,0.3333333333333333
Session_ID_340,0,8,4.0,0,0.0,0,1,1,0,2,1,1,0.0,0.2222222222222222
Session_ID_341,0,5,1.0,0,1.0,0,1,0,0,2,0,1,0.0,0.3333333333333333
Session_ID_342,0,13,7.0,2,1.0,0,0,1,0,2,2,1,0.0,0.14285714285714285
Session_ID_343,0,33,0.0,0,1.0,1,1,0,0,1,0,0,0.5,0.029411764705882353
Session_ID_344,0,11,6.0,0,1.0,0,1,1,0,2,1,1,0.0,0.16666666666666666
Session_ID_345,0,6,1.0,0,2.0,0,1,0,0,2,0,1,0.0,0.2857142857142857
Session_ID_346,0,6,2.0,0,0.0,0,0,2,0,2,0,1,0.0,0.2857142857142857
Session_ID_347,0,17,9.0,0,0.0,1,1,3,1,2,1,0,0.5,0.1111111111111111
Session_ID_348,0,5,1.0,0,1.0,0,1,0,0,2,0,1,0.0,0.3333333333333333
Session_ID_349,0,8,0.0,0,1.0,0,0,2,0,4,0,1,0.0,0.4444444444444444
Session_ID_350,0,32,5.0,9,2.0,0,1,4,0,6,2,1,0.0,0.18181818181818182
Session_ID_351,0,38,0.0,0,14.0,8,8,5,0,3,0,0,0.8888888888888888,0.07692307692307693
Session_ID_352,0,3,0.0,0,0.0,1,1,0,1,0,0,0,0.5,0.0
Session_ID_353,0,5,1.0,0,1.0,0,1,0,0,2,0,1,0.0,0.3333333333333333
Session_ID_354,1,13,8.0,0,1.0,0,1,1,0,2,1,1,0.0,0.14285714285714285
Session_ID_355,0,7,4.0,0,0.0,0,1,1,0,1,1,1,0.0,0.125
Session_ID_356,0,75,17.0,11,10.0,0,5,5,1,16,2,1,0.0,0.21052631578947367
Session_ID_357,1,2,1.0,0,0.0,0,0,0,0,0,0,1,0.0,0.0
Session_ID_358,0,9,5.0,0,0.0,0,1,1,0,2,1,1,0.0,0.2
Session_ID_359,0,26,3.0,6,5.0,0,5,1,0,6,2,1,0.0,0.2222222222222222
Session_ID_360,0,7,3.0,0,0.0,1,1,1,1,0,1,1,0.5,0.0
Session_ID_361,0,13,1.0,0,3.0,1,2,1,1,4,0,0,0.3333333333333333,0.2857142857142857
Session_ID_362,0,9,1.0,0,1.0,0,1,1,0,4,0,1,0.0,0.4
Session_ID_363,0,5,1.0,0,0.0,0,1,1,0,2,0,1,0.0,0.3333333333333333
Session_ID_364,0,59,17.0,5,11.0,1,2,4,0,17,2,1,0.3333333333333333,0.2833333333333333
Session_ID_365,0,13,2.0,0,0.0,2,3,2,0,4,0,0,0.5,0.2857142857142857
Session_ID_366,0,5,0.0,0,1.0,0,1,0,0,2,0,1,0.0,0.3333333333333333
Session_ID_367,0,19,4.0,1,3.0,1,3,1,1,3,1,0,0.25,0.15
Session_ID_368,1,12,0.0,0,0.0,0,0,0,0,2,0,1,0.0,0.15384615384615385
Session_ID_369,0,5,1.0,0,0.0,0,1,1,0,2,0,1,0.0,0.3333333333333333
Session_ID_370,0,12,8.0,0,0.0,0,1,1,0,2,1,1,0.0,0.15384615384615385
Session_ID_371,0,14,7.0,0,2.0,0,0,2,0,1,1,1,0.0,0.06666666666666667
Session_ID_372,0,43,28.0,6,2.0,0,2,0,1,4,2,1,0.0,0.09090909090909091
Session_ID_373,1,6,0.0,1,1.0,0,1,0,0,3,0,1,0.0,0.42857142857142855
Session_ID_374,0,12,4.0,0,3.0,0,1,2,0,2,1,1,0.0,0.15384615384615385
Session_ID_375,0,11,5.0,0,1.0,0,1,3,0,1,1,1,0.0,0.08333333333333333
Session_ID_376,0,5,0.0,0,2.0,0,0,2,0,1,0,1,0.0,0.16666666666666666
Session_ID_377,0,50,10.0,33,1.0,0,2,0,0,4,2,1,0.0,0.0784313725490196
Session_ID_378,0,11,6.0,0,1.0,0,1,1,0,1,1,1,0.0,0.08333333333333333
Session_ID_379,0,4,0.0,0,0.0,1,1,1,1,0,0,0,0.5,0.0
Session_ID_380,0,2,0.0,0,1.0,0,0,0,0,1,0,1,0.0,0.3333333333333333
Session_ID_381,0,7,1.0,0,2.0,1,1,0,0,2,0,0,0.5,0.25
Session_ID_382,1,22,10.0,0,3.0,0,0,6,0,0,1,1,0.0,0.0
Session_ID_383,0,1,0.0,0,1.0,0,0,0,0,0,0,1,0.0,0.0
Session_ID_384,0,13,7.0,0,0.0,0,1,3,1,1,1,1,0.0,0.07142857142857142
Session_ID_385,0,5,1.0,0,1.0,0,1,0,0,2,0,1,0.0,0.3333333333333333
Session_ID_386,0,15,0.0,0,1.0,0,0,3,0,1,0,1,0.0,0.0625
Session_ID_387,1,8,2.0,0,0.0,0,0,1,0,5,0,1,0.0,0.5555555555555556
Session_ID_388,1,13,5.0,2,2.0,0,1,1,0,2,2,1,0.0,0.14285714285714285
Session_ID_389,1,13,6.0,0,0.0,0,1,1,0,3,1,1,0.0,0.21428571428571427
Session_ID_390,0,15,0.0,0,6.0,0,0,9,0,0,0,1,0.0,0.0
Session_ID_391,0,10,4.0,0,1.0,0,1,1,0,3,1,1,0.0,0.2727272727272727
Session_ID_392,0,5,1.0,0,1.0,0,1,0,0,2,0,1,0.0,0.3333333333333333
Session_ID_393,0,11,6.0,0,1.0,0,0,2,0,1,1,1,0.0,0.08333333333333333
Session_ID_394,0,18,4.0,2,3.0,0,2,1,1,3,2,1,0.0,0.15789473684210525
Session_ID_395,0,12,3.0,0,0.0,1,1,1,1,4,1,0,0.5,0.3076923076923077
Session_ID_396,0,10,1.0,0,1.0,0,2,0,1,3,0,1,0.0,0.2727272727272727
Session_ID_397,1,2,1.0,0,0.0,0,0,0,0,1,0,1,0.0,0.3333333333333333
Session_ID_398,0,6,1.0,0,2.0,0,1,0,0,2,0,1,0.0,0.2857142857142857
Session_ID_399,0,8,3.0,0,1.0,0,1,2,0,1,1,1,0.0,0.1111111111111111
Session_ID_400,0,14,1.0,0,4.0,1,3,0,0,5,0,0,0.25,0.3333333333333333
Session_ID_401,1,6,2.0,0,0.0,0,0,2,0,0,0,1,0.0,0.0
Session_ID_402,0,8,2.0,0,1.0,1,1,0,1,1,0,0,0.5,0.1111111111111111
Session_ID_403,1,8,2.0,2,1.0,0,1,0,0,2,2,1,0.0,0.2222222222222222
Session_ID_404,0,8,5.0,0,1.0,0,0,1,0,1,1,1,0.0,0.1111111111111111
Session_ID_405,0,24,0.0,0,1.0,1,2,6,0,4,0,0,0.3333333333333333,0.16
Session_ID_406,0,11,4.0,0,0.0,1,1,2,1,1,1,0,0.5,0.08333333333333333
Session_ID_407,0,2,0.0,0,1.0,0,0,1,0,0,0,1,0.0,0.0
Session_ID_408,0,10,0.0,0,2.0,0,0,1,0,1,0,1,0.0,0.09090909090909091
Session_ID_409,0,12,5.0,1,0.0,1,1,1,1,1,1,0,0.5,0.07692307692307693
Session_ID_410,0,5,1.0,0,1.0,0,0,2,0,0,0,1,0.0,0.0
Session_ID_411,0,10,0.0,0,2.0,0,1,1,0,2,0,1,0.0,0.18181818181818182
Session_ID_412,0,16,11.0,0,0.0,0,1,1,0,3,1,1,0.0,0.17647058823529413
Session_ID_413,0,8,0.0,0,0.0,0,1,2,0,2,0,1,0.0,0.2222222222222222
Session_ID_414,1,6,2.0,0,0.0,0,0,1,0,2,0,1,0.0,0.2857142857142857
Session_ID_415,1,7,2.0,0,0.0,0,0,2,0,1,0,1,0.0,0.125
Session_ID_416,0,29,16.0,0,2.0,1,2,3,1,3,1,0,0.3333333333333333,0.1
Session_ID_417,0,11,3.0,0,2.0,0,0,1,0,3,1,1,0.0,0.25
Session_ID_418,0,6,0.0,0,3.0,0,2,1,0,0,0,1,0.0,0.0
Session_ID_419,0,4,0.0,0,1.0,0,2,1,0,0,0,1,0.0,0.0
Session_ID_420,0,15,2.0,0,1.0,0,1,3,1,3,0,1,0.0,0.1875
Session_ID_421,0,29,7.0,0,6.0,0,0,2,0,9,1,1,0.0,0.3
Session_ID_422,0,12,5.0,0,2.0,0,0,1,0,2,1,1,0.0,0.15384615384615385
Session_ID_423,0,6,1.0,0,2.0,0,1,0,0,2,0,1,0.0,0.2857142857142857
Session_ID_424,0,5,1.0,0,1.0,0,1,0,0,2,0,1,0.0,0.3333333333333333
Session_ID_425,0,11,3.0,0,0.0,0,0,2,0,2,1,1,0.0,0.16666666666666666
Session_ID_426,0,28,7.0,2,1.0,0,1,5,0,7,2,1,0.0,0.2413793103448276
Session_ID_427,0,8,2.0,0,1.0,1,1,1,1,0,0,1,0.5,0.0
Session_ID_428,0,7,0.0,0,4.0,0,0,0,0,1,0,1,0.0,0.125
Session_ID_429,1,9,1.0,2,0.0,0,2,0,0,4,0,1,0.0,0.4
Session_ID_430,0,45,8.0,0,4.0,1,3,11,0,1,1,0,0.25,0.021739130434782608
Session_ID_431,0,14,0.0,0,4.0,0,2,0,0,8,0,1,0.0,0.5333333333333333
Session_ID_432,0,14,1.0,9,1.0,0,1,0,0,2,2,1,0.0,0.13333333333333333
Session_ID_433,1,3,1.0,0,1.0,0,0,1,0,0,0,1,0.0,0.0
Session_ID_434,0,42,11.0,1,2.0,1,2,8,0,15,1,0,0.3333333333333333,0.3488372093023256
Session_ID_435,0,5,0.0,0,1.0,0,0,3,0,0,0,1,0.0,0.0
Session_ID_436,0,4,0.0,0,1.0,0,1,0,0,2,0,1,0.0,0.4
Session_ID_437,0,1,0.0,0,1.0,0,0,0,0,0,0,1,0.0,0.0
Session_ID_438,0,6,1.0,0,1.0,0,1,0,0,3,0,1,0.0,0.42857142857142855
Session_ID_439,0,4,1.0,0,0.0,0,0,2,0,1,0,1,0.0,0.2
Session_ID_440,1,40,0.0,0,1.0,0,0,5,0,13,0,1,0.0,0.3170731707317073
Session_ID_441,0,6,0.0,0,1.0,0,1,1,0,3,0,1,0.0,0.42857142857142855
Session_ID_442,1,25,3.0,4,1.0,0,0,4,0,8,2,1,0.0,0.3076923076923077
Session_ID_443,1,3,1.0,0,1.0,0,0,1,0,0,0,1,0.0,0.0
Session_ID_444,1,10,4.0,0,1.0,0,0,1,0,4,1,1,0.0,0.36363636363636365
Session_ID_445,0,10,0.0,0,0.0,1,1,2,0,1,0,0,0.5,0.09090909090909091
Session_ID_446,1,11,6.0,1,1.0,0,0,2,0,0,1,1,0.0,0.0
Session_ID_447,0,1,4.0,0,1.0,0,2,3,0,1,1,1,0.0,0.5
Session_ID_448,0,5,1.0,0,1.0,0,1,0,0,2,0,1,0.0,0.3333333333333333
Session_ID_449,0,16,0.0,0,1.0,0,1,1,0,6,0,1,0.0,0.35294117647058826
Session_ID_450,1,4,1.0,0,0.0,0,1,1,0,1,0,1,0.0,0.2
Session_ID_451,0,22,0.0,0,0.0,0,0,5,0,8,0,1,0.0,0.34782608695652173
Session_ID_452,0,13,6.0,0,2.0,0,1,1,0,3,1,1,0.0,0.21428571428571427
Session_ID_453,0,8,0.0,0,7.0,0,0,1,0,0,0,1,0.0,0.0
Session_ID_454,0,17,7.0,3,2.0,0,1,1,0,2,2,1,0.0,0.1111111111111111
Session_ID_455,0,7,1.0,0,2.0,0,1,0,0,3,0,1,0.0,0.375
Session_ID_456,0,4,0.0,0,1.0,0,0,1,0,2,0,1,0.0,0.4
Session_ID_457,0,6,1.0,0,2.0,0,1,0,0,2,0,1,0.0,0.2857142857142857
Session_ID_458,0,22,8.0,0,3.0,0,1,8,0,1,1,1,0.0,0.043478260869565216
Session_ID_459,0,8,3.0,0,1.0,0,0,2,0,1,1,1,0.0,0.1111111111111111
Session_ID_460,1,5,2.0,0,0.0,0,0,2,0,1,0,1,0.0,0.16666666666666666
Session_ID_461,0,41,2.0,0,2.0,0,0,2,0,5,0,1,0.0,0.11904761904761904
Session_ID_462,1,9,0.0,0,0.0,0,0,3,0,2,0,1,0.0,0.2
Session_ID_463,0,9,3.0,0,1.0,0,0,1,0,3,1,1,0.0,0.3
Session_ID_464,0,14,6.0,0,2.0,1,1,1,1,2,1,0,0.5,0.13333333333333333
Session_ID_465,0,11,6.0,0,0.0,0,0,3,0,1,1,1,0.0,0.08333333333333333
Session_ID_466,0,5,1.0,0,1.0,0,1,0,0,2,0,1,0.0,0.3333333333333333
Session_ID_467,1,11,4.0,0,0.0,0,1,4,0,1,1,1,0.0,0.08333333333333333
Session_ID_468,0,3,0.0,0,1.0,0,0,2,0,0,0,1,0.0,0.0
Session_ID_469,0,8,4.0,0,1.0,0,0,1,0,2,1,1,0.0,0.2222222222222222
Session_ID_470,0,10,1.0,0,1.0,0,1,3,0,4,0,1,0.0,0.36363636363636365
Session_ID_471,0,6,5.0,0,1.0,0,1,3,0,0,1,1,0.0,0.0
Session_ID_472,0,2,0.0,0,0.0,1,1,0,0,0,0,0,0.5,0.0
Session_ID_473,0,11,4.0,0,0.0,1,1,1,1,2,1,0,0.5,0.16666666666666666
Session_ID_474,0,7,0.0,0,1.0,0,1,1,0,2,0,1,0.0,0.25
Session_ID_475,0,2,0.0,0,0.0,0,1,1,0,0,0,1,0.0,0.0
Session_ID_476,0,7,0.0,0,2.0,0,1,4,0,0,0,1,0.0,0.0
Session_ID_477,0,12,3.0,0,1.0,0,1,5,0,2,1,1,0.0,0.15384615384615385
Session_ID_478,0,12,4.0,0,1.0,1,1,0,1,4,1,0,0.5,0.3076923076923077
Session_ID_479,0,4,0.0,0,1.0,0,0,2,0,1,0,1,0.0,0.2
Session_ID_480,0,5,0.0,0,0.0,0,1,1,0,2,0,1,0.0,0.3333333333333333
Session_ID_481,0,37,0.0,0,3.0,0,5,2,0,6,0,1,0.0,0.15789473684210525
Session_ID_482,1,7,2.0,0,1.0,0,0,0,0,3,0,1,0.0,0.375
Session_ID_483,1,13,8.0,0,1.0,0,0,0,0,3,1,1,0.0,0.21428571428571427
Session_ID_484,0,5,1.0,0,0.0,0,1,3,0,0,0,1,0.0,0.0
Session_ID_485,0,6,1.0,0,1.0,0,2,0,0,2,0,1,0.0,0.2857142857142857
Session_ID_486,0,6,1.0,0,2.0,0,1,0,0,2,0,1,0.0,0.2857142857142857
Session_ID_487,0,19,7.0,0,3.0,0,1,1,1,6,1,1,0.0,0.3
Session_ID_488,1,11,1.0,0,1.0,0,1,0,0,2,0,1,0.0,0.16666666666666666
Session_ID_489,1,21,9.0,0,0.0,0,0,5,0,0,1,1,0.0,0.0
Session_ID_490,0,6,1.0,1,1.0,0,1,0,0,2,0,1,0.0,0.2857142857142857
Session_ID_491,0,9,0.0,0,0.0,0,0,1,0,3,0,1,0.0,0.3
Session_ID_492,0,58,7.0,0,1.0,1,1,0,0,1,1,0,0.5,0.01694915254237288
Session_ID_493,0,4,0.0,0,1.0,0,1,0,0,2,0,1,0.0,0.4
Session_ID_494,0,4,0.0,0,1.0,0,1,1,0,1,0,1,0.0,0.2
Session_ID_495,1,11,6.0,0,1.0,0,1,1,0,2,1,1,0.0,0.16666666666666666
Session_ID_496,0,24,11.0,8,4.0,0,0,0,0,1,2,1,0.0,0.04
Session_ID_497,1,7,2.0,0,1.0,0,0,2,0,0,0,1,0.0,0.0
Session_ID_498,0,12,8.0,0,0.0,0,1,3,0,0,1,1,0.0,0.0
Session_ID_499,0,7,2.0,0,0.0,0,1,3,0,1,0,1,0.0,0.125
Session_ID_500,0,20,3.0,0,5.0,0,0,3,0,6,1,1,0.0,0.2857142857142857
Session_ID_501,0,20,4.0,3,1.0,1,1,3,1,4,2,0,0.5,0.19047619047619047
Session_ID_502,0,5,1.0,0,1.0,0,1,0,0,2,0,1,0.0,0.3333333333333333
Session_ID_503,0,10,4.0,0,1.0,0,1,1,0,3,1,1,0.0,0.2727272727272727
Session_ID_504,1,11,9.0,0,0.0,0,0,1,0,1,1,1,0.0,0.08333333333333333
Session_ID_505,1,9,1.0,0,0.0,0,0,4,0,2,0,1,0.0,0.2
Session_ID_506,0,17,3.0,1,1.0,1,1,0,1,2,1,0,0.5,0.1111111111111111
Session_ID_507,0,22,4.0,0,5.0,0,4,4,0,5,1,1,0.0,0.21739130434782608
Session_ID_508,1,46,6.0,0,8.0,0,3,27,0,1,1,1,0.0,0.02127659574468085
Session_ID_509,1,7,2.0,2,2.0,0,0,0,0,1,2,1,0.0,0.125
Session_ID_510,0,28,4.0,0,0.0,2,4,13,0,0,1,0,0.4,0.0
Session_ID_511,1,5,2.0,0,1.0,0,0,2,0,0,0,1,0.0,0.0
Session_ID_512,0,15,4.0,0,0.0,0,1,5,0,0,1,1,0.0,0.0
Session_ID_513,0,5,0.0,0,1.0,0,0,1,0,2,0,1,0.0,0.3333333333333333
Session_ID_514,0,9,2.0,2,2.0,0,1,0,0,2,2,1,0.0,0.2
Session_ID_515,0,10,2.0,0,1.0,1,2,1,1,2,0,0,0.3333333333333333,0.18181818181818182
Session_ID_516,1,4,1.0,0,1.0,0,1,0,0,1,0,1,0.0,0.2
Session_ID_517,0,6,1.0,0,1.0,0,1,2,0,1,0,1,0.0,0.14285714285714285
Session_ID_518,1,7,4.0,0,0.0,0,0,0,0,3,1,1,0.0,0.375
Session_ID_519,0,6,1.0,0,2.0,0,1,0,0,2,0,1,0.0,0.2857142857142857
Session_ID_520,1,4,1.0,0,0.0,0,1,2,0,0,0,1,0.0,0.0
Session_ID_521,0,8,0.0,0,4.0,0,0,4,0,0,0,1,0.0,0.0
Session_ID_522,1,17,5.0,0,1.0,0,0,7,0,0,1,1,0.0,0.0
Session_ID_523,1,9,1.0,2,2.0,0,1,0,1,0,0,1,0.0,0.0
Session_ID_524,0,11,1.0,0,3.0,0,1,4,0,0,0,1,0.0,0.0
Session_ID_525,1,5,1.0,0,0.0,0,1,3,0,0,0,1,0.0,0.0
Session_ID_526,1,4,1.0,0,1.0,0,0,0,0,2,0,1,0.0,0.4
Session_ID_527,0,10,5.0,0,0.0,0,1,1,1,2,1,1,0.0,0.18181818181818182
Session_ID_528,0,9,1.0,0,0.0,1,2,2,0,2,0,0,0.3333333333333333,0.2
Session_ID_529,0,4,0.0,0,1.0,0,1,0,0,2,0,1,0.0,0.4
Session_ID_530,1,3,1.0,0,1.0,0,0,1,0,0,0,1,0.0,0.0
Session_ID_531,0,6,1.0,0,2.0,0,1,0,0,2,0,1,0.0,0.2857142857142857
Session_ID_532,0,22,5.0,2,3.0,0,3,3,0,4,2,1,0.0,0.17391304347826086
Session_ID_533,0,24,5.0,0,5.0,0,2,10,0,0,1,1,0.0,0.0
Session_ID_534,0,8,3.0,0,0.0,1,1,1,1,1,1,0,0.5,0.1111111111111111
Session_ID_535,0,5,1.0,0,1.0,0,1,0,0,2,0,1,0.0,0.3333333333333333
Session_ID_536,0,41,14.0,8,4.0,0,0,5,0,7,2,1,0.0,0.16666666666666666
Session_ID_537,0,4,0.0,0,1.0,0,1,1,0,1,0,1,0.0,0.2
Session_ID_538,1,4,0.0,0,0.0,0,0,1,0,1,0,1,0.0,0.2
Session_ID_539,0,12,1.0,0,5.0,0,2,0,1,3,0,1,0.0,0.23076923076923078
Session_ID_540,0,5,1.0,0,1.0,0,1,0,0,2,0,1,0.0,0.3333333333333333
Session_ID_541,1,23,9.0,12,0.0,0,0,0,0,1,2,1,0.0,0.041666666666666664
Session_ID_542,0,13,0.0,0,0.0,0,5,8,0,0,0,1,0.0,0.0
Session_ID_543,1,84,51.0,17,0.0,0,0,7,0,2,2,1,0.0,0.023529411764705882
Session_ID_544,0,38,3.0,0,1.0,0,1,0,1,3,1,1,0.0,0.07692307692307693
Session_ID_545,0,15,6.0,0,1.0,0,1,5,0,2,1,1,0.0,0.125
Session_ID_546,1,4,1.0,1,0.0,0,0,0,0,1,0,1,0.0,0.2
Session_ID_547,1,4,1.0,0,0.0,0,0,1,0,1,0,1,0.0,0.2
Session_ID_548,0,16,4.0,0,5.0,0,2,2,1,2,1,1,0.0,0.11764705882352941
Session_ID_549,0,17,5.0,0,2.0,1,1,0,1,1,1,0,0.5,0.05555555555555555
Session_ID_550,0,11,3.0,0,1.0,1,1,0,1,1,1,0,0.5,0.08333333333333333
Session_ID_551,0,16,2.0,0,2.0,1,4,7,0,0,0,0,0.2,0.0
Session_ID_552,1,11,2.0,0,1.0,0,0,7,0,1,0,1,0.0,0.08333333333333333
Session_ID_553,0,51,14.0,15,4.0,0,3,2,1,8,2,1,0.0,0.15384615384615385
Session_ID_554,1,51,10.0,0,3.0,0,2,8,1,17,1,1,0.0,0.3269230769230769
Session_ID_555,1,16,9.0,2,2.0,0,0,2,0,1,2,1,0.0,0.058823529411764705
Session_ID_556,0,24,10.0,3,4.0,1,2,4,0,0,2,1,0.3333333333333333,0.0
Session_ID_557,1,11,1.0,4,2.0,0,1,1,0,0,2,1,0.0,0.0
Session_ID_558,0,10,2.0,0,1.0,0,0,5,0,0,0,1,0.0,0.0
Session_ID_559,1,6,4.0,0,1.0,0,0,0,0,1,1,1,0.0,0.14285714285714285
Session_ID_560,0,10,3.0,0,3.0,0,1,2,0,1,1,1,0.0,0.09090909090909091
Session_ID_561,0,18,0.0,0,4.0,0,0,1,0,5,0,1,0.0,0.2631578947368421
Session_ID_562,0,37,5.0,21,1.0,0,0,4,0,3,2,1,0.0,0.07894736842105263
Session_ID_563,0,39,9.0,4,1.0,1,1,6,1,14,2,0,0.5,0.35
Session_ID_564,0,8,3.0,0,1.0,0,0,2,0,1,1,1,0.0,0.1111111111111111
Session_ID_565,1,14,0.0,0,1.0,0,2,3,0,1,0,1,0.0,0.06666666666666667
Session_ID_566,1,10,4.0,2,0.0,0,0,2,0,1,2,1,0.0,0.09090909090909091
Session_ID_567,0,7,0.0,0,0.0,1,1,1,0,1,0,0,0.5,0.125
Session_ID_568,0,4,0.0,0,1.0,0,0,1,0,2,0,1,0.0,0.4
Session_ID_569,0,97,9.0,0,0.0,1,1,0,0,2,1,0,0.5,0.02040816326530612
Session_ID_570,1,8,6.0,0,0.0,0,0,1,0,1,1,1,0.0,0.1111111111111111
Session_ID_571,0,12,7.0,0,1.0,0,1,1,0,2,1,1,0.0,0.15384615384615385
Session_ID_572,0,4,0.0,0,1.0,0,1,0,0,2,0,1,0.0,0.4
Session_ID_573,0,6,0.0,0,0.0,0,0,1,0,4,0,1,0.0,0.5714285714285714
Session_ID_574,0,3,0.0,0,0.0,0,1,1,0,1,0,1,0.0,0.25
Session_ID_575,0,31,14.0,7,0.0,1,2,1,1,2,2,0,0.3333333333333333,0.0625
Session_ID_576,0,7,2.0,0,2.0,0,1,0,0,2,0,1,0.0,0.25
Session_ID_577,0,11,3.0,0,0.0,0,0,1,0,3,1,1,0.0,0.25
Session_ID_578,1,3,1.0,0,0.0,0,0,0,0,1,0,1,0.0,0.25
Session_ID_579,0,8,3.0,2,0.0,1,1,1,0,0,2,0,0.5,0.0
Session_ID_580,0,24,1.0,0,7.0,1,3,9,0,1,0,0,0.25,0.04
Session_ID_581,0,4,1.0,0,2.0,0,0,1,0,0,0,1,0.0,0.0
Session_ID_582,1,49,10.0,0,4.0,0,1,29,0,1,1,1,0.0,0.02
Session_ID_583,0,34,1.0,0,1.0,0,0,1,0,5,0,1,0.0,0.14285714285714285
Session_ID_584,1,25,11.0,11,1.0,0,0,1,0,1,2,1,0.0,0.038461538461538464
Session_ID_585,0,44,1.0,0,3.0,0,0,13,0,1,0,1,0.0,0.022222222222222223
Session_ID_586,0,12,5.0,0,0.0,0,1,1,0,2,1,1,0.0,0.15384615384615385
Session_ID_587,1,3,1.0,0,1.0,0,0,1,0,0,0,1,0.0,0.0
Session_ID_588,0,3,0.0,0,1.0,0,0,2,0,0,0,1,0.0,0.0
Session_ID_589,0,14,0.0,0,1.0,1,1,2,0,8,0,0,0.5,0.5333333333333333
Session_ID_590,0,3,0.0,0,2.0,0,0,0,0,1,0,1,0.0,0.25
Session_ID_591,0,35,13.0,3,4.0,3,1,2,1,4,2,0,1.5,0.1111111111111111
Session_ID_592,0,5,1.0,0,1.0,0,1,0,0,2,0,1,0.0,0.3333333333333333
Session_ID_593,1,4,1.0,0,0.0,0,1,2,0,0,0,1,0.0,0.0
Session_ID_594,0,2,0.0,0,1.0,0,0,1,0,0,0,1,0.0,0.0
Session_ID_595,0,19,0.0,0,2.0,0,0,2,0,1,0,1,0.0,0.05
Session_ID_596,0,35,0.0,0,1.0,0,3,1,0,6,0,1,0.0,0.16666666666666666
Session_ID_597,1,9,5.0,1,0.0,0,0,1,0,0,1,1,0.0,0.0
Session_ID_598,0,10,3.0,2,1.0,0,0,1,0,3,2,1,0.0,0.2727272727272727
Session_ID_599,0,13,9.0,0,1.0,0,1,2,0,0,1,1,0.0,0.0
Session_ID_600,1,14,2.0,1,0.0,0,2,2,1,3,0,1,0.0,0.2
Session_ID_601,0,7,2.0,2,1.0,0,0,1,0,1,2,1,0.0,0.125
Session_ID_602,0,16,0.0,0,1.0,0,3,8,0,2,0,1,0.0,0.11764705882352941
Session_ID_603,1,11,6.0,1,2.0,0,0,0,0,2,1,1,0.0,0.16666666666666666
Session_ID_604,0,10,6.0,0,0.0,0,1,1,0,2,1,1,0.0,0.18181818181818182
Session_ID_605,0,21,3.0,9,2.0,1,2,1,1,1,2,1,0.3333333333333333,0.045454545454545456
Session_ID_606,0,2,0.0,0,0.0,0,1,1,0,0,0,1,0.0,0.0
Session_ID_607,1,19,2.0,1,4.0,1,3,0,0,8,0,1,0.25,0.4
Session_ID_608,1,13,5.0,0,3.0,0,0,1,0,3,1,1,0.0,0.21428571428571427
Session_ID_609,0,10,2.0,0,1.0,2,1,0,1,3,0,0,1.0,0.2727272727272727
Session_ID_610,0,25,11.0,0,0.0,1,1,4,1,4,1,0,0.5,0.15384615384615385
Session_ID_611,1,22,2.0,3,6.0,0,0,3,0,7,2,1,0.0,0.30434782608695654
Session_ID_612,1,9,1.0,1,0.0,0,1,0,0,6,0,1,0.0,0.6
Session_ID_613,0,6,1.0,0,0.0,0,1,0,1,3,0,1,0.0,0.42857142857142855
Session_ID_614,0,1,7.0,0,2.0,0,0,6,0,1,1,1,0.0,0.5
Session_ID_615,1,5,1.0,1,1.0,0,0,1,0,1,0,1,0.0,0.16666666666666666
Session_ID_616,0,22,6.0,1,2.0,4,1,1,1,3,1,0,2.0,0.13043478260869565
Session_ID_617,1,3,1.0,0,0.0,0,0,1,0,1,0,1,0.0,0.25
Session_ID_618,1,13,6.0,0,0.0,0,0,1,0,1,1,1,0.0,0.07142857142857142
Session_ID_619,0,6,1.0,0,1.0,0,1,1,0,2,0,1,0.0,0.2857142857142857
Session_ID_620,1,11,1.0,0,3.0,0,1,0,0,6,0,1,0.0,0.5
Session_ID_621,0,6,1.0,0,0.0,0,1,1,0,2,0,1,0.0,0.2857142857142857
Session_ID_622,0,16,8.0,0,1.0,0,1,2,0,3,1,1,0.0,0.17647058823529413
Session_ID_623,1,12,3.0,5,1.0,0,0,2,0,1,2,1,0.0,0.07692307692307693
Session_ID_624,1,54,16.0,18,7.0,0,0,5,0,8,2,1,0.0,0.14545454545454545
Session_ID_625,0,19,1.0,0,1.0,0,0,1,0,15,0,1,0.0,0.75
Session_ID_626,0,5,1.0,0,0.0,1,1,1,1,0,0,0,0.5,0.0
Session_ID_627,0,16,2.0,1,4.0,1,3,0,1,4,0,0,0.25,0.23529411764705882
Session_ID_628,0,12,2.0,0,0.0,0,0,3,0,5,0,1,0.0,0.38461538461538464
Session_ID_629,0,1,0.0,0,1.0,0,0,0,0,0,0,1,0.0,0.0
Session_ID_630,1,12,2.0,0,0.0,0,1,4,1,3,0,1,0.0,0.23076923076923078
Session_ID_631,0,5,0.0,0,0.0,0,2,3,0,0,0,1,0.0,0.0
Session_ID_632,1,6,2.0,0,0.0,0,1,2,0,1,0,1,0.0,0.14285714285714285
Session_ID_633,1,10,0.0,0,0.0,0,0,2,0,6,0,1,0.0,0.5454545454545454
Session_ID_634,1,6,3.0,0,0.0,0,0,1,0,1,1,1,0.0,0.14285714285714285
Session_ID_635,1,5,0.0,0,1.0,1,3,0,0,0,0,0,0.25,0.0
Session_ID_636,0,6,1.0,0,1.0,0,1,0,1,2,0,1,0.0,0.2857142857142857
Session_ID_637,0,6,0.0,0,1.0,0,0,1,0,1,0,1,0.0,0.14285714285714285
Session_ID_638,0,10,5.0,0,0.0,0,1,1,0,3,1,1,0.0,0.2727272727272727
Session_ID_639,0,24,9.0,0,1.0,1,1,4,1,3,1,0,0.5,0.12
Session_ID_640,0,22,13.0,0,4.0,0,0,4,0,1,1,1,0.0,0.043478260869565216
Session_ID_641,0,15,6.0,1,2.0,1,1,1,1,1,1,0,0.5,0.0625
Session_ID_642,0,24,14.0,1,1.0,0,3,0,2,2,1,1,0.0,0.08
Session_ID_643,0,11,4.0,0,0.0,1,2,0,1,2,1,0,0.3333333333333333,0.16666666666666666
Session_ID_644,0,6,1.0,0,1.0,0,1,0,0,3,0,1,0.0,0.42857142857142855
Session_ID_645,0,3,0.0,0,1.0,0,1,0,0,1,0,1,0.0,0.25
Session_ID_646,0,41,2.0,25,1.0,1,4,1,2,5,2,0,0.2,0.11904761904761904
Session_ID_647,0,5,0.0,0,1.0,0,1,0,0,2,0,1,0.0,0.3333333333333333
Session_ID_648,0,7,1.0,0,0.0,1,1,1,1,1,0,0,0.5,0.125
Session_ID_649,0,5,1.0,0,3.0,0,0,0,0,1,0,1,0.0,0.16666666666666666
Session_ID_650,0,3,0.0,0,1.0,0,0,1,0,1,0,1,0.0,0.25
Session_ID_651,0,33,22.0,0,2.0,0,1,7,0,0,1,1,0.0,0.0
Session_ID_652,0,13,5.0,0,1.0,0,0,2,0,3,1,1,0.0,0.21428571428571427
Session_ID_653,1,9,5.0,0,0.0,0,0,1,0,1,1,1,0.0,0.1
Session_ID_654,1,9,2.0,0,1.0,0,1,1,0,3,0,1,0.0,0.3
Session_ID_655,0,11,2.0,1,0.0,0,0,2,0,3,0,1,0.0,0.25
Session_ID_656,1,19,11.0,0,2.0,0,1,4,0,0,1,1,0.0,0.0
Session_ID_657,1,5,1.0,0,1.0,0,0,3,0,0,0,1,0.0,0.0
Session_ID_658,0,5,0.0,0,1.0,0,1,0,0,2,0,1,0.0,0.3333333333333333
Session_ID_659,0,17,10.0,0,1.0,0,0,4,0,0,1,1,0.0,0.0
Session_ID_660,0,25,8.0,6,5.0,0,0,2,0,4,2,1,0.0,0.15384615384615385
Session_ID_661,0,7,0.0,0,0.0,0,0,1,0,2,0,1,0.0,0.25
Session_ID_662,0,18,5.0,0,3.0,0,2,0,0,6,1,1,0.0,0.3157894736842105
Session_ID_663,1,3,1.0,0,1.0,0,0,1,0,0,0,1,0.0,0.0
Session_ID_664,0,9,0.0,0,0.0,1,1,1,0,3,0,0,0.5,0.3
Session_ID_665,0,5,1.0,0,1.0,0,1,0,0,2,0,1,0.0,0.3333333333333333
Session_ID_666,1,5,2.0,0,0.0,0,0,1,0,1,0,1,0.0,0.16666666666666666
Session_ID_667,0,10,3.0,0,1.0,0,0,0,0,3,1,1,0.0,0.2727272727272727
Session_ID_668,0,6,0.0,0,0.0,0,2,3,0,1,0,1,0.0,0.14285714285714285
Session_ID_669,0,8,0.0,0,0.0,0,1,2,0,5,0,1,0.0,0.5555555555555556
Session_ID_670,0,1,0.0,0,1.0,0,0,0,0,0,0,1,0.0,0.0
Session_ID_671,0,16,5.0,0,3.0,0,0,5,0,0,1,1,0.0,0.0
Session_ID_672,0,4,0.0,0,1.0,0,1,1,0,1,0,1,0.0,0.2
Session_ID_673,0,10,2.0,2,3.0,0,1,0,0,2,2,1,0.0,0.18181818181818182
Session_ID_674,0,13,0.0,0,1.0,3,1,0,0,3,0,0,1.5,0.21428571428571427
Session_ID_675,0,8,0.0,0,0.0,0,4,3,0,1,0,1,0.0,0.1111111111111111
Session_ID_676,0,8,3.0,0,1.0,0,1,1,0,2,1,1,0.0,0.2222222222222222
Session_ID_677,0,8,4.0,0,0.0,1,1,0,1,1,1,0,0.5,0.1111111111111111
Session_ID_678,0,17,4.0,0,1.0,0,1,6,0,5,1,1,0.0,0.2777777777777778
Session_ID_679,0,5,0.0,0,1.0,1,1,1,0,0,0,0,0.5,0.0
Session_ID_680,1,4,1.0,0,0.0,0,0,0,0,2,0,1,0.0,0.4
Session_ID_681,1,4,0.0,0,0.0,0,0,1,0,1,0,1,0.0,0.2
Session_ID_682,1,14,6.0,1,1.0,0,0,1,0,3,1,1,0.0,0.2
Session_ID_683,0,6,2.0,0,0.0,0,1,1,0,2,0,1,0.0,0.2857142857142857
Session_ID_684,0,10,1.0,0,2.0,1,2,0,1,3,0,0,0.3333333333333333,0.2727272727272727
Session_ID_685,0,6,1.0,0,2.0,0,1,0,0,2,0,1,0.0,0.2857142857142857
Session_ID_686,1,3,0.0,1,0.0,0,0,1,0,1,0,1,0.0,0.25
Session_ID_687,0,19,12.0,0,1.0,0,1,2,0,2,1,1,0.0,0.1
Session_ID_688,0,9,1.0,0,3.0,0,1,2,0,1,0,1,0.0,0.1
Session_ID_689,0,9,0.0,0,0.0,1,1,1,0,2,0,0,0.5,0.2
Session_ID_690,0,8,1.0,0,2.0,0,2,0,0,3,0,1,0.0,0.3333333333333333
Session_ID_691,0,12,5.0,0,0.0,0,0,0,0,5,1,1,0.0,0.38461538461538464
Session_ID_692,0,8,1.0,0,1.0,0,0,1,0,2,0,1,0.0,0.2222222222222222
Session_ID_693,1,11,4.0,4,0.0,0,0,1,0,1,2,1,0.0,0.08333333333333333
Session_ID_694,0,8,0.0,0,3.0,0,1,2,0,1,0,1,0.0,0.1111111111111111
Session_ID_695,0,10,0.0,0,0.0,0,1,1,0,2,0,1,0.0,0.18181818181818182
Session_ID_696,0,20,9.0,1,1.0,2,1,1,1,1,1,0,1.0,0.047619047619047616
Session_ID_697,0,8,0.0,0,1.0,0,0,1,0,4,0,1,0.0,0.4444444444444444
Session_ID_698,1,24,0.0,0,0.0,0,0,3,0,5,0,1,0.0,0.2
Session_ID_699,0,8,0.0,0,0.0,0,0,2,0,1,0,1,0.0,0.1111111111111111
Session_ID_700,0,9,3.0,0,1.0,0,1,1,0,3,1,1,0.0,0.3
Session_ID_701,1,7,3.0,0,1.0,0,0,2,0,0,1,1,0.0,0.0
Session_ID_702,0,20,8.0,2,2.0,0,0,2,0,3,2,1,0.0,0.14285714285714285
Session_ID_703,0,8,1.0,0,2.0,0,1,2,0,2,0,1,0.0,0.2222222222222222
Session_ID_704,0,8,5.0,0,0.0,0,1,1,0,1,1,1,0.0,0.1111111111111111
Session_ID_705,0,19,6.0,0,4.0,0,1,1,0,1,1,1,0.0,0.05
Session_ID_706,1,8,5.0,0,0.0,0,0,1,0,1,1,1,0.0,0.1111111111111111
Session_ID_707,1,6,2.0,0,0.0,0,1,0,0,2,0,1,0.0,0.2857142857142857
Session_ID_708,1,2,1.0,0,0.0,0,0,0,0,1,0,1,0.0,0.3333333333333333
Session_ID_709,0,14,3.0,0,4.0,1,2,4,0,0,1,0,0.3333333333333333,0.0
Session_ID_710,1,6,1.0,0,0.0,0,1,1,1,2,0,1,0.0,0.2857142857142857
Session_ID_711,0,6,0.0,0,0.0,0,1,5,0,0,0,1,0.0,0.0
Session_ID_712,0,4,0.0,0,1.0,0,1,1,0,1,0,1,0.0,0.2
Session_ID_713,0,8,2.0,0,2.0,0,1,1,0,2,0,1,0.0,0.2222222222222222
Session_ID_714,0,9,1.0,0,1.0,1,1,1,1,3,0,0,0.5,0.3
Session_ID_715,0,7,1.0,0,3.0,0,1,0,1,0,0,1,0.0,0.0
Session_ID_716,0,4,0.0,0,1.0,0,1,0,0,2,0,1,0.0,0.4
Session_ID_717,0,5,1.0,0,1.0,0,1,0,0,2,0,1,0.0,0.3333333333333333
Session_ID_718,0,4,0.0,0,1.0,0,1,0,1,1,0,1,0.0,0.2
Session_ID_719,0,4,0.0,0,1.0,0,1,0,1,1,0,1,0.0,0.2
Session_ID_720,0,13,2.0,0,2.0,1,2,1,1,2,0,1,0.3333333333333333,0.14285714285714285
Session_ID_721,0,9,1.0,0,0.0,0,1,4,0,1,0,1,0.0,0.1
Session_ID_722,0,10,1.0,0,2.0,0,1,1,1,4,0,1,0.0,0.36363636363636365
Session_ID_723,0,14,3.0,0,0.0,0,1,0,1,9,1,1,0.0,0.6
Session_ID_724,0,17,6.0,1,2.0,0,1,2,0,4,1,1,0.0,0.2222222222222222
Session_ID_725,1,36,7.0,21,1.0,0,0,1,0,5,2,1,0.0,0.13513513513513514
Session_ID_726,0,8,0.0,0,1.0,0,1,6,0,0,0,1,0.0,0.0
Session_ID_727,0,3,0.0,0,1.0,0,0,0,0,2,0,1,0.0,0.5
Session_ID_728,1,12,4.0,0,0.0,0,2,1,0,5,1,1,0.0,0.38461538461538464
Session_ID_729,1,18,4.0,0,0.0,1,2,7,0,0,1,0,0.3333333333333333,0.0
Session_ID_730,0,54,1.0,0,1.0,0,2,46,0,0,0,1,0.0,0.0
Session_ID_731,0,10,3.0,0,1.0,0,0,1,0,3,1,1,0.0,0.2727272727272727
Session_ID_732,0,1,0.0,0,0.0,0,1,0,0,0,0,1,0.0,0.0
Session_ID_733,1,4,1.0,0,1.0,0,0,1,0,1,0,1,0.0,0.2
Session_ID_734,1,13,3.0,0,0.0,0,0,1,0,6,1,1,0.0,0.42857142857142855
Session_ID_735,1,18,13.0,2,1.0,0,0,0,0,2,2,1,0.0,0.10526315789473684
Session_ID_736,0,27,1.0,0,2.0,1,3,0,1,17,0,1,0.25,0.6071428571428571
Session_ID_737,0,21,3.0,1,4.0,0,6,2,1,2,1,1,0.0,0.09090909090909091
Session_ID_738,1,13,4.0,4,0.0,0,0,1,0,1,2,1,0.0,0.07142857142857142
Session_ID_739,0,9,1.0,0,0.0,0,2,4,1,1,0,1,0.0,0.1
Session_ID_740,0,31,5.0,0,1.0,1,1,0,0,6,1,1,0.5,0.1875
Session_ID_741,0,48,5.0,0,13.0,1,4,8,0,2,1,0,0.2,0.04081632653061224
Session_ID_742,1,6,1.0,0,0.0,0,1,4,0,0,0,1,0.0,0.0
Session_ID_743,0,5,1.0,0,1.0,0,1,0,0,2,0,1,0.0,0.3333333333333333
Session_ID_744,1,5,2.0,0,0.0,0,0,1,0,2,0,1,0.0,0.3333333333333333
Session_ID_745,0,23,0.0,0,8.0,5,5,4,0,1,0,0,0.8333333333333334,0.041666666666666664
Session_ID_746,0,16,4.0,0,0.0,2,1,3,1,3,1,0,1.0,0.17647058823529413
Session_ID_747,0,12,2.0,3,1.0,0,1,0,1,3,2,1,0.0,0.23076923076923078
Session_ID_748,1,5,1.0,0,0.0,0,1,3,0,0,0,1,0.0,0.0
Session_ID_749,1,3,1.0,0,1.0,0,0,1,0,0,0,1,0.0,0.0
Session_ID_750,1,19,0.0,1,1.0,0,0,2,0,7,0,1,0.0,0.35
Session_ID_751,1,9,1.0,0,0.0,0,0,7,0,1,0,1,0.0,0.1
Session_ID_752,1,6,0.0,0,0.0,0,0,1,0,1,0,1,0.0,0.14285714285714285
Session_ID_753,1,37,17.0,12,5.0,0,0,1,0,2,2,1,0.0,0.05263157894736842
Session_ID_754,0,4,0.0,0,1.0,0,1,1,0,1,0,1,0.0,0.2
Session_ID_755,1,4,1.0,0,0.0,0,0,1,0,1,0,1,0.0,0.2
Session_ID_756,0,5,0.0,0,1.0,0,0,2,0,2,0,1,0.0,0.3333333333333333
Session_ID_757,0,12,1.0,0,0.0,0,2,1,0,0,0,1,0.0,0.0
Session_ID_758,1,19,9.0,1,3.0,0,0,3,0,1,1,1,0.0,0.05
Session_ID_759,1,35,12.0,4,1.0,0,3,5,1,3,2,1,0.0,0.08333333333333333
Session_ID_760,1,8,3.0,0,0.0,0,1,1,0,2,1,1,0.0,0.2222222222222222
Session_ID_761,0,17,0.0,0,1.0,1,2,0,0,3,0,0,0.3333333333333333,0.16666666666666666
Session_ID_762,0,8,3.0,0,1.0,0,1,3,0,0,1,1,0.0,0.0
Session_ID_763,0,3,0.0,0,0.0,0,1,0,0,2,0,1,0.0,0.5
Session_ID_764,0,8,1.0,0,0.0,1,2,1,2,1,0,1,0.3333333333333333,0.1111111111111111
Session_ID_765,1,8,6.0,0,0.0,0,0,1,0,0,1,1,0.0,0.0
Session_ID_766,0,19,7.0,3,1.0,1,2,1,1,1,2,0,0.3333333333333333,0.05
Session_ID_767,0,8,4.0,0,0.0,0,1,1,0,2,1,1,0.0,0.2222222222222222
Session_ID_768,1,5,4.0,0,0.0,0,0,1,0,0,1,1,0.0,0.0
Session_ID_769,0,3,1.0,0,1.0,0,0,1,0,0,0,1,0.0,0.0
Session_ID_770,0,4,1.0,0,1.0,0,1,0,0,0,0,1,0.0,0.0
Session_ID_771,0,8,4.0,0,0.0,0,1,1,0,2,1,1,0.0,0.2222222222222222
Session_ID_772,0,4,0.0,0,1.0,0,1,1,0,1,0,1,0.0,0.2
Session_ID_773,1,3,0.0,0,0.0,0,2,0,0,1,0,1,0.0,0.25
Session_ID_774,1,3,1.0,0,0.0,0,0,0,0,1,0,1,0.0,0.25
Session_ID_775,1,8,3.0,0,2.0,0,1,0,1,1,1,1,0.0,0.1111111111111111
Session_ID_776,0,45,24.0,0,1.0,0,1,2,0,7,1,1,0.0,0.15217391304347827
Session_ID_777,0,12,4.0,1,2.0,0,2,0,1,2,1,1,0.0,0.15384615384615385
Session_ID_778,1,7,5.0,0,0.0,0,0,0,0,2,1,1,0.0,0.25
Session_ID_779,0,8,2.0,0,1.0,1,1,1,1,1,0,0,0.5,0.1111111111111111
Session_ID_780,0,13,8.0,0,1.0,0,1,2,0,1,1,1,0.0,0.07142857142857142
Session_ID_781,0,12,5.0,1,1.0,0,1,2,0,2,1,1,0.0,0.15384615384615385
Session_ID_782,0,32,11.0,0,3.0,0,2,13,0,0,1,1,0.0,0.0
Session_ID_783,0,6,1.0,0,0.0,0,1,3,0,1,0,1,0.0,0.14285714285714285
Session_ID_784,0,6,1.0,0,0.0,0,2,1,0,2,0,1,0.0,0.2857142857142857
Session_ID_785,1,8,4.0,0,1.0,0,0,1,0,1,1,1,0.0,0.1111111111111111
Session_ID_786,0,16,7.0,0,1.0,0,1,5,0,0,1,1,0.0,0.0
Session_ID_787,0,29,15.0,1,1.0,0,5,1,0,6,1,1,0.0,0.2
Session_ID_788,0,15,7.0,0,2.0,0,1,1,1,2,1,1,0.0,0.125
Session_ID_789,0,9,3.0,0,1.0,0,1,1,1,2,1,1,0.0,0.2
Session_ID_790,1,22,0.0,0,0.0,0,0,1,0,3,0,1,0.0,0.13043478260869565
Session_ID_791,0,7,1.0,0,0.0,0,1,5,0,0,0,1,0.0,0.0
Session_ID_792,0,3,0.0,0,2.0,0,0,0,0,1,0,1,0.0,0.25
Session_ID_793,1,30,14.0,4,0.0,0,1,3,0,3,2,1,0.0,0.0967741935483871
Session_ID_794,0,5,1.0,0,0.0,0,1,1,0,2,0,1,0.0,0.3333333333333333
Session_ID_795,1,38,10.0,3,0.0,0,0,7,0,9,2,1,0.0,0.23076923076923078
Session_ID_796,0,13,6.0,0,1.0,0,0,3,0,1,1,1,0.0,0.07142857142857142
Session_ID_797,0,4,1.0,0,0.0,0,1,0,0,2,0,1,0.0,0.4
Session_ID_798,0,12,7.0,0,1.0,0,1,1,0,2,1,1,0.0,0.15384615384615385
Session_ID_799,0,5,1.0,0,0.0,0,1,1,0,2,0,1,0.0,0.3333333333333333
Session_ID_800,0,7,3.0,0,0.0,0,1,2,0,1,1,1,0.0,0.125
Session_ID_801,1,6,1.0,1,1.0,0,1,0,0,2,0,1,0.0,0.2857142857142857
Session_ID_802,0,11,1.0,0,1.0,0,1,0,0,2,0,1,0.0,0.16666666666666666
Session_ID_803,0,4,1.0,0,0.0,0,0,1,0,1,0,1,0.0,0.2
Session_ID_804,0,4,0.0,0,1.0,0,1,0,0,2,0,1,0.0,0.4
Session_ID_805,1,17,1.0,2,0.0,0,2,0,0,12,0,1,0.0,0.6666666666666666
Session_ID_806,0,7,1.0,0,2.0,1,3,0,0,0,0,0,0.25,0.0
Session_ID_807,1,6,3.0,0,0.0,0,0,0,0,3,1,1,0.0,0.42857142857142855
Session_ID_808,1,5,3.0,0,1.0,0,0,1,0,0,1,1,0.0,0.0
Session_ID_809,0,7,1.0,0,2.0,0,2,2,0,0,0,1,0.0,0.0
Session_ID_810,0,14,3.0,0,5.0,1,2,0,0,3,1,0,0.3333333333333333,0.2
Session_ID_811,0,15,6.0,1,1.0,1,1,1,1,1,1,0,0.5,0.0625
Session_ID_812,0,9,0.0,0,0.0,0,1,1,0,4,0,1,0.0,0.4
Session_ID_813,1,63,9.0,6,6.0,0,1,6,0,21,2,1,0.0,0.328125
Session_ID_814,0,23,2.0,0,6.0,1,3,5,0,6,0,0,0.25,0.25
Session_ID_815,0,19,3.0,2,5.0,0,0,4,0,5,2,1,0.0,0.25
Session_ID_816,1,14,4.0,2,2.0,0,2,0,0,4,2,1,0.0,0.26666666666666666
Session_ID_817,0,31,14.0,5,2.0,0,0,1,0,6,2,1,0.0,0.1875
Session_ID_818,0,3,0.0,0,0.0,0,1,0,0,2,0,1,0.0,0.5
Session_ID_819,0,5,1.0,0,1.0,0,0,3,0,0,0,1,0.0,0.0
Session_ID_820,0,6,2.0,0,1.0,0,0,3,0,0,0,1,0.0,0.0
Session_ID_821,0,10,5.0,0,1.0,0,1,1,0,2,1,1,0.0,0.18181818181818182
Session_ID_822,0,8,2.0,0,1.0,0,1,1,0,3,0,1,0.0,0.3333333333333333
Session_ID_823,0,25,8.0,0,4.0,0,1,6,0,3,1,1,0.0,0.11538461538461539
Session_ID_824,0,5,1.0,0,1.0,0,1,0,0,2,0,1,0.0,0.3333333333333333
Session_ID_825,1,9,2.0,0,0.0,0,0,3,0,1,0,1,0.0,0.1
Session_ID_826,0,55,17.0,0,15.0,0,0,20,0,0,1,1,0.0,0.0
Session_ID_827,0,9,0.0,0,0.0,1,4,0,0,4,0,0,0.2,0.4
Session_ID_828,0,8,2.0,0,0.0,1,1,1,1,1,0,0,0.5,0.1111111111111111
Session_ID_829,1,5,1.0,2,0.0,0,0,0,0,2,0,1,0.0,0.3333333333333333
Session_ID_830,0,13,2.0,5,2.0,0,0,0,0,3,2,1,0.0,0.21428571428571427
Session_ID_831,1,15,6.0,4,1.0,0,0,0,0,4,2,1,0.0,0.25
Session_ID_832,0,1,0.0,0,0.0,0,1,0,0,0,0,1,0.0,0.0
Session_ID_833,0,18,4.0,3,2.0,1,1,4,1,1,2,0,0.5,0.05263157894736842
Session_ID_834,0,13,0.0,0,3.0,0,0,0,0,1,0,1,0.0,0.07142857142857142
Session_ID_835,0,16,0.0,0,4.0,0,4,7,0,1,0,1,0.0,0.058823529411764705
Session_ID_836,0,8,2.0,0,1.0,0,1,1,0,2,0,1,0.0,0.2222222222222222
Session_ID_837,1,10,5.0,0,0.0,0,0,2,0,2,1,1,0.0,0.18181818181818182
Session_ID_838,1,4,1.0,0,0.0,0,1,1,0,0,0,1,0.0,0.0
Session_ID_839,0,8,1.0,0,0.0,0,2,0,1,3,0,1,0.0,0.3333333333333333
Session_ID_840,0,10,0.0,0,0.0,1,1,1,0,2,0,0,0.5,0.18181818181818182
Session_ID_841,0,3,0.0,0,3.0,0,0,0,0,0,0,1,0.0,0.0
Session_ID_842,1,3,1.0,0,1.0,0,0,0,0,1,0,1,0.0,0.25
Session_ID_843,0,9,0.0,0,1.0,0,1,1,1,5,0,1,0.0,0.5
Session_ID_844,0,5,0.0,0,1.0,0,1,0,0,2,0,1,0.0,0.3333333333333333
Session_ID_845,0,22,14.0,0,4.0,0,0,1,0,3,1,1,0.0,0.13043478260869565
Session_ID_846,1,5,0.0,0,1.0,0,1,0,0,2,0,1,0.0,0.3333333333333333
Session_ID_847,0,5,1.0,0,1.0,0,1,0,0,2,0,1,0.0,0.3333333333333333
Session_ID_848,0,17,4.0,5,0.0,1,1,0,1,2,2,0,0.5,0.1111111111111111
Session_ID_849,1,10,4.0,0,1.0,0,0,1,0,2,1,1,0.0,0.18181818181818182
Session_ID_850,0,5,0.0,0,2.0,0,1,0,0,2,0,1,0.0,0.3333333333333333
Session_ID_851,0,11,6.0,0,0.0,0,0,0,0,4,1,1,0.0,0.3333333333333333
Session_ID_852,1,3,1.0,0,0.0,0,0,1,0,1,0,1,0.0,0.25
Session_ID_853,0,22,12.0,0,3.0,1,2,3,0,0,1,0,0.3333333333333333,0.0
Session_ID_854,1,15,1.0,2,3.0,0,2,4,0,3,0,1,0.0,0.1875
Session_ID_855,0,14,2.0,0,3.0,0,0,2,0,4,0,1,0.0,0.26666666666666666
Session_ID_856,0,5,1.0,0,1.0,0,2,1,0,0,0,1,0.0,0.0
Session_ID_857,1,5,0.0,0,0.0,0,0,1,0,2,0,1,0.0,0.3333333333333333
Session_ID_858,1,21,7.0,6,0.0,0,0,2,0,6,2,1,0.0,0.2727272727272727
Session_ID_859,1,8,3.0,0,2.0,0,0,2,0,1,1,1,0.0,0.1111111111111111
Session_ID_860,0,6,0.0,0,1.0,0,0,1,0,2,0,1,0.0,0.2857142857142857
Session_ID_861,0,9,5.0,0,0.0,0,1,1,0,0,1,1,0.0,0.0
Session_ID_862,0,32,7.0,4,1.0,0,3,1,1,11,2,1,0.0,0.3333333333333333
Session_ID_863,1,12,5.0,0,3.0,0,0,3,0,0,1,1,0.0,0.0
Session_ID_864,0,5,0.0,0,2.0,0,1,0,0,2,0,1,0.0,0.3333333333333333
Session_ID_865,0,13,5.0,0,2.0,1,1,1,1,1,1,0,0.5,0.07142857142857142
Session_ID_866,0,35,15.0,13,0.0,0,2,1,0,2,2,1,0.0,0.05555555555555555
Session_ID_867,1,4,1.0,0,1.0,0,0,0,0,2,0,1,0.0,0.4
Session_ID_868,0,5,1.0,0,1.0,0,1,0,0,2,0,1,0.0,0.3333333333333333
Session_ID_869,0,10,2.0,0,0.0,0,0,1,0,5,0,1,0.0,0.45454545454545453
Session_ID_870,0,14,2.0,0,1.0,0,1,1,0,1,0,1,0.0,0.06666666666666667
Session_ID_871,0,5,0.0,0,3.0,0,1,0,0,1,0,1,0.0,0.16666666666666666
Session_ID_872,0,13,3.0,0,1.0,0,1,1,0,3,1,1,0.0,0.21428571428571427
Session_ID_873,0,5,0.0,0,0.0,0,1,1,0,3,0,1,0.0,0.5
Session_ID_874,0,9,0.0,0,1.0,0,1,0,0,3,0,1,0.0,0.3
Session_ID_875,1,41,15.0,5,6.0,0,5,3,0,6,2,1,0.0,0.14285714285714285
Session_ID_876,0,7,2.0,0,0.0,1,1,1,1,1,0,1,0.5,0.125
Session_ID_877,0,32,4.0,0,0.0,0,0,4,0,13,1,1,0.0,0.3939393939393939
Session_ID_878,0,4,0.0,0,2.0,0,0,0,0,2,0,1,0.0,0.4
Session_ID_879,1,5,1.0,0,0.0,0,0,1,0,1,0,1,0.0,0.16666666666666666
Session_ID_880,1,21,6.0,2,4.0,0,4,0,0,5,2,1,0.0,0.22727272727272727
Session_ID_881,0,14,6.0,0,0.0,0,2,0,2,4,1,1,0.0,0.26666666666666666
Session_ID_882,0,4,0.0,0,1.0,0,1,1,0,1,0,1,0.0,0.2
Session_ID_883,0,11,6.0,0,0.0,0,1,2,0,1,1,1,0.0,0.08333333333333333
Session_ID_884,0,10,1.0,0,0.0,0,1,4,0,3,0,1,0.0,0.2727272727272727
Session_ID_885,0,12,6.0,0,0.0,1,1,1,1,1,1,0,0.5,0.07692307692307693
Session_ID_886,0,2,0.0,0,1.0,0,0,1,0,0,0,1,0.0,0.0
Session_ID_887,0,7,1.0,0,1.0,0,1,2,0,2,0,1,0.0,0.25
Session_ID_888,0,21,8.0,5,2.0,0,2,0,0,3,2,1,0.0,0.13636363636363635
Session_ID_889,0,4,0.0,0,1.0,0,1,2,0,0,0,1,0.0,0.0
Session_ID_890,0,6,1.0,0,1.0,0,1,1,0,2,0,1,0.0,0.2857142857142857
Session_ID_891,0,15,1.0,0,1.0,1,1,0,0,8,0,0,0.5,0.5
Session_ID_892,0,4,0.0,0,2.0,1,0,1,0,0,0,0,1.0,0.0
Session_ID_893,0,12,0.0,0,1.0,0,0,4,0,5,0,1,0.0,0.38461538461538464
Session_ID_894,0,23,0.0,0,2.0,0,1,2,0,9,0,1,0.0,0.375
Session_ID_895,0,5,1.0,0,1.0,0,1,0,0,2,0,1,0.0,0.3333333333333333
Session_ID_896,0,31,21.0,2,3.0,0,1,2,0,2,2,1,0.0,0.0625
Session_ID_897,0,6,0.0,0,2.0,0,0,4,0,0,0,1,0.0,0.0
Session_ID_898,0,11,0.0,0,10.0,0,0,1,0,0,0,1,0.0,0.0
Session_ID_899,0,5,1.0,0,1.0,0,1,0,0,2,0,1,0.0,0.3333333333333333
Session_ID_900,1,6,5.0,0,0.0,0,0,1,0,0,1,1,0.0,0.0
Session_ID_901,0,3,0.0,0,0.0,0,3,0,0,0,0,1,0.0,0.0
Session_ID_902,1,14,5.0,2,0.0,0,0,1,0,3,2,1,0.0,0.2
Session_ID_903,1,18,0.0,0,5.0,0,2,2,0,6,0,1,0.0,0.3157894736842105
Session_ID_904,0,6,0.0,0,0.0,0,0,2,0,0,0,1,0.0,0.0
Session_ID_905,0,24,10.0,0,3.0,0,0,10,0,0,1,1,0.0,0.0
Session_ID_906,0,16,9.0,0,3.0,0,1,2,0,1,1,1,0.0,0.058823529411764705
Session_ID_907,0,9,4.0,0,1.0,0,1,1,0,2,1,1,0.0,0.2
Session_ID_908,0,7,1.0,0,0.0,0,2,3,0,1,0,1,0.0,0.125
Session_ID_909,1,8,2.0,0,0.0,0,0,0,0,6,0,1,0.0,0.6666666666666666
Session_ID_910,1,8,4.0,0,1.0,0,0,1,0,2,1,1,0.0,0.2222222222222222
Session_ID_911,0,7,2.0,0,0.0,0,1,1,0,2,0,1,0.0,0.25
Session_ID_912,0,41,1.0,31,0.0,1,2,1,1,4,2,0,0.3333333333333333,0.09523809523809523
Session_ID_913,0,5,1.0,0,0.0,0,1,0,1,2,0,1,0.0,0.3333333333333333
Session_ID_914,0,5,1.0,0,1.0,0,1,0,0,2,0,1,0.0,0.3333333333333333
Session_ID_915,0,13,5.0,0,2.0,0,3,2,0,0,1,1,0.0,0.0
Session_ID_916,1,17,1.0,11,0.0,1,1,1,1,0,2,0,0.5,0.0
Session_ID_917,0,16,7.0,1,2.0,0,1,2,0,2,1,1,0.0,0.11764705882352941
Session_ID_918,0,4,0.0,0,0.0,0,1,0,0,3,0,1,0.0,0.6
Session_ID_919,1,5,1.0,0,0.0,0,1,3,0,0,0,1,0.0,0.0
Session_ID_920,0,22,11.0,0,1.0,1,1,1,1,3,1,1,0.5,0.13043478260869565
Session_ID_921,0,11,1.0,0,1.0,0,1,6,0,2,0,1,0.0,0.16666666666666666
Session_ID_922,0,2,0.0,0,1.0,0,0,0,0,1,0,1,0.0,0.3333333333333333
Session_ID_923,1,24,4.0,1,1.0,0,0,1,0,9,1,1,0.0,0.36
Session_ID_924,0,64,18.0,11,5.0,0,2,10,0,13,2,1,0.0,0.2
Session_ID_925,0,26,1.0,0,7.0,1,3,7,0,0,0,0,0.25,0.0
Session_ID_926,0,7,2.0,1,1.0,0,1,1,0,1,0,1,0.0,0.125
Session_ID_927,0,8,2.0,0,2.0,0,1,1,0,2,0,1,0.0,0.2222222222222222
Session_ID_928,1,12,5.0,0,1.0,0,2,1,0,3,1,1,0.0,0.23076923076923078
Session_ID_929,1,10,1.0,0,1.0,0,2,5,0,1,0,1,0.0,0.09090909090909091
Session_ID_930,0,11,1.0,0,0.0,1,2,1,1,1,0,0,0.3333333333333333,0.08333333333333333
Session_ID_931,0,5,1.0,0,0.0,0,1,0,2,0,0,1,0.0,0.0
Session_ID_932,0,6,0.0,0,2.0,0,1,0,0,2,0,1,0.0,0.2857142857142857
Session_ID_933,0,31,7.0,16,2.0,1,2,0,1,2,2,0,0.3333333333333333,0.0625
Session_ID_934,0,23,9.0,2,1.0,0,0,4,0,3,2,1,0.0,0.125
Session_ID_935,0,7,1.0,0,1.0,0,1,1,0,1,0,1,0.0,0.125
Session_ID_936,0,4,0.0,0,0.0,0,1,0,0,3,0,1,0.0,0.6
Session_ID_937,0,3,0.0,0,1.0,0,1,0,0,1,0,1,0.0,0.25
Session_ID_938,0,12,5.0,0,2.0,0,1,3,0,1,1,1,0.0,0.07692307692307693
Session_ID_939,0,5,0.0,0,2.0,0,0,3,0,0,0,1,0.0,0.0
Session_ID_940,0,10,0.0,0,3.0,0,3,3,0,1,0,1,0.0,0.09090909090909091
Session_ID_941,0,10,1.0,0,0.0,0,0,1,0,4,0,1,0.0,0.36363636363636365
Session_ID_942,0,5,1.0,0,0.0,0,1,1,0,2,0,1,0.0,0.3333333333333333
Session_ID_943,0,5,1.0,0,1.0,0,2,1,0,0,0,1,0.0,0.0
Session_ID_944,1,16,3.0,6,1.0,0,0,1,0,2,2,1,0.0,0.11764705882352941
Session_ID_945,0,1,0.0,0,0.0,0,1,0,0,0,0,1,0.0,0.0
Session_ID_946,1,6,0.0,3,0.0,0,0,0,0,3,0,1,0.0,0.42857142857142855
Session_ID_947,0,13,4.0,0,2.0,0,1,0,1,3,1,1,0.0,0.21428571428571427
Session_ID_948,1,14,8.0,0,0.0,0,0,3,0,3,1,1,0.0,0.2
Session_ID_949,1,22,0.0,0,2.0,0,1,1,0,3,0,1,0.0,0.13043478260869565
Session_ID_950,0,5,1.0,0,1.0,0,2,0,0,0,0,1,0.0,0.0
Session_ID_951,0,24,6.0,3,1.0,0,0,2,0,1,2,1,0.0,0.04
Session_ID_952,0,1,0.0,0,0.0,0,1,0,0,0,0,1,0.0,0.0
Session_ID_953,1,5,1.0,0,0.0,0,1,2,0,1,0,1,0.0,0.16666666666666666
Session_ID_954,0,8,1.0,0,1.0,1,2,1,0,0,0,0,0.3333333333333333,0.0
Session_ID_955,0,16,4.0,5,3.0,0,1,1,0,2,2,1,0.0,0.11764705882352941
Session_ID_956,0,6,2.0,0,1.0,0,1,0,0,2,0,1,0.0,0.2857142857142857
Session_ID_957,0,6,3.0,0,2.0,0,0,0,0,1,1,1,0.0,0.14285714285714285
Session_ID_958,0,8,3.0,0,0.0,0,0,1,0,1,1,1,0.0,0.1111111111111111
Session_ID_959,0,28,7.0,0,1.0,0,1,2,0,1,1,1,0.0,0.034482758620689655
Session_ID_960,1,7,4.0,0,0.0,0,1,1,0,1,1,1,0.0,0.125
Session_ID_961,0,31,0.0,0,1.0,1,0,29,0,0,0,0,1.0,0.0
Session_ID_962,0,6,0.0,0,1.0,0,0,3,0,1,0,1,0.0,0.14285714285714285
Session_ID_963,0,25,3.0,0,1.0,0,3,16,0,1,1,1,0.0,0.038461538461538464
Session_ID_964,0,6,0.0,0,2.0,1,1,1,0,1,0,0,0.5,0.14285714285714285
Session_ID_965,1,3,1.0,1,0.0,0,0,0,0,1,0,1,0.0,0.25
Session_ID_966,1,41,6.0,1,3.0,0,0,0,0,3,1,1,0.0,0.07142857142857142
Session_ID_967,0,6,1.0,0,1.0,0,1,0,1,2,0,1,0.0,0.2857142857142857
Session_ID_968,1,57,2.0,7,0.0,0,1,1,1,6,2,1,0.0,0.10344827586206896
Session_ID_969,1,33,11.0,0,0.0,1,4,5,0,2,1,0,0.2,0.058823529411764705
Session_ID_970,0,12,0.0,0,3.0,0,7,2,0,0,0,1,0.0,0.0
Session_ID_971,1,23,10.0,0,2.0,0,0,3,0,6,1,1,0.0,0.25
Session_ID_972,0,6,2.0,0,0.0,0,1,1,0,2,0,1,0.0,0.2857142857142857
Session_ID_973,0,9,1.0,0,2.0,1,2,0,1,2,0,0,0.3333333333333333,0.2
Session_ID_974,0,12,9.0,0,0.0,0,2,1,0,0,1,1,0.0,0.0
Session_ID_975,0,6,1.0,0,1.0,0,1,1,0,2,0,1,0.0,0.2857142857142857
Session_ID_976,0,11,0.0,0,0.0,0,1,1,0,3,0,1,0.0,0.25
Session_ID_977,1,4,1.0,1,0.0,0,0,1,0,1,0,1,0.0,0.2
Session_ID_978,0,6,1.0,0,0.0,0,2,0,1,2,0,1,0.0,0.2857142857142857
Session_ID_979,0,9,0.0,0,1.0,1,3,4,0,0,0,0,0.25,0.0
Session_ID_980,0,7,2.0,0,1.0,0,1,1,0,2,0,1,0.0,0.25
Session_ID_981,0,9,5.0,0,1.0,0,1,2,0,0,1,1,0.0,0.0
Session_ID_982,0,9,0.0,0,0.0,0,1,1,0,2,0,1,0.0,0.2
Session_ID_983,1,3,1.0,0,0.0,0,1,0,0,0,0,1,0.0,0.0
Session_ID_984,0,8,2.0,0,0.0,1,1,1,1,2,0,0,0.5,0.2222222222222222
Session_ID_985,0,13,2.0,0,8.0,0,0,3,0,0,0,1,0.0,0.0
Session_ID_986,0,6,1.0,0,1.0,0,0,4,0,0,0,1,0.0,0.0
Session_ID_987,1,24,7.0,14,3.0,0,0,0,0,0,2,1,0.0,0.0
Session_ID_988,0,21,0.0,0,0.0,0,3,17,0,1,0,1,0.0,0.045454545454545456
Session_ID_989,0,25,2.0,0,3.0,1,3,0,1,5,0,0,0.25,0.19230769230769232
Session_ID_990,0,4,1.0,0,0.0,0,0,0,0,3,0,1,0.0,0.6
Session_ID_991,1,2,0.0,1,0.0,0,0,0,0,1,0,1,0.0,0.3333333333333333
Session_ID_992,1,5,1.0,0,0.0,0,0,0,0,3,0,1,0.0,0.5
Session_ID_993,0,14,4.0,0,3.0,0,0,7,0,0,1,1,0.0,0.0
Session_ID_994,1,5,2.0,0,0.0,0,0,1,0,2,0,1,0.0,0.3333333333333333
Session_ID_995,1,10,2.0,0,0.0,0,0,0,0,7,0,1,0.0,0.6363636363636364
Session_ID_996,0,17,8.0,0,1.0,0,0,3,0,0,1,1,0.0,0.0
Session_ID_997,1,15,8.0,0,0.0,0,0,2,0,2,1,1,0.0,0.125
Session_ID_998,0,14,3.0,0,4.0,0,1,0,0,6,1,1,0.0,0.4
Session_ID_999,1,8,3.0,0,0.0,0,0,1,0,2,1,1,0.0,0.2222222222222222
Session_ID_1000,1,8,2.0,0,1.0,0,0,4,0,0,0,1,0.0,0.0
Session_ID_1001,0,8,2.0,0,2.0,0,1,1,0,2,0,1,0.0,0.2222222222222222
Session_ID_1002,1,3,1.0,0,0.0,0,0,1,0,1,0,1,0.0,0.25
Session_ID_1003,0,8,2.0,2,0.0,0,0,1,0,3,2,1,0.0,0.3333333333333333
Session_ID_1004,0,18,2.0,0,0.0,0,3,4,0,0,0,1,0.0,0.0
Session_ID_1005,1,13,1.0,0,4.0,0,0,7,0,0,0,1,0.0,0.0
Session_ID_1006,0,14,6.0,0,0.0,1,2,2,0,1,1,0,0.3333333333333333,0.06666666666666667
Session_ID_1007,0,23,0.0,0,1.0,2,3,12,0,2,0,0,0.5,0.08333333333333333
Session_ID_1008,0,1,6.0,2,1.0,0,0,10,0,2,2,1,0.0,1.0
Session_ID_1009,0,5,1.0,0,1.0,0,1,0,0,2,0,1,0.0,0.3333333333333333
Session_ID_1010,1,7,2.0,0,0.0,0,0,1,0,1,0,1,0.0,0.125
Session_ID_1011,0,15,5.0,0,3.0,0,3,2,0,2,1,1,0.0,0.125
Session_ID_1012,0,6,2.0,0,1.0,0,0,1,0,1,0,1,0.0,0.14285714285714285
Session_ID_1013,0,10,1.0,0,1.0,1,1,1,1,2,0,0,0.5,0.18181818181818182
Session_ID_1014,1,30,7.0,7,1.0,0,0,4,0,5,2,1,0.0,0.16129032258064516
Session_ID_1015,0,13,1.0,0,0.0,0,0,1,0,5,0,1,0.0,0.35714285714285715
Session_ID_1016,1,22,4.0,0,0.0,0,0,3,0,7,1,1,0.0,0.30434782608695654
Session_ID_1017,0,6,2.0,0,1.0,0,0,1,0,2,0,1,0.0,0.2857142857142857
Session_ID_1018,0,8,0.0,0,1.0,0,1,6,0,0,0,1,0.0,0.0
Session_ID_1019,0,7,1.0,0,0.0,0,1,5,0,0,0,1,0.0,0.0
Session_ID_1020,1,13,3.0,4,0.0,0,0,1,0,4,2,1,0.0,0.2857142857142857
Session_ID_1021,0,21,1.0,0,1.0,0,2,17,0,0,0,1,0.0,0.0
Session_ID_1022,0,10,0.0,0,2.0,0,2,0,1,2,0,1,0.0,0.18181818181818182
Session_ID_1023,0,5,1.0,0,1.0,0,1,0,0,2,0,1,0.0,0.3333333333333333
Session_ID_1024,0,33,1.0,0,1.0,0,0,24,0,0,0,1,0.0,0.0
Session_ID_1025,0,28,2.0,0,5.0,0,3,11,0,0,0,1,0.0,0.0
Session_ID_1026,1,14,0.0,0,0.0,0,0,1,0,2,0,1,0.0,0.13333333333333333
Session_ID_1027,0,13,0.0,0,1.0,1,1,1,0,1,0,0,0.5,0.07142857142857142
Session_ID_1028,0,9,1.0,0,1.0,1,2,2,1,1,0,0,0.3333333333333333,0.1
Session_ID_1029,0,17,1.0,3,0.0,0,0,6,0,3,2,1,0.0,0.16666666666666666
Session_ID_1030,1,6,1.0,0,1.0,0,0,2,0,0,0,1,0.0,0.0
Session_ID_1031,0,8,2.0,0,0.0,1,1,1,1,1,0,0,0.5,0.1111111111111111
Session_ID_1032,1,11,3.0,3,3.0,0,0,0,0,1,2,1,0.0,0.08333333333333333
Session_ID_1033,0,7,2.0,0,1.0,0,1,1,0,2,0,1,0.0,0.25
Session_ID_1034,1,11,1.0,0,0.0,0,0,1,0,6,0,1,0.0,0.5
Session_ID_1035,1,9,2.0,0,2.0,0,0,1,0,3,0,1,0.0,0.3
Session_ID_1036,1,3,1.0,0,1.0,0,0,1,0,0,0,1,0.0,0.0
Session_ID_1037,0,19,0.0,0,0.0,0,0,0,0,2,0,1,0.0,0.1
Session_ID_1038,0,21,8.0,0,5.0,0,0,6,0,0,1,1,0.0,0.0
Session_ID_1039,0,11,3.0,0,2.0,0,1,1,0,3,1,1,0.0,0.25
Session_ID_1040,0,6,0.0,0,2.0,0,1,2,0,1,0,1,0.0,0.14285714285714285
Session_ID_1041,0,10,1.0,0,2.0,0,1,2,1,3,0,1,0.0,0.2727272727272727
Session_ID_1042,1,15,0.0,0,0.0,0,0,3,0,4,0,1,0.0,0.25
Session_ID_1043,1,11,4.0,0,0.0,0,2,4,0,0,1,1,0.0,0.0
Session_ID_1044,1,2,10.0,0,1.0,0,0,5,0,1,1,1,0.0,0.3333333333333333
Session_ID_1045,1,10,2.0,0,0.0,0,0,1,0,6,0,1,0.0,0.5454545454545454
Session_ID_1046,0,11,5.0,0,1.0,1,1,1,1,1,1,0,0.5,0.08333333333333333
Session_ID_1047,1,3,1.0,0,1.0,0,0,1,0,0,0,1,0.0,0.0
Session_ID_1048,0,4,1.0,0,0.0,0,1,2,0,0,0,1,0.0,0.0
Session_ID_1049,1,6,2.0,0,2.0,0,0,2,0,0,0,1,0.0,0.0
Session_ID_1050,0,37,10.0,6,8.0,0,3,2,1,6,2,1,0.0,0.15789473684210525
Session_ID_1051,1,3,1.0,0,0.0,0,0,0,0,2,0,1,0.0,0.5
Session_ID_1052,0,26,3.0,10,4.0,1,2,0,0,0,2,0,0.3333333333333333,0.0
Session_ID_1053,0,9,4.0,0,1.0,0,1,1,0,2,1,1,0.0,0.2
Session_ID_1054,0,32,0.0,0,1.0,0,1,1,0,2,0,1,0.0,0.06060606060606061
Session_ID_1055,0,16,5.0,0,1.0,1,3,3,1,1,1,0,0.25,0.058823529411764705
Session_ID_1056,0,7,0.0,0,4.0,0,1,1,0,1,0,1,0.0,0.125
Session_ID_1057,0,30,9.0,11,3.0,1,1,2,0,3,2,0,0.5,0.0967741935483871
Session_ID_1058,0,13,4.0,2,0.0,1,1,3,1,1,2,0,0.5,0.07142857142857142
Session_ID_1059,1,44,3.0,35,0.0,0,0,2,0,3,2,1,0.0,0.06666666666666667
Session_ID_1060,0,19,8.0,1,2.0,0,1,1,1,3,1,1,0.0,0.15
Session_ID_1061,0,17,0.0,0,0.0,0,1,4,0,6,0,1,0.0,0.3333333333333333
Session_ID_1062,0,23,6.0,2,4.0,1,1,2,1,4,2,0,0.5,0.16666666666666666
Session_ID_1063,0,30,15.0,3,0.0,1,1,7,1,0,2,0,0.5,0.0
Session_ID_1064,1,5,2.0,0,0.0,0,0,1,0,1,0,1,0.0,0.16666666666666666
Session_ID_1065,0,8,0.0,0,1.0,0,0,1,0,5,0,1,0.0,0.5555555555555556
Session_ID_1066,0,1,3.0,5,2.0,1,1,1,1,4,2,0,0.5,2.0
Session_ID_1067,1,23,15.0,0,3.0,0,0,3,0,1,1,1,0.0,0.041666666666666664
Session_ID_1068,0,33,1.0,0,1.0,0,0,9,0,15,0,1,0.0,0.4411764705882353
Session_ID_1069,0,12,0.0,0,3.0,0,1,7,0,1,0,1,0.0,0.07692307692307693
Session_ID_1070,0,6,1.0,0,0.0,1,1,0,1,2,0,0,0.5,0.2857142857142857
Session_ID_1071,1,16,7.0,4,0.0,0,0,1,0,2,2,1,0.0,0.11764705882352941
Session_ID_1072,0,19,5.0,8,0.0,0,0,4,0,1,2,1,0.0,0.05
Session_ID_1073,1,14,5.0,0,2.0,0,0,1,0,2,1,1,0.0,0.13333333333333333
Session_ID_1074,0,5,1.0,0,1.0,0,1,0,0,2,0,1,0.0,0.3333333333333333
Session_ID_1075,0,2,0.0,0,0.0,0,0,4,0,21,0,1,0.0,7.0
Session_ID_1076,0,20,6.0,0,1.0,0,0,1,0,1,1,1,0.0,0.047619047619047616
Session_ID_1077,0,21,1.0,0,2.0,1,1,1,1,10,0,0,0.5,0.45454545454545453
Session_ID_1078,0,6,1.0,0,1.0,0,1,0,0,3,0,1,0.0,0.42857142857142855
Session_ID_1079,0,6,1.0,0,2.0,0,1,0,0,2,0,1,0.0,0.2857142857142857
Session_ID_1080,0,9,4.0,0,1.0,0,1,1,0,2,1,1,0.0,0.2
Session_ID_1081,1,11,1.0,0,1.0,0,1,0,0,2,0,1,0.0,0.16666666666666666
Session_ID_1082,1,6,2.0,0,1.0,0,0,2,0,0,0,1,0.0,0.0
Session_ID_1083,0,4,0.0,0,1.0,0,1,1,0,1,0,1,0.0,0.2
Session_ID_1084,1,32,10.0,0,1.0,0,0,15,0,1,1,1,0.0,0.030303030303030304
Session_ID_1085,0,43,4.0,6,2.0,0,1,8,1,11,2,1,0.0,0.25
Session_ID_1086,0,18,8.0,0,2.0,0,1,2,0,4,1,1,0.0,0.21052631578947367
Session_ID_1087,0,14,5.0,1,4.0,0,1,1,0,1,1,1,0.0,0.06666666666666667
Session_ID_1088,0,31,9.0,16,0.0,1,1,0,1,3,2,0,0.5,0.09375
Session_ID_1089,0,12,7.0,0,1.0,0,1,1,0,2,1,1,0.0,0.15384615384615385
Session_ID_1090,0,3,1.0,0,1.0,0,0,1,0,0,0,1,0.0,0.0
Session_ID_1091,0,4,0.0,0,1.0,0,1,1,0,1,0,1,0.0,0.2
Session_ID_1092,0,74,3.0,0,13.0,0,3,42,0,0,1,1,0.0,0.0
Session_ID_1093,0,14,6.0,0,3.0,0,1,0,0,3,1,1,0.0,0.2
Session_ID_1094,0,13,7.0,0,2.0,0,1,1,0,2,1,1,0.0,0.14285714285714285
Session_ID_1095,1,36,10.0,0,4.0,1,1,0,0,4,1,0,0.5,0.10810810810810811
Session_ID_1096,1,10,1.0,0,0.0,0,0,0,0,9,0,1,0.0,0.8181818181818182
Session_ID_1097,0,8,3.0,0,1.0,0,1,1,0,2,1,1,0.0,0.2222222222222222
Session_ID_1098,0,11,1.0,0,1.0,0,1,2,0,0,0,1,0.0,0.0
Session_ID_1099,1,11,2.0,0,1.0,0,0,0,0,6,0,1,0.0,0.5
Session_ID_1100,0,9,1.0,0,5.0,0,1,0,0,2,0,1,0.0,0.2
Session_ID_1101,0,7,1.0,0,0.0,0,1,3,0,1,0,1,0.0,0.125
Session_ID_1102,1,5,1.0,0,0.0,0,1,1,0,2,0,1,0.0,0.3333333333333333
Session_ID_1103,0,4,0.0,0,2.0,0,0,0,0,1,0,1,0.0,0.2
Session_ID_1104,0,5,1.0,0,1.0,0,1,0,0,2,0,1,0.0,0.3333333333333333
Session_ID_1105,1,10,5.0,0,1.0,0,0,2,0,2,1,1,0.0,0.18181818181818182
Session_ID_1106,0,10,7.0,0,0.0,0,1,1,0,1,1,1,0.0,0.09090909090909091
Session_ID_1107,1,9,4.0,0,1.0,0,0,1,0,0,1,1,0.0,0.0
Session_ID_1108,1,1,0.0,0,1.0,0,0,3,0,1,0,1,0.0,0.5
Session_ID_1109,0,21,3.0,1,0.0,0,3,4,0,3,1,1,0.0,0.13636363636363635
Session_ID_1110,0,8,2.0,0,1.0,0,1,1,0,3,0,1,0.0,0.3333333333333333
Session_ID_1111,0,41,9.0,11,2.0,0,0,4,0,9,2,1,0.0,0.21428571428571427
Session_ID_1112,1,7,1.0,1,1.0,0,1,0,0,3,0,1,0.0,0.375
Session_ID_1113,0,10,1.0,0,0.0,0,2,5,0,1,0,1,0.0,0.09090909090909091
Session_ID_1114,0,2,0.0,0,1.0,0,0,0,0,1,0,1,0.0,0.3333333333333333
Session_ID_1115,0,12,5.0,0,0.0,0,1,2,0,2,1,1,0.0,0.15384615384615385
Session_ID_1116,0,16,9.0,0,1.0,0,1,2,0,3,1,1,0.0,0.17647058823529413
Session_ID_1117,0,8,0.0,0,3.0,0,1,0,0,4,0,1,0.0,0.4444444444444444
Session_ID_1118,0,17,6.0,0,0.0,0,0,1,0,7,1,1,0.0,0.3888888888888889
Session_ID_1119,0,6,1.0,0,0.0,0,1,1,0,3,0,1,0.0,0.42857142857142855
Session_ID_1120,1,19,4.0,8,1.0,0,0,4,0,2,2,1,0.0,0.1
Session_ID_1121,1,41,22.0,0,3.0,0,3,2,1,5,1,1,0.0,0.11904761904761904
Session_ID_1122,0,1,2.0,0,4.0,0,0,1,0,2,0,1,0.0,1.0
Session_ID_1123,0,31,13.0,0,3.0,1,4,8,0,0,1,0,0.2,0.0
Session_ID_1124,0,11,1.0,0,1.0,0,1,6,0,0,0,1,0.0,0.0
Session_ID_1125,0,22,1.0,0,1.0,0,0,12,0,0,0,1,0.0,0.0
Session_ID_1126,1,9,5.0,0,1.0,0,0,2,0,1,1,1,0.0,0.1
Session_ID_1127,1,19,2.0,0,1.0,0,5,2,0,8,0,1,0.0,0.4
Session_ID_1128,0,8,1.0,0,0.0,1,1,0,1,4,0,0,0.5,0.4444444444444444
Session_ID_1129,1,3,1.0,0,1.0,0,0,1,0,0,0,1,0.0,0.0
Session_ID_1130,1,40,1.0,1,2.0,0,0,1,0,6,0,1,0.0,0.14634146341463414
Session_ID_1131,1,10,4.0,0,0.0,0,0,0,0,4,1,1,0.0,0.36363636363636365
Session_ID_1132,1,35,30.0,0,1.0,0,1,2,0,0,1,1,0.0,0.0
Session_ID_1133,0,5,1.0,0,0.0,0,0,1,0,2,0,1,0.0,0.3333333333333333
Session_ID_1134,0,3,0.0,0,1.0,0,0,2,0,0,0,1,0.0,0.0
Session_ID_1135,1,24,12.0,0,1.0,1,1,1,1,6,1,0,0.5,0.24
Session_ID_1136,0,6,0.0,0,2.0,0,1,2,0,1,0,1,0.0,0.14285714285714285
Session_ID_1137,0,24,9.0,0,3.0,1,1,2,1,5,1,0,0.5,0.2
Session_ID_1138,0,10,1.0,0,0.0,0,0,2,0,4,0,1,0.0,0.36363636363636365
Session_ID_1139,0,1,1.0,0,0.0,0,2,1,0,1,0,1,0.0,0.5
Session_ID_1140,1,8,5.0,0,1.0,0,0,1,0,0,1,1,0.0,0.0
Session_ID_1141,0,8,1.0,0,1.0,0,1,1,0,3,0,1,0.0,0.3333333333333333
Session_ID_1142,0,5,2.0,0,1.0,0,1,1,0,0,0,1,0.0,0.0
Session_ID_1143,1,15,5.0,3,2.0,0,0,1,0,1,2,1,0.0,0.0625
Session_ID_1144,1,70,31.0,12,14.0,0,1,5,0,4,2,1,0.0,0.056338028169014086
Session_ID_1145,0,18,4.0,1,3.0,0,3,2,0,4,1,1,0.0,0.21052631578947367
Session_ID_1146,1,13,3.0,0,1.0,0,1,3,0,5,1,1,0.0,0.35714285714285715
Session_ID_1147,0,15,0.0,0,1.0,0,1,2,0,2,0,1,0.0,0.125
Session_ID_1148,0,7,2.0,0,2.0,0,1,0,0,2,0,1,0.0,0.25
Session_ID_1149,0,14,1.0,0,0.0,0,1,11,0,1,0,1,0.0,0.06666666666666667
Session_ID_1150,0,4,0.0,0,1.0,0,1,1,0,1,0,1,0.0,0.2
Session_ID_1151,1,13,2.0,1,0.0,0,0,2,0,4,0,1,0.0,0.2857142857142857
Session_ID_1152,0,6,0.0,0,0.0,1,2,2,0,0,0,0,0.3333333333333333,0.0
Session_ID_1153,0,13,5.0,0,1.0,0,1,1,0,4,1,1,0.0,0.2857142857142857
Session_ID_1154,0,14,6.0,2,2.0,0,1,1,0,1,2,1,0.0,0.06666666666666667
Session_ID_1155,1,8,4.0,0,0.0,0,1,1,0,1,1,1,0.0,0.1111111111111111
Session_ID_1156,0,6,1.0,0,2.0,0,1,0,0,2,0,1,0.0,0.2857142857142857
Session_ID_1157,0,21,10.0,0,2.0,1,1,1,1,3,1,0,0.5,0.13636363636363635
Session_ID_1158,0,1,14.0,0,8.0,0,4,5,0,25,1,1,0.0,12.5
Session_ID_1159,0,14,2.0,0,2.0,0,1,9,0,0,0,1,0.0,0.0
Session_ID_1160,0,43,24.0,3,3.0,0,2,3,1,5,2,1,0.0,0.11363636363636363
Session_ID_1161,1,11,5.0,0,0.0,0,0,3,0,2,1,1,0.0,0.16666666666666666
Session_ID_1162,1,3,1.0,0,0.0,0,1,0,0,1,0,1,0.0,0.25
Session_ID_1163,0,32,12.0,0,2.0,0,2,15,0,0,1,1,0.0,0.0
Session_ID_1164,1,16,6.0,0,3.0,0,0,6,0,0,1,1,0.0,0.0
Session_ID_1165,0,11,0.0,2,2.0,0,0,1,0,6,0,1,0.0,0.5
Session_ID_1166,0,8,3.0,0,1.0,0,0,0,0,0,1,1,0.0,0.0
Session_ID_1167,1,6,2.0,2,0.0,0,0,1,0,1,2,1,0.0,0.14285714285714285
Session_ID_1168,1,6,2.0,0,0.0,0,1,3,0,0,0,1,0.0,0.0
Session_ID_1169,0,5,1.0,0,1.0,0,1,0,0,2,0,1,0.0,0.3333333333333333
Session_ID_1170,0,29,9.0,3,4.0,2,2,2,0,6,2,0,0.6666666666666666,0.2
Session_ID_1171,0,8,2.0,0,1.0,1,1,1,1,1,0,0,0.5,0.1111111111111111
Session_ID_1172,0,18,10.0,0,2.0,0,1,2,0,2,1,1,0.0,0.10526315789473684
Session_ID_1173,0,10,0.0,0,0.0,1,1,1,0,0,0,0,0.5,0.0
Session_ID_1174,0,7,1.0,0,0.0,1,1,0,1,3,0,1,0.5,0.375
Session_ID_1175,1,9,2.0,2,0.0,0,0,1,0,1,2,1,0.0,0.1
Session_ID_1176,1,20,13.0,1,0.0,0,1,2,0,1,1,1,0.0,0.047619047619047616
Session_ID_1177,1,7,1.0,0,2.0,0,1,0,1,2,0,1,0.0,0.25
Session_ID_1178,0,19,7.0,0,2.0,2,2,1,2,3,1,0,0.6666666666666666,0.15
Session_ID_1179,1,7,4.0,0,0.0,0,0,1,0,0,1,1,0.0,0.0
Session_ID_1180,0,7,3.0,0,1.0,0,1,0,0,2,1,1,0.0,0.25
Session_ID_1181,0,17,8.0,0,1.0,1,1,4,1,1,1,0,0.5,0.05555555555555555
Session_ID_1182,0,14,1.0,0,5.0,0,3,5,0,0,0,1,0.0,0.0
Session_ID_1183,0,8,4.0,0,0.0,0,1,2,0,1,1,1,0.0,0.1111111111111111
Session_ID_1184,1,16,0.0,0,0.0,0,0,1,0,2,0,1,0.0,0.11764705882352941
Session_ID_1185,1,8,0.0,0,0.0,0,0,1,0,2,0,1,0.0,0.2222222222222222
Session_ID_1186,1,20,2.0,10,3.0,0,0,3,0,2,2,1,0.0,0.09523809523809523
Session_ID_1187,0,9,3.0,0,2.0,0,1,1,0,2,1,1,0.0,0.2
Session_ID_1188,0,26,20.0,0,1.0,0,0,1,0,3,1,1,0.0,0.1111111111111111
Session_ID_1189,0,6,0.0,0,3.0,0,1,1,0,1,0,1,0.0,0.14285714285714285
Session_ID_1190,0,32,10.0,9,1.0,1,3,3,1,3,2,0,0.25,0.09090909090909091
Session_ID_1191,1,11,6.0,0,1.0,0,0,3,0,1,1,1,0.0,0.08333333333333333
Session_ID_1192,0,34,12.0,6,5.0,0,3,2,0,2,2,1,0.0,0.05714285714285714
Session_ID_1193,0,14,6.0,0,2.0,0,1,1,0,4,1,1,0.0,0.26666666666666666
Session_ID_1194,0,7,1.0,0,3.0,0,1,1,0,1,0,1,0.0,0.125
Session_ID_1195,0,19,5.0,0,0.0,0,2,9,0,0,1,1,0.0,0.0
Session_ID_1196,1,11,8.0,0,1.0,0,0,1,0,0,1,1,0.0,0.0
Session_ID_1197,0,16,5.0,1,1.0,0,3,3,1,1,1,1,0.0,0.058823529411764705
Session_ID_1198,1,17,7.0,0,3.0,0,1,2,0,3,1,1,0.0,0.16666666666666666
Session_ID_1199,0,9,0.0,0,5.0,0,0,4,0,0,0,1,0.0,0.0
Session_ID_1200,0,8,3.0,0,1.0,0,1,1,0,2,1,1,0.0,0.2222222222222222
Session_ID_1201,0,21,8.0,1,3.0,0,0,5,0,1,1,1,0.0,0.045454545454545456
Session_ID_1202,0,65,0.0,0,0.0,0,1,3,0,0,0,1,0.0,0.0
Session_ID_1203,1,16,0.0,0,0.0,0,0,1,0,2,0,1,0.0,0.11764705882352941
Session_ID_1204,1,28,6.0,8,2.0,0,1,0,0,9,2,1,0.0,0.3103448275862069
Session_ID_1205,1,2,1.0,0,0.0,0,0,0,0,1,0,1,0.0,0.3333333333333333
Session_ID_1206,0,17,2.0,0,1.0,0,2,4,0,6,0,1,0.0,0.3333333333333333
Session_ID_1207,0,3,0.0,0,0.0,0,1,2,0,0,0,1,0.0,0.0
Session_ID_1208,0,3,0.0,0,0.0,0,1,2,0,0,0,1,0.0,0.0
Session_ID_1209,0,6,1.0,0,1.0,0,1,3,0,0,0,1,0.0,0.0
Session_ID_1210,0,10,5.0,0,1.0,0,1,1,0,2,1,1,0.0,0.18181818181818182
Session_ID_1211,1,16,10.0,0,0.0,0,0,2,0,2,1,1,0.0,0.11764705882352941
Session_ID_1212,0,22,3.0,0,0.0,0,0,3,0,11,1,1,0.0,0.4782608695652174
Session_ID_1213,0,4,0.0,0,1.0,0,1,2,0,0,0,1,0.0,0.0
Session_ID_1214,0,11,6.0,0,1.0,0,1,1,0,2,1,1,0.0,0.16666666666666666
Session_ID_1215,0,10,3.0,1,1.0,0,0,1,0,4,1,1,0.0,0.36363636363636365
Session_ID_1216,0,11,6.0,0,0.0,0,1,1,0,2,1,1,0.0,0.16666666666666666
Session_ID_1217,0,14,3.0,1,2.0,0,2,3,0,3,1,1,0.0,0.2
Session_ID_1218,0,34,14.0,11,2.0,1,2,2,1,1,2,0,0.3333333333333333,0.02857142857142857
Session_ID_1219,1,29,1.0,0,0.0,0,0,2,0,10,0,1,0.0,0.3333333333333333
Session_ID_1220,1,17,2.0,6,4.0,0,2,0,0,3,2,1,0.0,0.16666666666666666
Session_ID_1221,0,7,1.0,0,1.0,0,1,3,0,1,0,1,0.0,0.125
Session_ID_1222,0,9,0.0,0,1.0,1,1,1,0,1,0,0,0.5,0.1
Session_ID_1223,0,10,2.0,0,3.0,0,1,1,0,3,0,1,0.0,0.2727272727272727
Session_ID_1224,0,6,1.0,0,2.0,0,1,0,0,2,0,1,0.0,0.2857142857142857
Session_ID_1225,1,36,0.0,0,0.0,0,0,8,0,4,0,1,0.0,0.10810810810810811
Session_ID_1226,1,5,1.0,2,1.0,0,0,0,0,1,0,1,0.0,0.16666666666666666
Session_ID_1227,0,8,0.0,0,0.0,0,1,1,0,2,0,1,0.0,0.2222222222222222
Session_ID_1228,1,5,1.0,1,1.0,0,0,0,0,2,0,1,0.0,0.3333333333333333
Session_ID_1229,1,11,6.0,0,1.0,0,0,2,0,1,1,1,0.0,0.08333333333333333
Session_ID_1230,1,8,4.0,0,1.0,0,0,0,0,3,1,1,0.0,0.3333333333333333
Session_ID_1231,0,14,7.0,2,0.0,1,1,0,1,2,2,0,0.5,0.13333333333333333
Session_ID_1232,0,41,10.0,10,4.0,1,3,3,0,6,2,0,0.25,0.14285714285714285
Session_ID_1233,1,6,0.0,0,0.0,0,0,0,0,0,0,1,0.0,0.0
Session_ID_1234,0,23,8.0,0,4.0,1,1,4,1,1,1,0,0.5,0.041666666666666664
Session_ID_1235,0,6,2.0,1,0.0,0,0,1,0,0,0,1,0.0,0.0
Session_ID_1236,0,30,5.0,1,6.0,1,1,7,1,7,1,0,0.5,0.22580645161290322
Session_ID_1237,0,4,0.0,0,1.0,0,1,1,0,1,0,1,0.0,0.2
Session_ID_1238,0,11,4.0,2,0.0,1,1,1,1,1,2,0,0.5,0.08333333333333333
Session_ID_1239,1,4,1.0,0,0.0,0,1,0,0,1,0,1,0.0,0.2
Session_ID_1240,1,4,1.0,0,0.0,0,0,1,0,2,0,1,0.0,0.4
Session_ID_1241,0,16,12.0,0,1.0,0,0,2,0,1,1,1,0.0,0.058823529411764705
Session_ID_1242,0,8,1.0,0,0.0,0,1,0,0,6,0,1,0.0,0.6666666666666666
Session_ID_1243,1,21,6.0,6,0.0,0,0,2,0,1,2,1,0.0,0.045454545454545456
Session_ID_1244,0,17,1.0,0,5.0,1,4,1,0,4,0,1,0.2,0.2222222222222222
Session_ID_1245,0,23,7.0,4,4.0,0,1,2,1,4,2,1,0.0,0.16666666666666666
Session_ID_1246,1,2,1.0,0,1.0,0,0,0,0,0,0,1,0.0,0.0
Session_ID_1247,0,4,0.0,0,1.0,0,1,1,0,1,0,1,0.0,0.2
Session_ID_1248,0,3,1.0,0,0.0,0,1,1,0,0,0,1,0.0,0.0
Session_ID_1249,0,7,1.0,0,1.0,0,1,1,0,2,0,1,0.0,0.25
Session_ID_1250,0,5,1.0,0,0.0,0,1,0,1,2,0,1,0.0,0.3333333333333333
Session_ID_1251,0,41,10.0,2,6.0,1,1,6,1,11,2,0,0.5,0.2619047619047619
Session_ID_1252,0,28,9.0,2,2.0,1,5,0,1,5,2,0,0.16666666666666666,0.1724137931034483
Session_ID_1253,0,28,17.0,0,3.0,0,1,3,0,4,1,1,0.0,0.13793103448275862
Session_ID_1254,0,2,0.0,0,0.0,0,1,0,0,1,0,1,0.0,0.3333333333333333
Session_ID_1255,1,3,1.0,0,1.0,0,0,1,0,0,0,1,0.0,0.0
Session_ID_1256,0,10,2.0,0,4.0,0,0,1,0,2,0,1,0.0,0.18181818181818182
Session_ID_1257,0,10,0.0,1,0.0,0,0,1,0,4,0,1,0.0,0.36363636363636365
Session_ID_1258,1,11,3.0,1,0.0,0,1,1,1,3,1,1,0.0,0.25
Session_ID_1259,1,13,4.0,2,0.0,0,0,5,0,2,2,1,0.0,0.14285714285714285
Session_ID_1260,0,8,2.0,0,3.0,0,1,0,0,2,0,1,0.0,0.2222222222222222
Session_ID_1261,0,24,10.0,3,4.0,0,2,1,1,2,2,1,0.0,0.08
Session_ID_1262,0,18,5.0,4,2.0,0,3,0,0,4,2,1,0.0,0.21052631578947367
Session_ID_1263,0,7,3.0,0,0.0,0,1,1,0,2,1,1,0.0,0.25
Session_ID_1264,0,6,0.0,0,2.0,0,1,0,0,1,0,1,0.0,0.14285714285714285
Session_ID_1265,0,6,2.0,0,0.0,1,1,1,1,0,0,0,0.5,0.0
Session_ID_1266,0,5,0.0,0,0.0,0,2,3,0,0,0,1,0.0,0.0
Session_ID_1267,0,7,4.0,0,1.0,0,0,2,0,0,1,1,0.0,0.0
Session_ID_1268,1,3,1.0,0,0.0,0,0,0,0,1,0,1,0.0,0.25
Session_ID_1269,0,6,1.0,0,2.0,0,0,1,0,0,0,1,0.0,0.0
Session_ID_1270,0,10,0.0,0,2.0,0,1,0,0,3,0,1,0.0,0.2727272727272727
Session_ID_1271,0,20,0.0,0,0.0,0,0,4,0,2,0,1,0.0,0.09523809523809523
Session_ID_1272,1,4,0.0,0,1.0,1,1,0,0,1,0,0,0.5,0.2
Session_ID_1273,0,8,2.0,0,3.0,0,1,0,0,2,0,1,0.0,0.2222222222222222
Session_ID_1274,1,5,0.0,0,1.0,0,0,0,0,1,0,1,0.0,0.16666666666666666
Session_ID_1275,0,5,1.0,0,1.0,0,1,0,0,2,0,1,0.0,0.3333333333333333
Session_ID_1276,0,12,4.0,0,2.0,0,2,1,0,3,1,1,0.0,0.23076923076923078
Session_ID_1277,1,27,4.0,11,1.0,0,1,3,1,4,2,1,0.0,0.14285714285714285
Session_ID_1278,1,3,1.0,0,0.0,0,0,1,0,1,0,1,0.0,0.25
Session_ID_1279,0,2,0.0,0,0.0,0,1,1,0,0,0,1,0.0,0.0
Session_ID_1280,0,29,7.0,0,2.0,1,3,10,0,0,1,0,0.25,0.0
Session_ID_1281,0,31,6.0,0,6.0,1,1,4,1,6,1,0,0.5,0.1875
Session_ID_1282,1,30,7.0,0,1.0,0,0,13,0,0,1,1,0.0,0.0
Session_ID_1283,0,10,4.0,0,0.0,0,1,3,0,1,1,1,0.0,0.09090909090909091
Session_ID_1284,0,9,0.0,0,2.0,0,2,4,0,1,0,1,0.0,0.1
Session_ID_1285,0,6,3.0,0,0.0,0,0,1,0,1,1,1,0.0,0.14285714285714285
Session_ID_1286,0,17,2.0,0,2.0,1,2,9,0,0,0,0,0.3333333333333333,0.0
Session_ID_1287,0,5,1.0,0,1.0,0,1,0,0,2,0,1,0.0,0.3333333333333333
Session_ID_1288,0,54,3.0,0,2.0,1,1,0,1,1,1,0,0.5,0.01818181818181818
Session_ID_1289,0,17,1.0,1,4.0,0,3,0,0,7,0,1,0.0,0.3888888888888889
Session_ID_1290,0,5,0.0,0,1.0,0,1,0,0,2,0,1,0.0,0.3333333333333333
Session_ID_1291,0,7,0.0,0,3.0,0,2,2,0,0,0,1,0.0,0.0
Session_ID_1292,1,21,4.0,4,0.0,0,1,0,0,10,2,1,0.0,0.45454545454545453
Session_ID_1293,1,3,1.0,0,1.0,0,0,1,0,0,0,1,0.0,0.0
Session_ID_1294,0,3,1.0,0,1.0,0,0,0,0,0,0,1,0.0,0.0
Session_ID_1295,1,3,1.0,0,1.0,0,0,1,0,0,0,1,0.0,0.0
Session_ID_1296,0,22,3.0,0,8.0,1,5,4,0,0,1,0,0.16666666666666666,0.0
Session_ID_1297,1,13,5.0,2,0.0,0,0,1,0,3,2,1,0.0,0.21428571428571427
Session_ID_1298,0,11,0.0,0,3.0,0,2,1,0,2,0,1,0.0,0.16666666666666666
Session_ID_1299,1,9,4.0,0,0.0,0,1,2,0,1,1,1,0.0,0.1
Session_ID_1300,1,49,42.0,0,1.0,0,0,1,0,2,1,1,0.0,0.04
Session_ID_1301,0,13,3.0,0,2.0,0,0,4,0,4,1,1,0.0,0.2857142857142857
Session_ID_1302,1,9,5.0,0,0.0,0,1,2,0,1,1,1,0.0,0.1
Session_ID_1303,0,29,7.0,0,1.0,1,0,4,0,0,1,0,1.0,0.0
Session_ID_1304,0,2,0.0,0,1.0,0,0,0,0,0,0,1,0.0,0.0
Session_ID_1305,1,3,1.0,0,0.0,0,0,1,0,0,0,1,0.0,0.0
Session_ID_1306,1,5,1.0,1,0.0,0,0,1,0,1,0,1,0.0,0.16666666666666666
Session_ID_1307,1,22,6.0,1,4.0,0,3,2,1,1,1,1,0.0,0.043478260869565216
Session_ID_1308,0,5,0.0,0,3.0,0,0,0,0,2,0,1,0.0,0.3333333333333333
Session_ID_1309,0,33,2.0,0,2.0,0,3,13,0,0,0,1,0.0,0.0
Session_ID_1310,1,14,6.0,0,1.0,1,2,3,0,0,1,0,0.3333333333333333,0.0
Session_ID_1311,0,4,0.0,0,1.0,0,1,0,0,2,0,1,0.0,0.4
Session_ID_1312,0,6,2.0,0,0.0,0,0,3,0,0,0,1,0.0,0.0
Session_ID_1313,0,13,3.0,0,0.0,1,1,1,1,1,1,1,0.5,0.07142857142857142
Session_ID_1314,0,10,0.0,0,1.0,0,0,0,0,4,0,1,0.0,0.36363636363636365
Session_ID_1315,0,20,6.0,8,2.0,0,2,1,0,1,2,1,0.0,0.047619047619047616
Session_ID_1316,0,15,1.0,0,1.0,1,1,0,0,11,0,0,0.5,0.6875
Session_ID_1317,0,6,0.0,0,1.0,0,1,1,0,2,0,1,0.0,0.2857142857142857
Session_ID_1318,1,7,5.0,0,1.0,0,0,0,0,1,1,1,0.0,0.125
Session_ID_1319,0,5,0.0,0,2.0,0,1,0,0,2,0,1,0.0,0.3333333333333333
Session_ID_1320,0,11,2.0,0,4.0,0,2,0,0,3,0,1,0.0,0.25
Session_ID_1321,0,8,2.0,0,2.0,0,1,1,0,2,0,1,0.0,0.2222222222222222
Session_ID_1322,0,1,0.0,0,0.0,0,1,0,0,0,0,1,0.0,0.0
Session_ID_1323,1,25,15.0,0,2.0,0,2,2,0,4,1,1,0.0,0.15384615384615385
Session_ID_1324,0,9,0.0,0,1.0,0,1,2,0,4,0,1,0.0,0.4
Session_ID_1325,0,7,1.0,0,3.0,0,1,0,0,2,0,1,0.0,0.25
Session_ID_1326,1,8,2.0,0,0.0,0,0,3,0,1,0,1,0.0,0.1111111111111111
Session_ID_1327,0,14,6.0,0,0.0,0,1,6,0,1,1,1,0.0,0.06666666666666667
Session_ID_1328,0,11,3.0,0,1.0,0,3,1,0,3,1,1,0.0,0.25
Session_ID_1329,1,7,0.0,0,1.0,0,1,0,0,2,0,1,0.0,0.25
Session_ID_1330,0,7,1.0,0,0.0,0,2,4,0,0,0,1,0.0,0.0
Session_ID_1331,0,20,0.0,0,3.0,0,1,2,0,4,0,1,0.0,0.19047619047619047
Session_ID_1332,0,7,1.0,3,2.0,0,0,0,0,1,2,1,0.0,0.125
Session_ID_1333,1,21,7.0,0,1.0,0,0,8,0,2,1,1,0.0,0.09090909090909091
Session_ID_1334,0,10,1.0,0,2.0,1,1,5,0,0,0,0,0.5,0.0
Session_ID_1335,0,11,0.0,0,0.0,1,1,0,0,3,0,0,0.5,0.25
Session_ID_1336,0,31,6.0,2,8.0,0,3,3,0,4,2,1,0.0,0.125
Session_ID_1337,0,19,2.0,0,2.0,0,0,6,0,0,0,1,0.0,0.0
Session_ID_1338,0,5,1.0,0,1.0,0,1,0,0,2,0,1,0.0,0.3333333333333333
Session_ID_1339,0,5,0.0,1,0.0,0,0,2,0,1,0,1,0.0,0.16666666666666666
Session_ID_1340,0,6,0.0,0,2.0,0,2,2,0,0,0,1,0.0,0.0
Session_ID_1341,0,10,3.0,1,1.0,1,1,1,1,1,1,0,0.5,0.09090909090909091
Session_ID_1342,0,8,1.0,0,0.0,0,3,3,0,1,0,1,0.0,0.1111111111111111
Session_ID_1343,0,53,3.0,0,4.0,2,6,37,0,0,1,0,0.2857142857142857,0.0
Session_ID_1344,0,7,2.0,0,2.0,0,1,0,0,2,0,1,0.0,0.25
Session_ID_1345,0,47,0.0,0,2.0,0,1,1,0,4,0,1,0.0,0.08333333333333333
Session_ID_1346,0,2,10.0,0,5.0,0,1,3,1,9,1,1,0.0,3.0
Session_ID_1347,0,18,1.0,0,2.0,0,1,7,0,0,0,1,0.0,0.0
Session_ID_1348,0,13,4.0,0,2.0,0,1,3,0,3,1,1,0.0,0.21428571428571427
Session_ID_1349,0,5,2.0,0,0.0,0,0,1,0,2,0,1,0.0,0.3333333333333333
Session_ID_1350,0,1,4.0,4,2.0,0,3,1,0,2,2,1,0.0,1.0
Session_ID_1351,0,13,0.0,0,1.0,0,1,2,0,1,0,1,0.0,0.07142857142857142
Session_ID_1352,0,5,1.0,0,1.0,0,1,0,0,2,0,1,0.0,0.3333333333333333
Session_ID_1353,0,33,0.0,0,2.0,0,0,16,0,0,0,1,0.0,0.0
Session_ID_1354,0,12,0.0,0,1.0,0,1,1,0,2,0,1,0.0,0.15384615384615385
Session_ID_1355,0,5,1.0,0,1.0,0,1,0,0,2,0,1,0.0,0.3333333333333333
Session_ID_1356,0,15,2.0,0,3.0,1,2,1,1,3,0,0,0.3333333333333333,0.1875
Session_ID_1357,0,5,1.0,0,1.0,0,1,0,0,2,0,1,0.0,0.3333333333333333
Session_ID_1358,0,18,10.0,2,0.0,1,1,1,0,2,2,0,0.5,0.10526315789473684
Session_ID_1359,1,22,3.0,2,1.0,0,0,0,0,0,2,1,0.0,0.0
Session_ID_1360,0,15,0.0,0,1.0,0,0,2,0,12,0,1,0.0,0.75
Session_ID_1361,1,2,0.0,0,0.0,1,1,0,0,0,0,0,0.5,0.0
Session_ID_1362,0,11,2.0,2,3.0,1,1,0,0,2,2,0,0.5,0.16666666666666666
Session_ID_1363,0,15,9.0,0,1.0,0,0,2,0,1,1,1,0.0,0.0625
Session_ID_1364,0,9,4.0,0,1.0,0,1,1,0,2,1,1,0.0,0.2
Session_ID_1365,0,8,3.0,0,1.0,0,1,1,0,2,1,1,0.0,0.2222222222222222
Session_ID_1366,0,24,7.0,4,3.0,0,0,1,0,7,2,1,0.0,0.28
Session_ID_1367,0,10,2.0,0,2.0,0,2,0,0,4,0,1,0.0,0.36363636363636365
Session_ID_1368,0,8,1.0,0,1.0,1,1,1,1,1,0,0,0.5,0.1111111111111111
Session_ID_1369,0,11,3.0,0,0.0,0,1,4,0,1,1,1,0.0,0.08333333333333333
Session_ID_1370,0,8,1.0,0,0.0,0,0,3,0,2,0,1,0.0,0.2222222222222222
Session_ID_1371,0,7,3.0,1,0.0,1,1,1,0,0,1,0,0.5,0.0
Session_ID_1372,1,9,6.0,0,0.0,0,1,1,0,1,1,1,0.0,0.1
Session_ID_1373,0,8,1.0,0,0.0,0,1,1,1,4,0,1,0.0,0.4444444444444444
Session_ID_1374,0,19,3.0,0,9.0,0,3,0,0,4,1,1,0.0,0.2
Session_ID_1375,1,6,3.0,0,0.0,0,0,1,0,1,1,1,0.0,0.14285714285714285
Session_ID_1376,1,25,0.0,0,4.0,0,0,3,0,3,0,1,0.0,0.11538461538461539
Session_ID_1377,0,5,0.0,0,1.0,1,1,1,0,1,0,0,0.5,0.16666666666666666
Session_ID_1378,0,17,2.0,6,2.0,0,0,3,0,2,2,1,0.0,0.1111111111111111
Session_ID_1379,0,7,3.0,0,0.0,1,1,0,1,0,1,0,0.5,0.0
Session_ID_1380,0,12,3.0,0,2.0,0,1,3,0,3,1,1,0.0,0.23076923076923078
Session_ID_1381,0,11,5.0,0,1.0,1,1,1,1,0,1,1,0.5,0.0
Session_ID_1382,0,17,6.0,0,2.0,0,0,5,0,2,1,1,0.0,0.1111111111111111
Session_ID_1383,1,3,1.0,0,1.0,0,0,0,0,0,0,1,0.0,0.0
Session_ID_1384,0,13,3.0,0,2.0,0,0,2,0,3,1,1,0.0,0.21428571428571427
Session_ID_1385,0,9,3.0,0,1.0,0,1,1,0,2,1,1,0.0,0.2
Session_ID_1386,0,12,4.0,1,0.0,2,1,1,1,1,1,1,1.0,0.07692307692307693
Session_ID_1387,0,4,0.0,0,1.0,0,1,2,0,0,0,1,0.0,0.0
Session_ID_1388,0,6,1.0,0,1.0,0,1,0,1,2,0,1,0.0,0.2857142857142857
Session_ID_1389,0,4,0.0,0,1.0,0,1,2,0,0,0,1,0.0,0.0
Session_ID_1390,1,3,0.0,0,1.0,0,0,1,0,0,0,1,0.0,0.0
Session_ID_1391,0,8,3.0,0,1.0,0,0,2,0,2,1,1,0.0,0.2222222222222222
Session_ID_1392,0,12,1.0,0,1.0,1,2,4,0,2,0,0,0.3333333333333333,0.15384615384615385
Session_ID_1393,0,6,2.0,1,2.0,0,0,0,0,1,0,1,0.0,0.14285714285714285
Session_ID_1394,1,11,9.0,0,0.0,0,0,1,0,0,1,1,0.0,0.0
Session_ID_1395,1,5,1.0,0,1.0,0,1,0,0,2,0,1,0.0,0.3333333333333333
Session_ID_1396,1,5,1.0,0,0.0,0,2,1,0,0,0,1,0.0,0.0
Session_ID_1397,0,21,14.0,0,2.0,0,1,3,0,1,1,1,0.0,0.045454545454545456
Session_ID_1398,1,4,1.0,0,2.0,0,0,0,0,1,0,1,0.0,0.2
Session_ID_1399,1,22,3.0,8,0.0,0,0,2,0,4,2,1,0.0,0.17391304347826086
Session_ID_1400,0,11,2.0,0,3.0,0,1,3,0,2,0,1,0.0,0.16666666666666666
Session_ID_1401,0,9,3.0,0,0.0,1,1,1,1,1,1,0,0.5,0.1
Session_ID_1402,0,14,7.0,0,0.0,0,0,3,0,2,1,1,0.0,0.13333333333333333
Session_ID_1403,0,10,1.0,0,1.0,0,0,4,0,2,0,1,0.0,0.18181818181818182
Session_ID_1404,0,16,10.0,0,0.0,0,1,1,0,3,1,1,0.0,0.17647058823529413
Session_ID_1405,0,38,9.0,5,8.0,0,3,2,1,6,2,1,0.0,0.15384615384615385
Session_ID_1406,0,14,0.0,0,2.0,0,1,5,0,1,0,1,0.0,0.06666666666666667
Session_ID_1407,1,6,1.0,0,0.0,0,1,2,0,0,0,1,0.0,0.0
Session_ID_1408,1,7,1.0,0,0.0,0,0,3,0,2,0,1,0.0,0.25
Session_ID_1409,0,1,0.0,0,1.0,0,0,0,0,0,0,1,0.0,0.0
Session_ID_1410,1,6,0.0,0,0.0,0,0,1,0,1,0,1,0.0,0.14285714285714285
Session_ID_1411,1,14,5.0,4,1.0,0,0,1,0,3,2,1,0.0,0.2
Session_ID_1412,0,21,11.0,2,4.0,0,1,1,0,0,2,1,0.0,0.0
Session_ID_1413,0,2,0.0,0,1.0,0,0,1,0,0,0,1,0.0,0.0
Session_ID_1414,1,15,8.0,0,2.0,0,0,2,0,1,1,1,0.0,0.0625
Session_ID_1415,0,19,9.0,1,2.0,1,2,1,1,2,1,0,0.3333333333333333,0.1
Session_ID_1416,0,2,0.0,0,0.0,0,1,0,0,1,0,1,0.0,0.3333333333333333
Session_ID_1417,1,41,13.0,0,5.0,0,1,1,0,6,1,1,0.0,0.14285714285714285
Session_ID_1418,1,20,4.0,2,5.0,1,1,0,1,5,2,0,0.5,0.23809523809523808
Session_ID_1419,0,8,1.0,0,0.0,0,2,2,1,1,0,1,0.0,0.1111111111111111
Session_ID_1420,0,9,1.0,0,0.0,0,0,3,0,3,0,1,0.0,0.3
Session_ID_1421,0,6,1.0,1,2.0,0,1,0,0,1,0,1,0.0,0.14285714285714285
Session_ID_1422,0,14,3.0,0,1.0,0,4,1,1,4,1,1,0.0,0.26666666666666666
Session_ID_1423,0,5,1.0,0,0.0,1,1,0,1,1,0,0,0.5,0.16666666666666666
Session_ID_1424,0,8,5.0,1,1.0,0,0,0,0,1,1,1,0.0,0.1111111111111111
Session_ID_1425,0,11,4.0,0,1.0,1,1,2,1,1,1,0,0.5,0.08333333333333333
Session_ID_1426,1,16,8.0,0,0.0,0,1,3,0,3,1,1,0.0,0.17647058823529413
Session_ID_1427,0,28,6.0,7,3.0,1,1,5,0,0,2,0,0.5,0.0
Session_ID_1428,0,51,4.0,0,9.0,3,6,0,1,7,1,0,0.42857142857142855,0.1346153846153846
Session_ID_1429,0,6,0.0,0,0.0,0,3,1,0,2,0,1,0.0,0.2857142857142857
Session_ID_1430,1,5,1.0,0,0.0,0,0,1,0,1,0,1,0.0,0.16666666666666666
Session_ID_1431,0,11,1.0,0,0.0,0,2,0,1,7,0,1,0.0,0.5833333333333334
Session_ID_1432,0,1,5.0,0,2.0,0,0,4,0,0,1,1,0.0,0.0
Session_ID_1433,0,31,17.0,0,5.0,0,0,7,0,1,1,1,0.0,0.03125
Session_ID_1434,0,12,1.0,0,2.0,0,3,4,0,0,0,1,0.0,0.0
Session_ID_1435,0,20,13.0,0,2.0,0,1,1,0,2,1,1,0.0,0.09523809523809523
Session_ID_1436,0,7,1.0,0,2.0,0,0,4,0,0,0,1,0.0,0.0
Session_ID_1437,1,10,7.0,0,0.0,0,0,1,0,1,1,1,0.0,0.09090909090909091
Session_ID_1438,0,16,8.0,1,0.0,0,1,2,1,2,1,1,0.0,0.11764705882352941
Session_ID_1439,0,9,4.0,0,1.0,0,1,0,0,3,1,1,0.0,0.3
Session_ID_1440,1,12,3.0,0,0.0,0,1,4,0,1,1,1,0.0,0.07692307692307693
Session_ID_1441,0,28,1.0,0,0.0,0,0,4,0,15,0,1,0.0,0.5172413793103449
Session_ID_1442,0,8,2.0,0,3.0,0,1,0,1,1,0,1,0.0,0.1111111111111111
Session_ID_1443,0,6,1.0,0,2.0,0,1,0,0,2,0,1,0.0,0.2857142857142857
Session_ID_1444,0,16,5.0,0,2.0,1,3,4,0,1,1,0,0.25,0.058823529411764705
Session_ID_1445,0,15,0.0,0,0.0,0,1,0,0,6,0,1,0.0,0.375
Session_ID_1446,0,12,6.0,0,2.0,0,0,3,0,1,1,1,0.0,0.07692307692307693
Session_ID_1447,0,73,4.0,0,5.0,0,3,6,0,11,1,1,0.0,0.14864864864864866
Session_ID_1448,0,50,6.0,28,7.0,0,0,2,0,4,2,1,0.0,0.0784313725490196
Session_ID_1449,0,2,0.0,0,1.0,0,1,0,0,0,0,1,0.0,0.0
Session_ID_1450,1,14,8.0,0,2.0,0,0,2,0,1,1,1,0.0,0.06666666666666667
Session_ID_1451,0,1,3.0,0,2.0,0,0,1,0,1,1,1,0.0,0.5
Session_ID_1452,0,5,1.0,0,0.0,0,1,1,0,2,0,1,0.0,0.3333333333333333
Session_ID_1453,0,5,0.0,0,2.0,0,0,0,0,2,0,1,0.0,0.3333333333333333
Session_ID_1454,1,13,3.0,0,0.0,0,0,1,0,9,1,1,0.0,0.6428571428571429
Session_ID_1455,0,7,1.0,0,0.0,0,0,2,0,1,0,1,0.0,0.125
Session_ID_1456,0,19,3.0,0,0.0,0,3,0,0,10,1,1,0.0,0.5
Session_ID_1457,0,60,0.0,0,12.0,0,1,36,0,0,0,1,0.0,0.0
Session_ID_1458,1,8,0.0,0,1.0,0,1,1,0,2,0,1,0.0,0.2222222222222222
Session_ID_1459,1,4,1.0,0,0.0,0,0,2,0,1,0,1,0.0,0.2
Session_ID_1460,0,7,2.0,0,0.0,1,1,1,1,1,0,0,0.5,0.125
Session_ID_1461,0,5,2.0,0,2.0,0,0,0,0,1,0,1,0.0,0.16666666666666666
Session_ID_1462,0,34,2.0,0,4.0,4,8,14,0,2,0,0,0.4444444444444444,0.05714285714285714
Session_ID_1463,0,21,6.0,0,3.0,1,2,1,0,6,1,1,0.3333333333333333,0.2727272727272727
Session_ID_1464,1,6,1.0,0,0.0,0,0,4,0,0,0,1,0.0,0.0
Session_ID_1465,0,6,0.0,0,1.0,0,0,2,0,1,0,1,0.0,0.14285714285714285
Session_ID_1466,0,4,0.0,0,1.0,0,1,0,0,2,0,1,0.0,0.4
Session_ID_1467,1,2,1.0,0,0.0,0,0,0,0,0,0,1,0.0,0.0
Session_ID_1468,0,10,4.0,0,1.0,0,1,2,0,2,1,1,0.0,0.18181818181818182
Session_ID_1469,1,19,10.0,1,1.0,0,0,1,0,4,1,1,0.0,0.2
Session_ID_1470,0,10,4.0,0,2.0,0,0,2,0,2,1,1,0.0,0.18181818181818182
Session_ID_1471,0,10,4.0,1,0.0,1,1,1,0,0,1,0,0.5,0.0
Session_ID_1472,1,24,6.0,2,10.0,0,0,2,0,4,2,1,0.0,0.16
Session_ID_1473,0,45,9.0,0,0.0,0,1,3,0,7,1,1,0.0,0.15217391304347827
Session_ID_1474,0,17,5.0,3,3.0,0,0,0,0,5,2,1,0.0,0.2777777777777778
Session_ID_1475,1,15,11.0,0,0.0,0,0,1,0,2,1,1,0.0,0.125
Session_ID_1476,0,9,2.0,0,1.0,1,1,1,1,0,0,0,0.5,0.0
Session_ID_1477,0,7,1.0,0,1.0,0,1,0,0,3,0,1,0.0,0.375
Session_ID_1478,1,19,4.0,0,1.0,0,0,10,0,0,1,1,0.0,0.0
Session_ID_1479,0,10,1.0,0,6.0,0,1,2,0,0,0,1,0.0,0.0
Session_ID_1480,1,4,1.0,0,0.0,0,0,1,0,1,0,1,0.0,0.2
Session_ID_1481,1,6,1.0,0,0.0,0,0,1,0,2,0,1,0.0,0.2857142857142857
Session_ID_1482,0,17,1.0,0,4.0,0,3,0,1,7,0,1,0.0,0.3888888888888889
Session_ID_1483,0,6,1.0,0,0.0,0,1,1,1,2,0,1,0.0,0.2857142857142857
Session_ID_1484,0,2,12.0,0,3.0,0,2,1,1,1,1,1,0.0,0.3333333333333333
Session_ID_1485,1,8,2.0,0,0.0,1,2,2,0,1,0,0,0.3333333333333333,0.1111111111111111
Session_ID_1486,0,10,0.0,0,0.0,0,1,7,0,2,0,1,0.0,0.18181818181818182
Session_ID_1487,1,8,1.0,0,1.0,0,0,1,0,4,0,1,0.0,0.4444444444444444
Session_ID_1488,1,11,4.0,0,2.0,0,0,3,0,1,1,1,0.0,0.08333333333333333
Session_ID_1489,0,30,22.0,0,2.0,1,1,3,0,0,1,0,0.5,0.0
Session_ID_1490,1,10,6.0,0,1.0,0,0,1,0,2,1,1,0.0,0.18181818181818182
Session_ID_1491,1,16,4.0,0,1.0,0,0,4,0,2,1,1,0.0,0.11764705882352941
Session_ID_1492,1,4,0.0,0,0.0,0,0,1,0,1,0,1,0.0,0.2
Session_ID_1493,0,9,4.0,0,1.0,0,1,2,0,1,1,1,0.0,0.1
Session_ID_1494,0,6,0.0,0,0.0,1,2,1,0,0,0,0,0.3333333333333333,0.0
Session_ID_1495,1,3,1.0,1,0.0,0,0,0,0,1,0,1,0.0,0.25
Session_ID_1496,1,3,1.0,0,0.0,0,0,1,0,1,0,1,0.0,0.25
Session_ID_1497,1,6,2.0,1,0.0,0,1,0,0,2,0,1,0.0,0.2857142857142857
Session_ID_1498,0,8,1.0,0,3.0,0,1,0,1,2,0,1,0.0,0.2222222222222222
Session_ID_1499,1,5,1.0,0,2.0,0,1,0,0,1,0,1,0.0,0.16666666666666666
Session_ID_1500,0,15,0.0,0,3.0,1,1,1,0,2,0,0,0.5,0.125
Session_ID_1501,1,37,12.0,12,3.0,0,4,0,1,5,2,1,0.0,0.13157894736842105
Session_ID_1502,1,6,1.0,0,1.0,0,1,1,1,1,0,1,0.0,0.14285714285714285
Session_ID_1503,0,12,2.0,0,0.0,0,1,1,1,3,0,1,0.0,0.23076923076923078
Session_ID_1504,0,9,2.0,0,1.0,0,1,3,0,1,0,1,0.0,0.1
Session_ID_1505,0,12,3.0,0,4.0,0,0,3,0,2,1,1,0.0,0.15384615384615385
Session_ID_1506,1,10,5.0,0,0.0,0,0,1,0,3,1,1,0.0,0.2727272727272727
Session_ID_1507,0,8,1.0,0,1.0,0,2,1,2,1,0,1,0.0,0.1111111111111111
Session_ID_1508,0,7,2.0,0,1.0,0,1,2,0,1,0,1,0.0,0.125
Session_ID_1509,0,15,5.0,1,3.0,0,1,1,0,3,1,1,0.0,0.1875
Session_ID_1510,1,41,10.0,10,2.0,0,0,12,0,3,2,1,0.0,0.07142857142857142
Session_ID_1511,1,10,6.0,1,0.0,0,1,1,0,1,1,1,0.0,0.09090909090909091
Session_ID_1512,1,5,2.0,0,0.0,0,0,0,0,2,0,1,0.0,0.3333333333333333
Session_ID_1513,1,10,4.0,0,0.0,0,2,1,0,1,1,1,0.0,0.09090909090909091
Session_ID_1514,1,16,0.0,1,1.0,0,0,1,0,1,0,1,0.0,0.058823529411764705
Session_ID_1515,0,8,0.0,0,1.0,0,1,1,0,2,0,1,0.0,0.2222222222222222
Session_ID_1516,0,9,2.0,1,3.0,0,1,0,0,2,0,1,0.0,0.2
Session_ID_1517,1,6,2.0,0,2.0,0,0,2,0,0,0,1,0.0,0.0
Session_ID_1518,0,9,1.0,0,3.0,0,2,0,0,3,0,1,0.0,0.3
Session_ID_1519,0,5,1.0,0,1.0,0,1,0,0,2,0,1,0.0,0.3333333333333333
Session_ID_1520,0,5,1.0,0,1.0,0,1,0,0,2,0,1,0.0,0.3333333333333333
Session_ID_1521,0,21,13.0,1,2.0,1,2,1,0,0,1,0,0.3333333333333333,0.0
Session_ID_1522,0,17,1.0,0,0.0,0,0,4,0,7,0,1,0.0,0.3888888888888889
Session_ID_1523,1,5,1.0,0,0.0,1,1,1,1,0,0,0,0.5,0.0
Session_ID_1524,0,6,1.0,0,1.0,0,1,1,0,2,0,1,0.0,0.2857142857142857
Session_ID_1525,0,20,0.0,0,2.0,1,3,2,0,3,0,0,0.25,0.14285714285714285
Session_ID_1526,0,17,0.0,0,0.0,0,0,3,0,1,0,1,0.0,0.05555555555555555
Session_ID_1527,0,6,0.0,0,2.0,1,1,2,0,0,0,0,0.5,0.0
Session_ID_1528,0,30,10.0,3,4.0,0,1,2,0,8,2,1,0.0,0.25806451612903225
Session_ID_1529,1,10,6.0,1,0.0,0,0,1,0,1,1,1,0.0,0.09090909090909091
Session_ID_1530,0,14,2.0,1,1.0,0,2,2,0,5,0,1,0.0,0.3333333333333333
Session_ID_1531,1,5,1.0,0,0.0,0,1,0,1,2,0,1,0.0,0.3333333333333333
Session_ID_1532,0,19,7.0,0,0.0,0,1,4,0,2,1,1,0.0,0.1
Session_ID_1533,0,1,18.0,0,5.0,0,1,2,1,2,1,1,0.0,1.0
Session_ID_1534,0,15,7.0,1,2.0,0,1,2,0,2,1,1,0.0,0.125
Session_ID_1535,0,17,5.0,0,5.0,0,1,3,1,2,1,1,0.0,0.1111111111111111
Session_ID_1536,1,6,1.0,0,0.0,0,3,2,0,0,0,1,0.0,0.0
Session_ID_1537,0,6,0.0,0,1.0,1,1,2,0,1,0,0,0.5,0.14285714285714285
Session_ID_1538,0,291,225.0,3,4.0,0,14,15,0,30,2,1,0.0,0.10273972602739725
Session_ID_1539,0,4,0.0,0,1.0,0,1,0,0,2,0,1,0.0,0.4
Session_ID_1540,1,13,7.0,0,0.0,0,0,3,0,3,1,1,0.0,0.21428571428571427
Session_ID_1541,1,22,8.0,10,2.0,0,0,1,0,1,2,1,0.0,0.043478260869565216
Session_ID_1542,1,31,1.0,0,1.0,0,0,22,0,2,0,1,0.0,0.0625
Session_ID_1543,1,17,0.0,0,0.0,0,0,0,0,1,0,1,0.0,0.05555555555555555
Session_ID_1544,0,5,1.0,0,1.0,0,1,0,0,2,0,1,0.0,0.3333333333333333
Session_ID_1545,0,14,2.0,0,1.0,1,2,1,1,6,0,0,0.3333333333333333,0.4
Session_ID_1546,0,5,0.0,0,1.0,0,1,0,0,1,0,1,0.0,0.16666666666666666
Session_ID_1547,0,13,5.0,0,1.0,0,1,2,0,4,1,1,0.0,0.2857142857142857
Session_ID_1548,0,13,7.0,0,2.0,0,1,1,0,2,1,1,0.0,0.14285714285714285
Session_ID_1549,0,11,2.0,1,3.0,1,1,0,0,3,0,0,0.5,0.25
Session_ID_1550,0,51,0.0,0,8.0,0,0,5,0,4,0,1,0.0,0.07692307692307693
Session_ID_1551,0,11,5.0,0,1.0,1,1,1,1,1,1,0,0.5,0.08333333333333333
Session_ID_1552,0,14,2.0,0,4.0,1,3,0,1,3,0,0,0.25,0.2
Session_ID_1553,0,26,0.0,0,2.0,0,1,3,0,6,0,1,0.0,0.2222222222222222
Session_ID_1554,1,12,2.0,0,3.0,0,3,0,1,3,0,1,0.0,0.23076923076923078
Session_ID_1555,1,13,6.0,2,1.0,0,1,1,1,0,2,1,0.0,0.0
Session_ID_1556,1,17,6.0,1,0.0,1,1,2,1,2,1,0,0.5,0.1111111111111111
Session_ID_1557,1,5,1.0,0,1.0,0,1,0,0,2,0,1,0.0,0.3333333333333333
Session_ID_1558,0,2,0.0,0,2.0,0,0,0,0,0,0,1,0.0,0.0
Session_ID_1559,1,4,0.0,0,0.0,0,0,1,0,0,0,1,0.0,0.0
Session_ID_1560,0,1,0.0,0,1.0,0,0,0,0,0,0,1,0.0,0.0
Session_ID_1561,0,13,8.0,0,0.0,0,1,1,0,3,1,1,0.0,0.21428571428571427
Session_ID_1562,0,17,1.0,0,3.0,0,1,3,2,6,0,1,0.0,0.3333333333333333
Session_ID_1563,0,14,2.0,0,3.0,0,1,4,0,0,0,1,0.0,0.0
Session_ID_1564,0,5,1.0,0,1.0,0,1,0,0,2,0,1,0.0,0.3333333333333333
Session_ID_1565,0,4,1.0,0,0.0,0,1,2,0,0,0,1,0.0,0.0
Session_ID_1566,0,5,0.0,0,1.0,0,1,0,0,2,0,1,0.0,0.3333333333333333
Session_ID_1567,0,11,1.0,0,0.0,1,2,1,0,3,0,1,0.3333333333333333,0.25
Session_ID_1568,0,14,0.0,0,2.0,0,8,0,1,3,0,1,0.0,0.2
Session_ID_1569,1,39,10.0,3,5.0,1,4,2,0,9,2,0,0.2,0.225
Session_ID_1570,0,1,3.0,3,1.0,0,2,0,0,12,2,1,0.0,6.0
Session_ID_1571,0,10,5.0,0,1.0,0,1,1,0,2,1,1,0.0,0.18181818181818182
Session_ID_1572,0,23,1.0,0,0.0,0,1,1,0,17,0,1,0.0,0.7083333333333334
Session_ID_1573,0,39,4.0,0,3.0,0,1,13,0,1,1,1,0.0,0.025
Session_ID_1574,1,10,6.0,0,0.0,0,1,1,0,2,1,1,0.0,0.18181818181818182
Session_ID_1575,0,10,1.0,0,0.0,0,0,2,0,6,0,1,0.0,0.5454545454545454
Session_ID_1576,0,12,0.0,0,0.0,0,6,5,0,1,0,1,0.0,0.07692307692307693
Session_ID_1577,1,9,2.0,0,1.0,0,2,1,1,1,0,1,0.0,0.1
Session_ID_1578,1,9,1.0,0,2.0,0,1,3,0,2,0,1,0.0,0.2
Session_ID_1579,0,1,0.0,0,1.0,3,1,10,0,1,0,0,1.5,0.5
Session_ID_1580,1,10,0.0,0,2.0,0,0,0,0,1,0,1,0.0,0.09090909090909091
Session_ID_1581,0,7,1.0,0,3.0,0,1,2,0,0,0,1,0.0,0.0
Session_ID_1582,0,7,2.0,0,1.0,0,1,1,0,2,0,1,0.0,0.25
Session_ID_1583,0,21,8.0,1,2.0,0,3,0,1,6,1,1,0.0,0.2727272727272727
Session_ID_1584,1,15,6.0,6,0.0,0,0,1,0,1,2,1,0.0,0.0625
Session_ID_1585,0,20,3.0,0,3.0,1,1,7,0,0,1,0,0.5,0.0
Session_ID_1586,1,13,0.0,0,1.0,0,0,2,0,1,0,1,0.0,0.07142857142857142
Session_ID_1587,0,6,0.0,0,1.0,0,1,1,0,3,0,1,0.0,0.42857142857142855
Session_ID_1588,0,5,1.0,0,1.0,0,1,0,0,2,0,1,0.0,0.3333333333333333
Session_ID_1589,1,6,3.0,0,0.0,0,0,1,0,2,1,1,0.0,0.2857142857142857
Session_ID_1590,1,9,3.0,1,1.0,0,0,1,0,3,1,1,0.0,0.3
Session_ID_1591,1,17,6.0,0,2.0,0,0,2,0,6,1,1,0.0,0.3333333333333333
Session_ID_1592,0,4,0.0,0,1.0,0,1,1,0,1,0,1,0.0,0.2
Session_ID_1593,0,11,6.0,0,1.0,0,1,1,0,2,1,1,0.0,0.16666666666666666
Session_ID_1594,1,10,1.0,0,1.0,1,1,1,1,2,0,0,0.5,0.18181818181818182
Session_ID_1595,0,10,1.0,0,0.0,0,4,5,0,0,0,1,0.0,0.0
Session_ID_1596,1,5,1.0,1,0.0,0,0,2,0,1,0,1,0.0,0.16666666666666666
Session_ID_1597,0,5,0.0,0,2.0,0,0,3,0,0,0,1,0.0,0.0
Session_ID_1598,0,1,0.0,0,1.0,0,0,0,0,0,0,1,0.0,0.0
Session_ID_1599,0,8,0.0,0,3.0,0,1,3,0,1,0,1,0.0,0.1111111111111111
Session_ID_1600,0,16,8.0,0,1.0,0,3,1,0,1,1,1,0.0,0.058823529411764705
Session_ID_1601,0,4,1.0,0,1.0,0,1,1,0,0,0,1,0.0,0.0
Session_ID_1602,1,15,2.0,0,2.0,0,0,3,0,7,0,1,0.0,0.4375
Session_ID_1603,0,11,6.0,0,1.0,0,1,2,0,1,1,1,0.0,0.08333333333333333
Session_ID_1604,0,14,0.0,0,0.0,0,0,4,0,5,0,1,0.0,0.3333333333333333
Session_ID_1605,1,4,1.0,0,0.0,0,0,1,0,0,0,1,0.0,0.0
Session_ID_1606,0,17,0.0,0,1.0,0,1,1,0,6,0,1,0.0,0.3333333333333333
Session_ID_1607,0,4,1.0,0,1.0,0,1,1,0,0,0,1,0.0,0.0
Session_ID_1608,0,17,10.0,0,1.0,0,1,3,0,1,1,1,0.0,0.05555555555555555
Session_ID_1609,0,10,3.0,1,1.0,1,2,0,0,2,1,0,0.3333333333333333,0.18181818181818182
Session_ID_1610,0,3,0.0,0,0.0,1,2,0,0,0,0,0,0.3333333333333333,0.0
Session_ID_1611,0,6,1.0,0,0.0,0,1,1,0,2,0,1,0.0,0.2857142857142857
Session_ID_1612,0,31,1.0,0,3.0,0,0,3,0,1,0,1,0.0,0.03125
Session_ID_1613,0,10,4.0,0,1.0,0,0,1,0,3,1,1,0.0,0.2727272727272727
Session_ID_1614,0,4,1.0,0,1.0,0,1,1,0,0,0,1,0.0,0.0
Session_ID_1615,0,18,1.0,0,9.0,0,1,6,0,0,0,1,0.0,0.0
Session_ID_1616,0,10,2.0,0,0.0,1,1,2,1,3,0,0,0.5,0.2727272727272727
Session_ID_1617,1,4,3.0,0,0.0,0,0,1,0,0,1,1,0.0,0.0
Session_ID_1618,0,16,3.0,0,1.0,0,0,7,0,1,1,1,0.0,0.058823529411764705
Session_ID_1619,0,4,1.0,0,0.0,0,0,1,0,2,0,1,0.0,0.4
Session_ID_1620,0,9,0.0,0,1.0,0,1,1,0,2,0,1,0.0,0.2
Session_ID_1621,0,10,3.0,0,2.0,0,1,1,0,2,1,1,0.0,0.18181818181818182
Session_ID_1622,0,61,13.0,14,6.0,0,2,5,1,15,2,1,0.0,0.24193548387096775
Session_ID_1623,0,18,7.0,2,2.0,1,1,1,1,2,2,0,0.5,0.10526315789473684
Session_ID_1624,0,14,5.0,0,0.0,1,1,0,1,6,1,0,0.5,0.4
Session_ID_1625,0,39,0.0,0,0.0,1,1,2,0,6,0,0,0.5,0.15
Session_ID_1626,0,1,0.0,0,0.0,0,1,0,0,0,0,1,0.0,0.0
Session_ID_1627,1,5,2.0,0,0.0,0,0,1,0,1,0,1,0.0,0.16666666666666666
Session_ID_1628,0,3,0.0,0,0.0,0,1,0,0,2,0,1,0.0,0.5
Session_ID_1629,0,12,0.0,0,10.0,0,0,1,0,1,0,1,0.0,0.07692307692307693
Session_ID_1630,1,7,3.0,0,0.0,0,1,3,0,0,1,1,0.0,0.0
Session_ID_1631,0,34,2.0,0,4.0,1,3,15,0,0,0,0,0.25,0.0
Session_ID_1632,0,11,5.0,0,0.0,1,1,0,1,2,1,0,0.5,0.16666666666666666
Session_ID_1633,1,4,1.0,0,0.0,0,1,2,0,0,0,1,0.0,0.0
Session_ID_1634,1,3,0.0,0,0.0,0,0,1,0,0,0,1,0.0,0.0
Session_ID_1635,0,9,0.0,0,1.0,1,1,5,0,1,0,0,0.5,0.1
Session_ID_1636,0,14,5.0,0,1.0,1,1,1,1,3,1,0,0.5,0.2
Session_ID_1637,0,4,1.0,0,1.0,0,1,0,0,1,0,1,0.0,0.2
Session_ID_1638,0,24,17.0,0,2.0,0,1,1,0,3,1,1,0.0,0.12
Session_ID_1639,0,13,7.0,0,0.0,1,1,1,1,1,1,0,0.5,0.07142857142857142
Session_ID_1640,0,20,0.0,0,3.0,0,1,15,0,1,0,1,0.0,0.047619047619047616
Session_ID_1641,0,6,1.0,0,2.0,0,1,2,0,0,0,1,0.0,0.0
Session_ID_1642,0,33,0.0,0,2.0,1,2,4,0,1,0,0,0.3333333333333333,0.029411764705882353
Session_ID_1643,0,9,5.0,0,0.0,0,1,1,0,2,1,1,0.0,0.2
Session_ID_1644,1,9,0.0,1,0.0,0,0,2,0,4,0,1,0.0,0.4
Session_ID_1645,1,14,0.0,0,1.0,0,1,3,0,4,0,1,0.0,0.26666666666666666
Session_ID_1646,0,14,7.0,0,2.0,0,1,3,0,1,1,1,0.0,0.06666666666666667
Session_ID_1647,0,14,5.0,0,1.0,1,1,1,0,4,1,0,0.5,0.26666666666666666
Session_ID_1648,0,15,5.0,0,2.0,0,0,3,0,5,1,1,0.0,0.3125
Session_ID_1649,0,28,2.0,0,3.0,0,0,21,0,0,0,1,0.0,0.0
Session_ID_1650,0,6,1.0,1,1.0,0,0,0,0,2,0,1,0.0,0.2857142857142857
Session_ID_1651,0,6,0.0,0,2.0,0,0,0,0,4,0,1,0.0,0.5714285714285714
Session_ID_1652,1,11,5.0,0,1.0,0,0,1,0,3,1,1,0.0,0.25
Session_ID_1653,0,4,1.0,0,1.0,0,1,0,0,0,0,1,0.0,0.0
Session_ID_1654,0,25,4.0,0,1.0,0,6,12,0,0,1,1,0.0,0.0
Session_ID_1655,0,28,0.0,0,3.0,0,1,2,0,4,0,1,0.0,0.13793103448275862
Session_ID_1656,0,10,0.0,0,1.0,0,0,8,0,0,0,1,0.0,0.0
Session_ID_1657,1,7,2.0,0,0.0,0,0,3,0,1,0,1,0.0,0.125
Session_ID_1658,0,6,2.0,0,0.0,0,1,1,0,2,0,1,0.0,0.2857142857142857
Session_ID_1659,1,4,1.0,0,0.0,0,0,1,0,1,0,1,0.0,0.2
Session_ID_1660,0,6,1.0,0,0.0,0,1,1,1,2,0,1,0.0,0.2857142857142857
Session_ID_1661,1,56,17.0,21,6.0,0,0,2,0,6,2,1,0.0,0.10526315789473684
Session_ID_1662,0,11,3.0,0,2.0,0,0,0,0,5,1,1,0.0,0.4166666666666667
Session_ID_1663,1,5,0.0,0,0.0,0,0,1,0,0,0,1,0.0,0.0
Session_ID_1664,0,12,0.0,0,1.0,0,1,1,0,2,0,1,0.0,0.15384615384615385
Session_ID_1665,0,6,2.0,0,1.0,0,0,1,0,1,0,1,0.0,0.14285714285714285
Session_ID_1666,0,15,8.0,0,1.0,0,1,2,0,2,1,1,0.0,0.125
Session_ID_1667,1,5,1.0,0,0.0,0,0,2,0,1,0,1,0.0,0.16666666666666666
Session_ID_1668,0,5,0.0,0,1.0,0,1,0,1,2,0,1,0.0,0.3333333333333333
Session_ID_1669,1,39,0.0,0,3.0,0,2,0,0,4,0,1,0.0,0.1
Session_ID_1670,0,17,5.0,4,0.0,1,1,0,1,5,2,0,0.5,0.2777777777777778
Session_ID_1671,1,5,0.0,0,0.0,0,0,1,0,3,0,1,0.0,0.5
Session_ID_1672,0,11,3.0,0,1.0,0,0,1,0,1,1,1,0.0,0.08333333333333333
Session_ID_1673,0,26,12.0,2,4.0,1,1,1,1,4,2,0,0.5,0.14814814814814814
Session_ID_1674,0,23,7.0,1,3.0,0,0,1,0,11,1,1,0.0,0.4583333333333333
Session_ID_1675,1,27,0.0,0,2.0,0,0,6,0,1,0,1,0.0,0.03571428571428571
Session_ID_1676,1,10,3.0,0,0.0,0,0,1,0,4,1,1,0.0,0.36363636363636365
Session_ID_1677,1,8,4.0,0,3.0,0,0,0,0,1,1,1,0.0,0.1111111111111111
Session_ID_1678,0,10,0.0,0,0.0,0,4,0,2,4,0,1,0.0,0.36363636363636365
Session_ID_1679,1,6,4.0,0,0.0,0,0,1,0,0,1,1,0.0,0.0
Session_ID_1680,0,11,1.0,0,2.0,0,3,4,0,1,0,1,0.0,0.08333333333333333
Session_ID_1681,0,11,6.0,0,1.0,0,1,1,0,2,1,1,0.0,0.16666666666666666
Session_ID_1682,0,7,0.0,0,2.0,0,2,0,1,2,0,1,0.0,0.25
Session_ID_1683,0,57,12.0,0,18.0,0,4,21,0,2,1,1,0.0,0.034482758620689655
Session_ID_1684,0,50,0.0,0,2.0,1,1,4,0,4,0,0,0.5,0.0784313725490196
Session_ID_1685,0,21,11.0,4,3.0,0,0,3,0,0,2,1,0.0,0.0
Session_ID_1686,0,14,6.0,0,0.0,1,1,2,1,2,1,0,0.5,0.13333333333333333
Session_ID_1687,0,7,2.0,0,2.0,0,1,0,0,2,0,1,0.0,0.25
Session_ID_1688,1,18,7.0,0,3.0,0,0,3,0,2,1,1,0.0,0.10526315789473684
Session_ID_1689,1,29,5.0,3,0.0,0,3,1,0,15,2,1,0.0,0.5
Session_ID_1690,0,6,1.0,0,0.0,0,1,4,0,0,0,1,0.0,0.0
Session_ID_1691,1,8,2.0,0,3.0,0,0,1,0,1,0,1,0.0,0.1111111111111111
Session_ID_1692,0,22,2.0,0,0.0,1,3,12,0,3,0,0,0.25,0.13043478260869565
Session_ID_1693,1,7,3.0,1,0.0,0,0,1,0,0,1,1,0.0,0.0
Session_ID_1694,0,15,4.0,0,2.0,1,1,2,1,4,1,0,0.5,0.25
Session_ID_1695,0,23,16.0,0,3.0,0,1,2,0,1,1,1,0.0,0.041666666666666664
Session_ID_1696,0,17,12.0,0,0.0,0,2,1,0,1,1,1,0.0,0.05555555555555555
Session_ID_1697,0,21,7.0,0,4.0,0,0,4,0,2,1,1,0.0,0.09090909090909091
Session_ID_1698,1,26,7.0,6,2.0,0,0,2,0,4,2,1,0.0,0.14814814814814814
Session_ID_1699,0,28,15.0,0,2.0,0,1,3,0,6,1,1,0.0,0.20689655172413793
Session_ID_1700,0,17,10.0,1,2.0,0,1,1,0,2,1,1,0.0,0.1111111111111111
Session_ID_1701,1,18,0.0,0,1.0,0,1,10,0,0,0,1,0.0,0.0
Session_ID_1702,1,10,0.0,0,5.0,0,5,0,0,0,0,1,0.0,0.0
Session_ID_1703,0,10,2.0,0,0.0,0,2,5,0,1,0,1,0.0,0.09090909090909091
Session_ID_1704,1,10,4.0,0,1.0,1,1,3,0,0,1,0,0.5,0.0
Session_ID_1705,0,8,1.0,0,0.0,1,2,1,1,1,0,0,0.3333333333333333,0.1111111111111111
Session_ID_1706,1,11,0.0,0,0.0,0,0,1,0,1,0,1,0.0,0.08333333333333333
Session_ID_1707,0,5,1.0,0,0.0,0,1,1,0,2,0,1,0.0,0.3333333333333333
Session_ID_1708,0,7,2.0,0,2.0,0,0,2,0,1,0,1,0.0,0.125
Session_ID_1709,0,8,1.0,0,0.0,0,3,4,0,0,0,1,0.0,0.0
Session_ID_1710,1,40,4.0,6,6.0,0,2,0,2,14,2,1,0.0,0.34146341463414637
Session_ID_1711,0,6,0.0,0,0.0,0,2,0,1,3,0,1,0.0,0.42857142857142855
Session_ID_1712,0,42,7.0,10,8.0,0,4,1,0,12,2,1,0.0,0.27906976744186046
Session_ID_1713,0,7,2.0,0,1.0,0,1,1,0,2,0,1,0.0,0.25
Session_ID_1714,0,7,1.0,0,1.0,1,1,0,0,3,0,0,0.5,0.375
Session_ID_1715,0,5,1.0,0,1.0,0,1,0,0,2,0,1,0.0,0.3333333333333333
Session_ID_1716,0,10,0.0,0,3.0,0,0,7,0,0,0,1,0.0,0.0
Session_ID_1717,0,11,4.0,0,1.0,0,1,1,0,4,1,1,0.0,0.3333333333333333
Session_ID_1718,0,42,23.0,0,4.0,1,1,1,0,10,1,0,0.5,0.23255813953488372
Session_ID_1719,1,3,1.0,0,0.0,0,0,0,0,1,0,1,0.0,0.25
Session_ID_1720,1,14,4.0,0,1.0,0,0,3,0,0,1,1,0.0,0.0
Session_ID_1721,0,6,1.0,0,1.0,0,1,1,1,1,0,1,0.0,0.14285714285714285
Session_ID_1722,0,47,3.0,0,1.0,1,2,1,0,0,1,0,0.3333333333333333,0.0
Session_ID_1723,0,15,5.0,2,3.0,0,1,2,0,2,2,1,0.0,0.125
Session_ID_1724,0,12,0.0,0,0.0,2,2,8,0,0,0,0,0.6666666666666666,0.0
Session_ID_1725,0,11,1.0,0,1.0,0,0,8,0,1,0,1,0.0,0.08333333333333333
Session_ID_1726,0,15,0.0,0,1.0,1,1,2,0,3,0,0,0.5,0.1875
Session_ID_1727,0,6,1.0,0,0.0,0,1,0,1,2,0,1,0.0,0.2857142857142857
Session_ID_1728,0,6,0.0,0,1.0,0,1,1,0,3,0,1,0.0,0.42857142857142855
Session_ID_1729,1,14,3.0,0,0.0,1,2,0,0,7,1,0,0.3333333333333333,0.4666666666666667
Session_ID_1730,1,5,1.0,1,1.0,0,0,1,0,1,0,1,0.0,0.16666666666666666
Session_ID_1731,0,31,1.0,0,1.0,0,0,23,0,0,0,1,0.0,0.0
Session_ID_1732,1,4,1.0,0,1.0,0,0,1,0,1,0,1,0.0,0.2
Session_ID_1733,0,10,5.0,0,1.0,0,1,1,0,2,1,1,0.0,0.18181818181818182
Session_ID_1734,0,5,1.0,0,1.0,0,1,0,0,2,0,1,0.0,0.3333333333333333
Session_ID_1735,1,6,1.0,1,3.0,0,0,0,0,1,0,1,0.0,0.14285714285714285
Session_ID_1736,0,55,8.0,25,11.0,0,1,2,1,4,2,1,0.0,0.07142857142857142
Session_ID_1737,1,13,4.0,0,1.0,0,0,6,0,0,1,1,0.0,0.0
Session_ID_1738,0,10,4.0,1,0.0,0,2,1,0,2,1,1,0.0,0.18181818181818182
Session_ID_1739,0,10,2.0,0,3.0,0,2,0,0,3,0,1,0.0,0.2727272727272727
Session_ID_1740,1,31,7.0,8,3.0,0,2,2,1,8,2,1,0.0,0.25
Session_ID_1741,0,5,2.0,0,0.0,0,0,0,0,3,0,1,0.0,0.5
Session_ID_1742,0,6,0.0,0,1.0,0,1,3,0,1,0,1,0.0,0.14285714285714285
Session_ID_1743,0,4,0.0,0,1.0,0,2,1,0,0,0,1,0.0,0.0
Session_ID_1744,1,13,1.0,0,1.0,0,1,2,0,2,0,1,0.0,0.14285714285714285
Session_ID_1745,1,7,2.0,0,0.0,1,1,2,1,0,0,0,0.5,0.0
Session_ID_1746,1,17,4.0,5,0.0,0,0,1,0,5,2,1,0.0,0.2777777777777778
Session_ID_1747,0,17,11.0,0,1.0,1,1,1,1,0,1,0,0.5,0.0
Session_ID_1748,1,7,3.0,0,0.0,0,0,1,0,2,1,1,0.0,0.25
Session_ID_1749,0,5,1.0,0,0.0,1,2,1,0,0,0,0,0.3333333333333333,0.0
Session_ID_1750,0,3,0.0,0,3.0,0,0,0,0,0,0,1,0.0,0.0
Session_ID_1751,1,7,1.0,2,0.0,0,1,0,1,0,0,1,0.0,0.0
Session_ID_1752,0,6,1.0,0,1.0,0,1,0,0,3,0,1,0.0,0.42857142857142855
Session_ID_1753,0,5,1.0,0,1.0,0,1,0,0,2,0,1,0.0,0.3333333333333333
Session_ID_1754,0,30,8.0,6,5.0,0,1,6,0,0,2,1,0.0,0.0
Session_ID_1755,0,14,1.0,1,0.0,0,4,1,1,4,0,1,0.0,0.26666666666666666
Session_ID_1756,1,4,1.0,0,1.0,0,1,0,0,1,0,1,0.0,0.2
Session_ID_1757,1,2,1.0,0,0.0,0,0,0,0,1,0,1,0.0,0.3333333333333333
Session_ID_1758,0,4,1.0,0,1.0,0,1,0,0,1,0,1,0.0,0.2
Session_ID_1759,1,7,2.0,1,0.0,0,0,2,0,2,0,1,0.0,0.25
Session_ID_1760,1,30,7.0,6,3.0,0,0,4,0,8,2,1,0.0,0.25806451612903225
Session_ID_1761,0,10,5.0,0,0.0,0,2,2,0,0,1,1,0.0,0.0
Session_ID_1762,0,6,2.0,0,0.0,0,1,1,0,2,0,1,0.0,0.2857142857142857
Session_ID_1763,1,21,8.0,5,3.0,0,0,0,0,4,2,1,0.0,0.18181818181818182
Session_ID_1764,0,9,1.0,0,1.0,0,1,1,0,3,0,1,0.0,0.3
Session_ID_1765,0,9,0.0,0,0.0,0,1,1,0,2,0,1,0.0,0.2
Session_ID_1766,0,22,1.0,0,1.0,0,1,0,1,1,0,1,0.0,0.043478260869565216
Session_ID_1767,0,8,1.0,0,2.0,0,2,0,2,1,0,1,0.0,0.1111111111111111
Session_ID_1768,0,26,6.0,0,2.0,3,4,2,1,8,1,0,0.6,0.2962962962962963
Session_ID_1769,0,5,1.0,0,1.0,0,1,1,0,1,0,1,0.0,0.16666666666666666
Session_ID_1770,0,5,1.0,0,1.0,0,1,0,0,2,0,1,0.0,0.3333333333333333
Session_ID_1771,1,7,0.0,0,0.0,0,0,0,0,2,0,1,0.0,0.25
Session_ID_1772,0,16,5.0,1,0.0,1,1,1,1,3,1,1,0.5,0.17647058823529413
Session_ID_1773,0,5,1.0,0,1.0,0,1,0,0,2,0,1,0.0,0.3333333333333333
Session_ID_1774,0,27,11.0,0,3.0,0,0,3,0,4,1,1,0.0,0.14285714285714285
Session_ID_1775,1,12,6.0,1,1.0,0,0,2,0,1,1,1,0.0,0.07692307692307693
Session_ID_1776,0,5,0.0,0,2.0,0,1,1,0,1,0,1,0.0,0.16666666666666666
Session_ID_1777,0,10,1.0,0,3.0,0,1,2,1,2,0,1,0.0,0.18181818181818182
Session_ID_1778,0,35,10.0,0,2.0,0,3,1,1,10,1,1,0.0,0.2777777777777778
Session_ID_1779,0,25,4.0,2,6.0,1,2,4,0,6,2,0,0.3333333333333333,0.23076923076923078
Session_ID_1780,1,5,2.0,0,0.0,0,0,1,0,1,0,1,0.0,0.16666666666666666
Session_ID_1781,1,31,11.0,16,0.0,0,0,2,0,1,2,1,0.0,0.03125
Session_ID_1782,1,7,2.0,0,2.0,0,1,0,0,2,0,1,0.0,0.25
Session_ID_1783,0,14,3.0,3,1.0,1,1,2,1,2,2,0,0.5,0.13333333333333333
Session_ID_1784,0,35,3.0,0,2.0,0,1,16,0,0,1,1,0.0,0.0
Session_ID_1785,1,3,1.0,0,1.0,0,0,1,0,0,0,1,0.0,0.0
Session_ID_1786,1,6,2.0,0,0.0,0,0,2,0,2,0,1,0.0,0.2857142857142857
Session_ID_1787,1,5,1.0,0,0.0,0,1,2,0,1,0,1,0.0,0.16666666666666666
Session_ID_1788,0,8,0.0,0,1.0,0,1,6,0,0,0,1,0.0,0.0
Session_ID_1789,1,12,4.0,0,0.0,1,2,1,1,2,1,0,0.3333333333333333,0.15384615384615385
Session_ID_1790,0,13,7.0,0,1.0,0,2,1,0,2,1,1,0.0,0.14285714285714285
Session_ID_1791,0,33,10.0,7,6.0,0,0,1,0,7,2,1,0.0,0.20588235294117646
Session_ID_1792,0,7,1.0,0,1.0,0,0,1,0,3,0,1,0.0,0.375
Session_ID_1793,1,4,1.0,0,0.0,0,0,1,0,1,0,1,0.0,0.2
Session_ID_1794,0,4,0.0,0,1.0,1,2,0,0,0,0,0,0.3333333333333333,0.0
Session_ID_1795,0,3,0.0,0,0.0,0,1,1,0,1,0,1,0.0,0.25
Session_ID_1796,1,7,1.0,0,0.0,0,2,0,1,3,0,1,0.0,0.375
Session_ID_1797,1,18,4.0,0,2.0,0,1,1,1,8,1,1,0.0,0.42105263157894735
Session_ID_1798,0,1,0.0,0,0.0,0,5,1,0,0,0,1,0.0,0.0
Session_ID_1799,0,153,9.0,0,3.0,0,1,120,0,0,1,1,0.0,0.0
Session_ID_1800,0,34,8.0,5,1.0,1,2,5,1,5,2,0,0.3333333333333333,0.14285714285714285
Session_ID_1801,1,19,8.0,0,1.0,0,0,6,0,3,1,1,0.0,0.15
Session_ID_1802,0,15,1.0,0,3.0,0,3,7,0,1,0,1,0.0,0.0625
Session_ID_1803,0,5,1.0,0,1.0,0,1,0,0,2,0,1,0.0,0.3333333333333333
Session_ID_1804,0,10,1.0,1,6.0,0,1,0,0,1,0,1,0.0,0.09090909090909091
Session_ID_1805,0,4,0.0,0,1.0,1,1,0,0,1,0,0,0.5,0.2
Session_ID_1806,0,12,8.0,0,0.0,0,1,1,0,2,1,1,0.0,0.15384615384615385
Session_ID_1807,1,15,5.0,3,0.0,0,1,1,0,3,2,1,0.0,0.1875
Session_ID_1808,0,7,1.0,0,0.0,1,1,2,1,1,0,1,0.5,0.125
Session_ID_1809,0,15,2.0,0,2.0,1,2,4,0,4,0,0,0.3333333333333333,0.25
Session_ID_1810,1,7,1.0,2,3.0,0,0,0,0,1,0,1,0.0,0.125
Session_ID_1811,1,13,8.0,0,0.0,0,0,1,0,4,1,1,0.0,0.2857142857142857
Session_ID_1812,0,5,1.0,0,0.0,0,1,1,0,2,0,1,0.0,0.3333333333333333
Session_ID_1813,1,6,3.0,0,0.0,0,0,1,0,1,1,1,0.0,0.14285714285714285
Session_ID_1814,0,46,9.0,0,1.0,0,1,5,1,17,1,1,0.0,0.3617021276595745
Session_ID_1815,0,6,1.0,0,2.0,0,1,0,0,2,0,1,0.0,0.2857142857142857
Session_ID_1816,1,18,11.0,0,3.0,0,1,5,0,1,1,1,0.0,0.05263157894736842
Session_ID_1817,1,7,3.0,0,1.0,0,0,0,0,3,1,1,0.0,0.375
Session_ID_1818,0,8,3.0,0,1.0,0,1,1,0,2,1,1,0.0,0.2222222222222222
Session_ID_1819,0,11,5.0,0,0.0,0,1,1,0,4,1,1,0.0,0.3333333333333333
Session_ID_1820,0,14,11.0,0,1.0,0,0,1,0,0,1,1,0.0,0.0
Session_ID_1821,0,1,1.0,0,3.0,0,0,4,0,4,0,1,0.0,2.0
Session_ID_1822,0,3,0.0,0,2.0,0,0,1,0,0,0,1,0.0,0.0
Session_ID_1823,0,10,5.0,0,1.0,0,1,1,0,2,1,1,0.0,0.18181818181818182
Session_ID_1824,1,31,9.0,5,0.0,0,1,5,1,5,2,1,0.0,0.15625
Session_ID_1825,0,27,10.0,5,4.0,0,0,3,0,4,2,1,0.0,0.14285714285714285
Session_ID_1826,0,19,1.0,0,1.0,0,0,8,0,0,0,1,0.0,0.0
Session_ID_1827,1,31,4.0,11,0.0,0,1,3,0,3,2,1,0.0,0.09375
Session_ID_1828,0,6,0.0,0,1.0,0,1,1,0,3,0,1,0.0,0.42857142857142855
Session_ID_1829,0,5,1.0,0,0.0,0,1,1,0,2,0,1,0.0,0.3333333333333333
Session_ID_1830,0,15,1.0,0,1.0,0,0,1,0,10,0,1,0.0,0.625
Session_ID_1831,0,2,0.0,0,1.0,0,0,0,0,1,0,1,0.0,0.3333333333333333
Session_ID_1832,0,9,3.0,0,0.0,0,1,1,1,3,1,1,0.0,0.3
Session_ID_1833,0,31,4.0,0,5.0,0,1,5,1,8,1,1,0.0,0.25
Session_ID_1834,1,17,4.0,0,4.0,0,3,0,0,6,1,1,0.0,0.3333333333333333
Session_ID_1835,0,14,3.0,2,1.0,1,1,1,1,2,2,0,0.5,0.13333333333333333
Session_ID_1836,0,7,3.0,0,0.0,0,1,1,0,1,1,1,0.0,0.125
Session_ID_1837,0,8,1.0,0,2.0,0,0,4,0,0,0,1,0.0,0.0
Session_ID_1838,0,2,0.0,0,1.0,0,0,1,0,0,0,1,0.0,0.0
Session_ID_1839,0,6,0.0,0,1.0,0,2,3,0,0,0,1,0.0,0.0
Session_ID_1840,1,18,0.0,1,3.0,0,0,3,0,11,0,1,0.0,0.5789473684210527
Session_ID_1841,0,4,0.0,0,3.0,0,0,1,0,0,0,1,0.0,0.0
Session_ID_1842,0,21,4.0,7,2.0,0,0,3,0,0,2,1,0.0,0.0
Session_ID_1843,0,15,4.0,2,2.0,1,1,1,1,1,2,0,0.5,0.0625
Session_ID_1844,0,38,31.0,0,2.0,1,1,1,1,1,1,0,0.5,0.02564102564102564
Session_ID_1845,1,4,2.0,0,1.0,0,0,0,0,1,0,1,0.0,0.2
Session_ID_1846,1,18,2.0,0,1.0,0,0,1,0,0,0,1,0.0,0.0
Session_ID_1847,0,11,1.0,0,4.0,1,1,1,1,2,0,0,0.5,0.16666666666666666
Session_ID_1848,1,3,0.0,0,0.0,0,0,1,0,1,0,1,0.0,0.25
Session_ID_1849,1,8,4.0,0,0.0,0,0,1,0,2,1,1,0.0,0.2222222222222222
Session_ID_1850,0,1,0.0,0,0.0,0,1,0,0,0,0,1,0.0,0.0
Session_ID_1851,0,21,3.0,0,2.0,2,3,11,0,0,1,0,0.5,0.0
Session_ID_1852,0,11,4.0,0,3.0,0,1,1,0,2,1,1,0.0,0.16666666666666666
Session_ID_1853,0,5,1.0,0,3.0,0,0,0,0,1,0,1,0.0,0.16666666666666666
Session_ID_1854,0,13,4.0,0,0.0,1,2,2,0,4,1,0,0.3333333333333333,0.2857142857142857
Session_ID_1855,0,41,14.0,9,7.0,1,1,2,1,5,2,0,0.5,0.11904761904761904
Session_ID_1856,0,8,0.0,0,5.0,0,1,1,0,1,0,1,0.0,0.1111111111111111
Session_ID_1857,0,9,4.0,0,1.0,0,0,1,0,3,1,1,0.0,0.3
Session_ID_1858,0,11,2.0,0,1.0,0,0,6,0,0,0,1,0.0,0.0
Session_ID_1859,0,29,1.0,0,0.0,0,1,22,0,2,0,1,0.0,0.06666666666666667
Session_ID_1860,1,8,4.0,0,2.0,0,1,1,0,0,1,1,0.0,0.0
Session_ID_1861,0,1,0.0,0,1.0,0,2,0,0,0,0,1,0.0,0.0
Session_ID_1862,1,18,3.0,0,2.0,0,0,3,0,7,1,1,0.0,0.3684210526315789
Session_ID_1863,1,5,1.0,0,0.0,0,0,2,0,2,0,1,0.0,0.3333333333333333
Session_ID_1864,0,40,5.0,14,10.0,0,5,1,0,5,2,1,0.0,0.12195121951219512
Session_ID_1865,0,4,1.0,0,1.0,0,1,1,0,0,0,1,0.0,0.0
Session_ID_1866,0,17,3.0,0,1.0,0,1,5,0,1,1,1,0.0,0.05555555555555555
Session_ID_1867,0,28,1.0,0,1.0,0,0,2,0,16,0,1,0.0,0.5517241379310345
Session_ID_1868,1,11,3.0,0,4.0,0,1,1,0,2,1,1,0.0,0.16666666666666666
Session_ID_1869,0,6,1.0,0,1.0,0,0,1,0,3,0,1,0.0,0.42857142857142855
Session_ID_1870,0,15,2.0,0,2.0,0,1,10,0,0,0,1,0.0,0.0
Session_ID_1871,0,6,1.0,0,2.0,0,1,0,0,2,0,1,0.0,0.2857142857142857
Session_ID_1872,0,5,0.0,0,1.0,0,0,1,0,1,0,1,0.0,0.16666666666666666
Session_ID_1873,0,18,2.0,0,1.0,0,0,8,0,1,0,1,0.0,0.05263157894736842
Session_ID_1874,0,73,3.0,0,6.0,2,3,53,0,3,1,0,0.5,0.04054054054054054
Session_ID_1875,0,5,0.0,0,0.0,0,1,1,0,2,0,1,0.0,0.3333333333333333
Session_ID_1876,0,18,7.0,0,1.0,1,1,1,0,7,1,0,0.5,0.3684210526315789
Session_ID_1877,0,8,1.0,0,1.0,0,1,1,1,3,0,1,0.0,0.3333333333333333
Session_ID_1878,0,1,0.0,0,0.0,0,1,0,0,0,0,1,0.0,0.0
Session_ID_1879,0,10,3.0,0,0.0,0,0,6,0,0,1,1,0.0,0.0
Session_ID_1880,0,1,0.0,0,1.0,0,0,0,0,0,0,1,0.0,0.0
Session_ID_1881,0,18,4.0,1,4.0,0,2,1,1,4,1,1,0.0,0.21052631578947367
Session_ID_1882,0,4,0.0,0,1.0,0,1,1,0,1,0,1,0.0,0.2
Session_ID_1883,1,12,5.0,4,0.0,0,0,1,0,1,2,1,0.0,0.07692307692307693
Session_ID_1884,0,36,11.0,3,6.0,1,2,2,0,9,2,1,0.3333333333333333,0.24324324324324326
Session_ID_1885,0,19,1.0,0,1.0,0,0,7,0,0,0,1,0.0,0.0
Session_ID_1886,0,25,15.0,0,1.0,0,1,3,0,3,1,1,0.0,0.11538461538461539
Session_ID_1887,1,19,4.0,9,0.0,0,0,2,0,1,2,1,0.0,0.05
Session_ID_1888,0,6,0.0,0,3.0,0,0,1,0,2,0,1,0.0,0.2857142857142857
Session_ID_1889,0,18,3.0,0,0.0,0,0,3,0,7,1,1,0.0,0.3684210526315789
Session_ID_1890,0,20,6.0,0,1.0,1,1,1,1,7,1,1,0.5,0.3333333333333333
Session_ID_1891,0,25,5.0,3,2.0,1,4,3,0,6,2,0,0.2,0.23076923076923078
Session_ID_1892,1,42,9.0,0,6.0,0,0,1,0,1,1,1,0.0,0.023255813953488372
Session_ID_1893,0,18,10.0,1,0.0,1,1,2,0,2,1,0,0.5,0.10526315789473684
Session_ID_1894,0,16,7.0,0,2.0,0,3,4,0,0,1,1,0.0,0.0
Session_ID_1895,1,3,1.0,0,0.0,0,0,0,0,1,0,1,0.0,0.25
Session_ID_1896,1,19,9.0,0,0.0,0,0,0,0,4,1,1,0.0,0.2
Session_ID_1897,0,11,1.0,0,0.0,0,1,0,0,2,0,1,0.0,0.16666666666666666
Session_ID_1898,1,30,11.0,6,0.0,0,3,1,0,6,2,1,0.0,0.1935483870967742
Session_ID_1899,0,9,1.0,0,0.0,0,3,1,0,3,0,1,0.0,0.3
Session_ID_1900,1,3,1.0,0,0.0,0,0,1,0,1,0,1,0.0,0.25
Session_ID_1901,1,2,1.0,0,0.0,0,0,0,0,1,0,1,0.0,0.3333333333333333
Session_ID_1902,0,8,1.0,0,5.0,0,0,1,0,0,0,1,0.0,0.0
Session_ID_1903,0,3,0.0,0,0.0,0,1,2,0,0,0,1,0.0,0.0
Session_ID_1904,0,21,3.0,0,0.0,0,0,2,0,12,1,1,0.0,0.5454545454545454
Session_ID_1905,1,15,2.0,3,0.0,0,0,4,0,3,2,1,0.0,0.1875
Session_ID_1906,0,28,16.0,0,1.0,0,1,2,0,6,1,1,0.0,0.20689655172413793
Session_ID_1907,1,7,2.0,0,0.0,0,1,3,0,1,0,1,0.0,0.125
Session_ID_1908,0,25,9.0,8,0.0,0,0,1,0,4,2,1,0.0,0.15384615384615385
Session_ID_1909,0,5,1.0,0,1.0,0,1,0,0,2,0,1,0.0,0.3333333333333333
Session_ID_1910,0,3,0.0,0,1.0,0,1,1,0,0,0,1,0.0,0.0
Session_ID_1911,0,12,1.0,0,0.0,0,1,0,0,3,0,1,0.0,0.23076923076923078
Session_ID_1912,0,26,1.0,0,4.0,0,2,18,0,0,0,1,0.0,0.0
Session_ID_1913,0,10,2.0,0,2.0,0,1,0,0,5,0,1,0.0,0.45454545454545453
Session_ID_1914,0,14,7.0,0,2.0,0,1,1,1,2,1,1,0.0,0.13333333333333333
Session_ID_1915,0,10,0.0,0,1.0,0,0,1,0,7,0,1,0.0,0.6363636363636364
Session_ID_1916,1,10,4.0,0,2.0,0,0,2,0,1,1,1,0.0,0.09090909090909091
Session_ID_1917,1,19,6.0,0,0.0,0,0,3,0,7,1,1,0.0,0.35
Session_ID_1918,1,6,2.0,0,0.0,0,1,1,0,1,0,1,0.0,0.14285714285714285
Session_ID_1919,0,35,8.0,0,3.0,0,1,4,0,16,1,1,0.0,0.4444444444444444
Session_ID_1920,1,3,1.0,0,1.0,0,0,1,0,0,0,1,0.0,0.0
Session_ID_1921,1,5,1.0,0,0.0,0,1,2,0,0,0,1,0.0,0.0
Session_ID_1922,1,19,7.0,7,1.0,0,0,1,0,3,2,1,0.0,0.15
Session_ID_1923,0,13,3.0,0,1.0,0,3,2,1,1,1,1,0.0,0.07142857142857142
Session_ID_1924,0,12,1.0,0,1.0,0,0,4,0,6,0,1,0.0,0.46153846153846156
Session_ID_1925,0,8,0.0,0,1.0,0,2,4,0,1,0,1,0.0,0.1111111111111111
Session_ID_1926,1,19,9.0,4,2.0,0,0,1,0,1,2,1,0.0,0.05
Session_ID_1927,0,15,4.0,0,4.0,0,1,3,1,2,1,1,0.0,0.125
Session_ID_1928,0,6,2.0,0,1.0,0,1,2,0,0,0,1,0.0,0.0
Session_ID_1929,1,7,0.0,0,1.0,0,0,2,0,2,0,1,0.0,0.25
Session_ID_1930,0,21,7.0,8,1.0,0,0,2,0,0,2,1,0.0,0.0
Session_ID_1931,0,3,0.0,0,1.0,0,0,1,0,0,0,1,0.0,0.0
Session_ID_1932,1,69,63.0,0,1.0,0,1,3,0,1,1,1,0.0,0.014285714285714285
Session_ID_1933,0,6,0.0,0,1.0,0,0,5,0,0,0,1,0.0,0.0
Session_ID_1934,0,13,3.0,0,2.0,0,0,3,0,2,1,1,0.0,0.14285714285714285
Session_ID_1935,0,1,2.0,0,3.0,0,2,1,1,2,0,1,0.0,1.0
Session_ID_1936,0,7,0.0,1,2.0,1,1,0,1,0,0,0,0.5,0.0
Session_ID_1937,1,4,1.0,0,0.0,0,1,0,1,0,0,1,0.0,0.0
Session_ID_1938,0,5,1.0,0,1.0,0,2,1,0,0,0,1,0.0,0.0
Session_ID_1939,0,27,5.0,5,10.0,0,3,1,0,3,2,1,0.0,0.10714285714285714
Session_ID_1940,1,23,11.0,1,0.0,0,0,3,0,3,1,1,0.0,0.125
Session_ID_1941,0,12,2.0,0,2.0,0,2,2,1,3,0,1,0.0,0.23076923076923078
Session_ID_1942,0,10,4.0,0,0.0,0,1,1,0,1,1,1,0.0,0.09090909090909091
Session_ID_1943,0,1,0.0,0,1.0,0,0,0,0,0,0,1,0.0,0.0
Session_ID_1944,1,9,3.0,2,1.0,0,0,1,0,2,2,1,0.0,0.2
Session_ID_1945,0,16,1.0,0,3.0,0,7,2,1,2,0,1,0.0,0.11764705882352941
Session_ID_1946,1,22,8.0,3,1.0,0,1,3,0,3,2,1,0.0,0.13043478260869565
Session_ID_1947,0,13,5.0,0,1.0,0,1,2,1,2,1,1,0.0,0.14285714285714285
Session_ID_1948,0,15,0.0,0,0.0,2,1,2,0,2,0,0,1.0,0.125
Session_ID_1949,0,32,8.0,0,4.0,0,1,17,0,0,1,1,0.0,0.0
Session_ID_1950,0,22,4.0,0,1.0,1,1,5,1,7,1,0,0.5,0.30434782608695654
Session_ID_1951,0,16,8.0,0,0.0,0,1,2,0,3,1,1,0.0,0.17647058823529413
Session_ID_1952,1,19,6.0,0,0.0,0,0,3,0,5,1,1,0.0,0.25
Session_ID_1953,0,16,7.0,0,0.0,0,1,2,1,2,1,1,0.0,0.11764705882352941
Session_ID_1954,0,21,13.0,0,0.0,1,1,1,1,4,1,0,0.5,0.18181818181818182
Session_ID_1955,0,7,1.0,0,1.0,0,1,0,0,3,0,1,0.0,0.375
Session_ID_1956,0,5,1.0,0,1.0,0,1,0,0,2,0,1,0.0,0.3333333333333333
Session_ID_1957,0,9,1.0,1,1.0,1,3,0,1,0,0,0,0.25,0.0
Session_ID_1958,0,25,0.0,0,1.0,0,1,6,0,4,0,1,0.0,0.15384615384615385
Session_ID_1959,1,29,11.0,7,3.0,0,0,3,0,4,2,1,0.0,0.13333333333333333
Session_ID_1960,0,9,4.0,0,1.0,0,1,1,0,2,1,1,0.0,0.2
Session_ID_1961,0,12,3.0,0,1.0,0,0,5,0,2,1,1,0.0,0.15384615384615385
Session_ID_1962,0,10,5.0,0,0.0,1,1,1,1,0,1,0,0.5,0.0
Session_ID_1963,0,3,0.0,0,2.0,0,0,1,0,0,0,1,0.0,0.0
Session_ID_1964,0,7,0.0,0,0.0,0,1,1,0,1,0,1,0.0,0.125
Session_ID_1965,0,56,4.0,0,1.0,0,1,3,0,21,1,1,0.0,0.3684210526315789
Session_ID_1966,1,22,5.0,1,0.0,0,0,2,0,8,1,1,0.0,0.34782608695652173
Session_ID_1967,0,8,3.0,0,0.0,0,1,0,1,2,1,1,0.0,0.2222222222222222
Session_ID_1968,0,4,0.0,0,1.0,0,1,0,0,2,0,1,0.0,0.4
Session_ID_1969,1,4,2.0,0,0.0,0,0,0,0,2,0,1,0.0,0.4
Session_ID_1970,0,13,5.0,0,2.0,0,0,2,0,2,1,1,0.0,0.14285714285714285
Session_ID_1971,0,15,3.0,0,2.0,0,0,2,0,4,1,1,0.0,0.25
Session_ID_1972,1,11,3.0,2,2.0,0,0,1,0,1,2,1,0.0,0.08333333333333333
Session_ID_1973,0,17,4.0,3,1.0,0,1,3,0,4,2,1,0.0,0.2222222222222222
Session_ID_1974,1,13,6.0,0,2.0,0,1,1,0,3,1,1,0.0,0.21428571428571427
Session_ID_1975,0,4,0.0,0,1.0,0,1,2,0,0,0,1,0.0,0.0
Session_ID_1976,1,3,1.0,0,0.0,0,0,1,0,1,0,1,0.0,0.25
Session_ID_1977,0,20,1.0,0,1.0,0,4,7,0,5,0,1,0.0,0.23809523809523808
Session_ID_1978,0,7,2.0,0,1.0,0,1,1,0,1,0,1,0.0,0.125
Session_ID_1979,0,7,1.0,0,2.0,0,0,2,0,0,0,1,0.0,0.0
Session_ID_1980,1,4,1.0,0,0.0,0,0,2,0,1,0,1,0.0,0.2
Session_ID_1981,0,10,4.0,0,0.0,0,0,1,0,4,1,1,0.0,0.36363636363636365
Session_ID_1982,0,8,5.0,0,1.0,0,0,1,0,1,1,1,0.0,0.1111111111111111
Session_ID_1983,0,22,10.0,4,0.0,0,0,3,0,2,2,1,0.0,0.08695652173913043
Session_ID_1984,0,6,1.0,0,2.0,0,1,0,0,2,0,1,0.0,0.2857142857142857
Session_ID_1985,0,19,12.0,1,0.0,0,0,2,0,2,1,1,0.0,0.1
Session_ID_1986,0,36,30.0,0,1.0,1,1,2,0,0,1,0,0.5,0.0
Session_ID_1987,0,14,0.0,0,1.0,0,1,1,0,3,0,1,0.0,0.2
Session_ID_1988,0,32,11.0,0,3.0,0,3,1,1,7,1,1,0.0,0.21212121212121213
Session_ID_1989,0,38,2.0,0,6.0,5,7,13,0,5,0,0,0.625,0.1282051282051282
Session_ID_1990,1,223,198.0,0,3.0,0,0,16,0,0,1,1,0.0,0.0
Session_ID_1991,0,11,3.0,3,1.0,0,2,0,0,2,2,1,0.0,0.16666666666666666
Session_ID_1992,0,14,2.0,0,2.0,1,3,6,0,0,0,0,0.25,0.0
Session_ID_1993,1,4,1.0,1,0.0,0,0,0,0,2,0,1,0.0,0.4
Session_ID_1994,1,9,3.0,0,2.0,0,0,2,0,2,1,1,0.0,0.2
Session_ID_1995,0,11,1.0,0,5.0,0,1,2,0,2,0,1,0.0,0.16666666666666666
Session_ID_1996,0,7,0.0,0,3.0,0,1,3,0,0,0,1,0.0,0.0
Session_ID_1997,0,11,0.0,0,0.0,0,0,1,0,2,0,1,0.0,0.16666666666666666
Session_ID_1998,0,7,0.0,0,0.0,0,0,1,0,2,0,1,0.0,0.25
Session_ID_1999,0,17,0.0,0,2.0,0,0,1,0,4,0,1,0.0,0.2222222222222222
Session_ID_2000,0,7,0.0,1,1.0,1,2,1,0,1,0,0,0.3333333333333333,0.125
Session_ID_2001,1,10,4.0,3,0.0,0,0,2,0,0,2,1,0.0,0.0
Session_ID_2002,0,20,6.0,0,1.0,1,3,2,1,3,1,0,0.25,0.14285714285714285
Session_ID_2003,0,5,0.0,0,2.0,0,1,2,0,0,0,1,0.0,0.0
Session_ID_2004,1,15,7.0,0,0.0,0,1,6,0,0,1,1,0.0,0.0
Session_ID_2005,0,2,3.0,0,0.0,0,2,1,0,8,1,1,0.0,2.6666666666666665
Session_ID_2006,0,21,4.0,1,2.0,0,2,2,1,9,1,1,0.0,0.4090909090909091
Session_ID_2007,0,6,1.0,0,1.0,1,1,1,0,1,0,0,0.5,0.14285714285714285
Session_ID_2008,0,5,0.0,0,0.0,0,1,3,0,1,0,1,0.0,0.16666666666666666
Session_ID_2009,1,4,0.0,0,0.0,0,0,0,0,1,0,1,0.0,0.2
Session_ID_2010,1,20,4.0,1,2.0,0,2,1,0,6,1,1,0.0,0.2857142857142857
Session_ID_2011,0,10,0.0,0,1.0,0,1,4,0,4,0,1,0.0,0.36363636363636365
Session_ID_2012,1,5,1.0,0,0.0,0,0,3,0,0,0,1,0.0,0.0
Session_ID_2013,0,5,1.0,0,1.0,0,1,0,0,2,0,1,0.0,0.3333333333333333
Session_ID_2014,0,13,2.0,0,1.0,1,1,2,1,1,0,0,0.5,0.07142857142857142
Session_ID_2015,1,7,4.0,0,0.0,0,0,1,0,0,1,1,0.0,0.0
Session_ID_2016,1,16,0.0,0,2.0,0,0,1,0,1,0,1,0.0,0.058823529411764705
Session_ID_2017,0,8,2.0,0,0.0,0,2,1,0,3,0,1,0.0,0.3333333333333333
Session_ID_2018,0,11,0.0,0,3.0,0,1,0,0,4,0,1,0.0,0.3333333333333333
Session_ID_2019,0,11,5.0,1,1.0,1,1,1,1,0,1,1,0.5,0.0
Session_ID_2020,1,29,9.0,6,3.0,1,2,2,0,3,2,1,0.3333333333333333,0.1
Session_ID_2021,0,3,0.0,0,3.0,0,0,0,0,0,0,1,0.0,0.0
Session_ID_2022,1,38,7.0,3,6.0,0,2,8,1,9,2,1,0.0,0.23076923076923078
Session_ID_2023,0,13,7.0,0,0.0,0,1,1,0,3,1,1,0.0,0.21428571428571427
Session_ID_2024,0,68,13.0,18,12.0,0,1,5,0,13,2,1,0.0,0.18840579710144928
Session_ID_2025,0,10,4.0,0,1.0,0,1,1,1,0,1,1,0.0,0.0
Session_ID_2026,0,1,0.0,0,3.0,0,1,1,0,1,0,1,0.0,0.5
Session_ID_2027,0,10,4.0,0,1.0,0,1,1,1,1,1,1,0.0,0.09090909090909091
Session_ID_2028,0,9,1.0,0,0.0,1,3,1,1,1,0,0,0.25,0.1
Session_ID_2029,1,31,8.0,8,3.0,0,1,8,0,2,2,1,0.0,0.0625
Session_ID_2030,0,43,17.0,8,3.0,1,6,2,1,4,2,0,0.14285714285714285,0.09090909090909091
Session_ID_2031,1,10,2.0,0,1.0,0,2,4,0,0,0,1,0.0,0.0
Session_ID_2032,0,10,6.0,0,1.0,0,1,1,0,0,1,1,0.0,0.0
Session_ID_2033,0,4,0.0,0,0.0,0,1,3,0,0,0,1,0.0,0.0
Session_ID_2034,0,4,0.0,0,0.0,0,0,0,0,2,0,1,0.0,0.4
Session_ID_2035,0,5,1.0,0,0.0,0,2,2,0,0,0,1,0.0,0.0
Session_ID_2036,1,29,13.0,10,0.0,0,0,3,0,3,2,1,0.0,0.1
Session_ID_2037,0,17,8.0,2,0.0,0,2,2,0,2,2,1,0.0,0.1111111111111111
Session_ID_2038,0,30,2.0,0,6.0,0,9,13,0,0,0,1,0.0,0.0
Session_ID_2039,0,6,0.0,0,1.0,0,1,4,0,0,0,1,0.0,0.0
Session_ID_2040,0,5,1.0,0,1.0,0,1,0,0,2,0,1,0.0,0.3333333333333333
Session_ID_2041,0,36,6.0,0,3.0,0,5,6,0,15,1,1,0.0,0.40540540540540543
Session_ID_2042,0,9,0.0,0,2.0,0,0,1,0,2,0,1,0.0,0.2
Session_ID_2043,0,9,0.0,0,1.0,1,1,2,0,1,0,0,0.5,0.1
Session_ID_2044,0,11,5.0,1,1.0,0,1,1,0,2,1,1,0.0,0.16666666666666666
Session_ID_2045,0,8,4.0,0,0.0,0,1,2,0,1,1,1,0.0,0.1111111111111111
Session_ID_2046,0,16,8.0,1,2.0,0,1,1,0,3,1,1,0.0,0.17647058823529413
Session_ID_2047,1,3,0.0,0,2.0,0,0,0,0,3,0,1,0.0,0.75
Session_ID_2048,0,2,0.0,0,1.0,0,0,0,0,1,0,1,0.0,0.3333333333333333
Session_ID_2049,1,7,1.0,4,1.0,0,0,0,0,1,2,1,0.0,0.125
Session_ID_2050,1,3,1.0,0,1.0,0,0,1,0,0,0,1,0.0,0.0
Session_ID_2051,1,22,4.0,0,3.0,0,1,6,0,1,1,1,0.0,0.043478260869565216
Session_ID_2052,0,5,1.0,0,1.0,0,1,0,0,2,0,1,0.0,0.3333333333333333
Session_ID_2053,0,11,1.0,0,0.0,0,2,1,0,7,0,1,0.0,0.5833333333333334
Session_ID_2054,0,3,1.0,0,1.0,0,0,0,0,1,0,1,0.0,0.25
Session_ID_2055,0,14,0.0,0,0.0,0,0,1,0,10,0,1,0.0,0.6666666666666666
Session_ID_2056,0,48,6.0,8,7.0,0,5,1,0,13,2,1,0.0,0.2653061224489796
Session_ID_2057,1,7,0.0,0,0.0,0,0,1,0,5,0,1,0.0,0.625
Session_ID_2058,1,30,6.0,4,5.0,1,1,1,1,10,2,1,0.5,0.3225806451612903
Session_ID_2059,0,13,4.0,0,1.0,0,1,4,0,3,1,1,0.0,0.21428571428571427
Session_ID_2060,0,24,1.0,0,0.0,0,0,11,0,8,0,1,0.0,0.32
Session_ID_2061,1,6,4.0,0,0.0,0,0,1,0,0,1,1,0.0,0.0
Session_ID_2062,0,12,7.0,0,1.0,0,1,1,0,2,1,1,0.0,0.15384615384615385
Session_ID_2063,0,5,1.0,0,1.0,0,1,0,0,2,0,1,0.0,0.3333333333333333
Session_ID_2064,0,17,8.0,0,1.0,1,1,2,1,3,1,0,0.5,0.16666666666666666
Session_ID_2065,1,10,4.0,0,1.0,0,1,4,0,0,1,1,0.0,0.0
Session_ID_2066,0,6,1.0,0,1.0,0,1,1,0,2,0,1,0.0,0.2857142857142857
Session_ID_2067,0,24,1.0,0,0.0,0,4,15,0,0,0,1,0.0,0.0
Session_ID_2068,0,18,1.0,0,0.0,1,2,13,0,0,0,0,0.3333333333333333,0.0
Session_ID_2069,1,6,1.0,1,0.0,1,1,1,1,0,0,0,0.5,0.0
Session_ID_2070,0,25,10.0,9,4.0,0,0,1,0,0,2,1,0.0,0.0
Session_ID_2071,0,14,1.0,0,6.0,0,0,6,0,0,0,1,0.0,0.0
Session_ID_2072,1,9,0.0,0,0.0,0,1,1,0,0,0,1,0.0,0.0
Session_ID_2073,0,19,3.0,1,3.0,1,1,4,1,4,1,0,0.5,0.2
Session_ID_2074,1,2,1.0,0,0.0,0,0,1,0,0,0,1,0.0,0.0
Session_ID_2075,0,9,1.0,2,3.0,0,0,0,0,2,0,1,0.0,0.2
Session_ID_2076,1,4,1.0,1,0.0,0,0,0,0,1,0,1,0.0,0.2
Session_ID_2077,0,19,1.0,0,1.0,0,1,1,0,11,0,1,0.0,0.55
Session_ID_2078,0,8,2.0,2,1.0,0,1,0,0,2,2,1,0.0,0.2222222222222222
Session_ID_2079,0,13,6.0,1,1.0,1,1,1,1,0,1,0,0.5,0.0
Session_ID_2080,0,9,3.0,0,0.0,0,0,3,0,2,1,1,0.0,0.2
Session_ID_2081,0,9,3.0,0,1.0,0,1,2,0,2,1,1,0.0,0.2
Session_ID_2082,1,6,1.0,0,0.0,0,1,2,0,0,0,1,0.0,0.0
Session_ID_2083,0,2,0.0,0,1.0,0,0,1,0,0,0,1,0.0,0.0
Session_ID_2084,0,32,3.0,3,5.0,1,3,6,2,4,2,1,0.25,0.12121212121212122
Session_ID_2085,0,14,1.0,0,5.0,0,4,4,0,0,0,1,0.0,0.0
Session_ID_2086,0,19,2.0,0,0.0,0,0,2,0,8,0,1,0.0,0.4
Session_ID_2087,0,21,5.0,0,3.0,1,2,3,1,1,1,0,0.3333333333333333,0.045454545454545456
Session_ID_2088,0,6,1.0,0,2.0,0,1,0,0,2,0,1,0.0,0.2857142857142857
Session_ID_2089,1,5,1.0,0,1.0,0,1,2,0,0,0,1,0.0,0.0
Session_ID_2090,1,3,0.0,0,0.0,1,1,0,0,1,0,0,0.5,0.25
Session_ID_2091,0,17,0.0,0,4.0,2,7,4,0,0,0,0,0.25,0.0
Session_ID_2092,0,17,6.0,1,1.0,0,0,3,0,2,1,1,0.0,0.1111111111111111
Session_ID_2093,0,8,2.0,0,3.0,0,1,0,0,2,0,1,0.0,0.2222222222222222
Session_ID_2094,0,12,5.0,0,0.0,1,2,1,1,1,1,1,0.3333333333333333,0.07692307692307693
Session_ID_2095,0,10,1.0,0,0.0,0,0,2,0,4,0,1,0.0,0.36363636363636365
Session_ID_2096,0,13,1.0,0,2.0,1,3,0,1,5,0,0,0.25,0.35714285714285715
Session_ID_2097,0,3,0.0,0,1.0,0,0,2,0,0,0,1,0.0,0.0
Session_ID_2098,0,25,0.0,0,4.0,1,1,2,0,9,0,0,0.5,0.34615384615384615
Session_ID_2099,1,9,2.0,2,1.0,0,0,1,0,3,2,1,0.0,0.3
Session_ID_2100,1,13,6.0,3,0.0,0,0,1,0,2,2,1,0.0,0.14285714285714285
Session_ID_2101,1,5,1.0,0,0.0,0,1,1,0,2,0,1,0.0,0.3333333333333333
Session_ID_2102,0,23,3.0,0,4.0,0,1,9,1,5,1,1,0.0,0.20833333333333334
Session_ID_2103,1,12,5.0,1,1.0,0,0,2,0,1,1,1,0.0,0.07692307692307693
Session_ID_2104,0,12,4.0,0,1.0,0,1,4,0,1,1,1,0.0,0.07692307692307693
Session_ID_2105,1,7,0.0,0,1.0,0,1,1,0,1,0,1,0.0,0.125
Session_ID_2106,1,8,2.0,0,2.0,0,0,4,0,0,0,1,0.0,0.0
Session_ID_2107,0,20,6.0,5,0.0,0,0,6,0,2,2,1,0.0,0.09523809523809523
Session_ID_2108,0,10,4.0,0,1.0,0,0,2,0,2,1,1,0.0,0.18181818181818182
Session_ID_2109,0,7,3.0,0,2.0,0,0,2,0,0,1,1,0.0,0.0
Session_ID_2110,0,3,1.0,0,1.0,0,0,1,0,0,0,1,0.0,0.0
Session_ID_2111,0,4,0.0,0,3.0,0,0,1,0,0,0,1,0.0,0.0
Session_ID_2112,0,9,4.0,0,0.0,0,1,3,0,1,1,1,0.0,0.1
Session_ID_2113,0,12,4.0,0,1.0,0,1,2,0,4,1,1,0.0,0.3076923076923077
Session_ID_2114,0,5,0.0,0,2.0,0,1,0,0,1,0,1,0.0,0.16666666666666666
Session_ID_2115,1,5,0.0,0,0.0,0,0,1,0,0,0,1,0.0,0.0
Session_ID_2116,0,4,0.0,0,1.0,0,1,0,0,2,0,1,0.0,0.4
Session_ID_2117,0,5,1.0,0,0.0,0,1,3,0,0,0,1,0.0,0.0
Session_ID_2118,0,29,0.0,0,0.0,0,1,24,0,1,0,1,0.0,0.03333333333333333
Session_ID_2119,0,9,1.0,0,0.0,0,1,1,0,6,0,1,0.0,0.6
Session_ID_2120,0,34,10.0,0,0.0,1,3,8,0,0,1,0,0.25,0.0
Session_ID_2121,0,9,3.0,0,0.0,0,0,3,0,1,1,1,0.0,0.1
Session_ID_2122,0,7,0.0,0,0.0,1,1,1,0,1,0,0,0.5,0.125
Session_ID_2123,0,11,7.0,0,0.0,0,1,2,0,0,1,1,0.0,0.0
Session_ID_2124,0,1,5.0,2,0.0,2,3,4,2,1,2,0,0.5,0.5
Session_ID_2125,0,7,3.0,0,1.0,0,0,1,0,1,1,1,0.0,0.125
Session_ID_2126,0,2,0.0,0,1.0,0,0,0,0,1,0,1,0.0,0.3333333333333333
Session_ID_2127,0,10,1.0,0,1.0,0,0,6,0,0,0,1,0.0,0.0
Session_ID_2128,0,22,2.0,2,8.0,0,0,5,0,2,2,1,0.0,0.08695652173913043
Session_ID_2129,0,5,1.0,0,0.0,0,1,1,1,1,0,1,0.0,0.16666666666666666
Session_ID_2130,1,8,1.0,0,0.0,0,0,2,0,2,0,1,0.0,0.2222222222222222
Session_ID_2131,0,9,2.0,0,2.0,0,2,0,0,3,0,1,0.0,0.3
Session_ID_2132,0,14,1.0,0,4.0,0,1,2,0,6,0,1,0.0,0.4
Session_ID_2133,0,15,9.0,0,0.0,0,1,3,0,2,1,1,0.0,0.125
Session_ID_2134,0,16,7.0,0,1.0,0,0,6,0,2,1,1,0.0,0.11764705882352941
Session_ID_2135,1,10,0.0,0,2.0,0,0,0,0,1,0,1,0.0,0.09090909090909091
Session_ID_2136,0,9,1.0,0,0.0,0,1,0,0,6,0,1,0.0,0.6
Session_ID_2137,0,4,0.0,0,0.0,0,2,1,0,1,0,1,0.0,0.2
Session_ID_2138,0,13,8.0,0,1.0,0,1,1,0,2,1,1,0.0,0.14285714285714285
Session_ID_2139,0,7,1.0,0,0.0,1,2,2,0,0,0,0,0.3333333333333333,0.0
Session_ID_2140,0,12,0.0,0,1.0,0,1,1,0,2,0,1,0.0,0.15384615384615385
Session_ID_2141,0,8,1.0,0,1.0,0,2,1,0,3,0,1,0.0,0.3333333333333333
Session_ID_2142,0,10,2.0,0,0.0,0,2,5,0,1,0,1,0.0,0.09090909090909091
Session_ID_2143,0,5,1.0,0,1.0,0,1,0,0,2,0,1,0.0,0.3333333333333333
Session_ID_2144,1,23,0.0,0,0.0,0,0,0,0,14,0,1,0.0,0.5833333333333334
Session_ID_2145,0,14,2.0,2,6.0,0,0,1,0,3,2,1,0.0,0.2
Session_ID_2146,0,5,1.0,0,0.0,0,1,2,0,1,0,1,0.0,0.16666666666666666
Session_ID_2147,1,47,35.0,4,1.0,0,0,1,0,2,2,1,0.0,0.041666666666666664
Session_ID_2148,1,10,0.0,0,0.0,0,1,1,0,3,0,1,0.0,0.2727272727272727
Session_ID_2149,0,3,0.0,0,1.0,0,1,1,0,0,0,1,0.0,0.0
Session_ID_2150,0,55,12.0,18,10.0,0,1,2,1,7,2,1,0.0,0.125
Session_ID_2151,0,10,2.0,0,2.0,0,2,1,0,3,0,1,0.0,0.2727272727272727
Session_ID_2152,0,7,2.0,0,2.0,0,1,0,0,2,0,1,0.0,0.25
Session_ID_2153,1,4,1.0,0,0.0,0,0,1,0,2,0,1,0.0,0.4
Session_ID_2154,1,5,1.0,0,0.0,0,2,2,0,0,0,1,0.0,0.0
Session_ID_2155,0,3,0.0,0,0.0,0,2,1,0,0,0,1,0.0,0.0
Session_ID_2156,0,16,2.0,2,4.0,0,1,3,0,4,2,1,0.0,0.23529411764705882
Session_ID_2157,0,14,4.0,0,2.0,0,2,6,0,0,1,1,0.0,0.0
Session_ID_2158,0,4,0.0,0,1.0,0,1,0,1,1,0,1,0.0,0.2
Session_ID_2159,0,20,4.0,0,1.0,0,1,10,0,0,1,1,0.0,0.0
Session_ID_2160,0,7,1.0,0,0.0,1,2,1,0,1,0,0,0.3333333333333333,0.125
Session_ID_2161,0,11,4.0,0,1.0,0,0,4,0,0,1,1,0.0,0.0
Session_ID_2162,0,14,6.0,2,0.0,1,1,1,1,2,2,0,0.5,0.13333333333333333
Session_ID_2163,1,26,1.0,0,2.0,1,1,8,0,0,0,0,0.5,0.0
Session_ID_2164,1,9,5.0,0,1.0,0,1,2,0,0,1,1,0.0,0.0
Session_ID_2165,0,12,1.0,1,1.0,0,0,2,0,3,0,1,0.0,0.23076923076923078
Session_ID_2166,0,27,9.0,0,1.0,0,2,2,1,11,1,1,0.0,0.39285714285714285
Session_ID_2167,0,15,2.0,0,2.0,0,1,3,0,1,0,1,0.0,0.0625
Session_ID_2168,0,18,5.0,0,5.0,0,1,2,1,3,1,1,0.0,0.15789473684210525
Session_ID_2169,0,28,4.0,1,5.0,0,1,4,0,11,1,1,0.0,0.3793103448275862
Session_ID_2170,0,8,0.0,0,0.0,1,2,0,0,4,0,0,0.3333333333333333,0.4444444444444444
Session_ID_2171,0,5,1.0,0,1.0,0,1,2,0,0,0,1,0.0,0.0
Session_ID_2172,0,26,10.0,0,1.0,0,1,3,0,7,1,1,0.0,0.25925925925925924
Session_ID_2173,0,10,5.0,0,1.0,0,1,1,0,2,1,1,0.0,0.18181818181818182
Session_ID_2174,0,4,0.0,0,0.0,0,1,0,1,1,0,1,0.0,0.2
Session_ID_2175,1,20,11.0,0,0.0,1,3,4,0,0,1,0,0.25,0.0
Session_ID_2176,1,10,4.0,1,2.0,0,0,1,0,1,1,1,0.0,0.09090909090909091
Session_ID_2177,0,38,4.0,22,5.0,0,1,2,0,1,2,1,0.0,0.02564102564102564
Session_ID_2178,0,8,0.0,0,2.0,1,2,3,0,0,0,0,0.3333333333333333,0.0
Session_ID_2179,0,6,1.0,0,2.0,0,0,3,0,0,0,1,0.0,0.0
Session_ID_2180,0,5,1.0,0,1.0,0,2,0,0,0,0,1,0.0,0.0
Session_ID_2181,0,41,3.0,0,2.0,0,2,7,0,0,1,1,0.0,0.0
Session_ID_2182,0,6,1.0,0,1.0,0,1,1,0,2,0,1,0.0,0.2857142857142857
Session_ID_2183,0,5,0.0,0,0.0,0,1,1,0,3,0,1,0.0,0.5
Session_ID_2184,1,7,0.0,0,0.0,0,1,2,0,2,0,1,0.0,0.25
Session_ID_2185,0,17,6.0,0,1.0,0,2,2,0,4,1,1,0.0,0.2222222222222222
Session_ID_2186,0,23,0.0,0,1.0,0,1,7,0,1,0,1,0.0,0.041666666666666664
Session_ID_2187,0,7,2.0,1,1.0,0,1,0,0,2,0,1,0.0,0.25
Session_ID_2188,0,10,3.0,0,1.0,0,1,1,1,2,1,1,0.0,0.18181818181818182
Session_ID_2189,0,32,4.0,11,2.0,1,1,2,1,5,2,0,0.5,0.15151515151515152
Session_ID_2190,0,5,1.0,0,1.0,0,1,0,0,2,0,1,0.0,0.3333333333333333
Session_ID_2191,0,14,4.0,0,0.0,1,1,1,0,6,1,0,0.5,0.4
Session_ID_2192,1,3,1.0,0,1.0,0,0,1,0,0,0,1,0.0,0.0
Session_ID_2193,0,10,0.0,0,1.0,0,0,1,0,1,0,1,0.0,0.09090909090909091
Session_ID_2194,0,17,4.0,3,1.0,1,1,2,1,1,2,0,0.5,0.05555555555555555
Session_ID_2195,0,13,0.0,0,1.0,0,4,0,0,8,0,1,0.0,0.5714285714285714
Session_ID_2196,0,5,0.0,0,3.0,0,1,1,0,0,0,1,0.0,0.0
Session_ID_2197,0,20,0.0,0,0.0,0,0,2,0,4,0,1,0.0,0.19047619047619047
Session_ID_2198,1,7,2.0,2,1.0,0,0,1,0,1,2,1,0.0,0.125
Session_ID_2199,0,6,1.0,0,0.0,0,0,0,0,4,0,1,0.0,0.5714285714285714
Session_ID_2200,0,8,2.0,0,2.0,0,1,1,0,2,0,1,0.0,0.2222222222222222
Session_ID_2201,1,3,1.0,0,1.0,0,0,1,0,0,0,1,0.0,0.0
Session_ID_2202,1,3,1.0,0,1.0,0,0,1,0,0,0,1,0.0,0.0
Session_ID_2203,0,69,1.0,0,1.0,0,2,53,0,1,0,1,0.0,0.014285714285714285
Session_ID_2204,1,10,1.0,3,5.0,0,0,0,0,1,2,1,0.0,0.09090909090909091
Session_ID_2205,0,53,3.0,0,1.0,0,9,33,0,0,1,1,0.0,0.0
Session_ID_2206,0,2,1.0,0,0.0,0,0,3,0,1,0,1,0.0,0.3333333333333333
Session_ID_2207,0,12,6.0,0,1.0,0,1,1,0,3,1,1,0.0,0.23076923076923078
Session_ID_2208,1,33,9.0,9,0.0,0,1,1,0,6,2,1,0.0,0.17647058823529413
Session_ID_2209,0,52,14.0,2,13.0,1,1,2,1,9,2,0,0.5,0.16981132075471697
Session_ID_2210,0,33,12.0,0,9.0,0,2,10,0,0,1,1,0.0,0.0
Session_ID_2211,1,17,9.0,0,1.0,0,1,2,0,3,1,1,0.0,0.16666666666666666
Session_ID_2212,1,23,15.0,4,0.0,0,0,1,0,2,2,1,0.0,0.08333333333333333
Session_ID_2213,1,28,18.0,3,2.0,0,0,1,0,2,2,1,0.0,0.06896551724137931
Session_ID_2214,0,6,1.0,0,0.0,0,1,3,0,0,0,1,0.0,0.0
Session_ID_2215,0,5,0.0,0,1.0,0,0,1,0,1,0,1,0.0,0.16666666666666666
Session_ID_2216,0,67,12.0,15,32.0,0,3,0,0,5,2,1,0.0,0.07352941176470588
Session_ID_2217,0,12,3.0,0,0.0,2,1,0,1,3,1,0,1.0,0.23076923076923078
Session_ID_2218,0,8,1.0,0,2.0,0,0,1,0,3,0,1,0.0,0.3333333333333333
Session_ID_2219,0,12,5.0,0,1.0,1,1,1,1,1,1,0,0.5,0.07692307692307693
Session_ID_2220,0,8,2.0,0,0.0,1,1,1,1,1,0,0,0.5,0.1111111111111111
Session_ID_2221,1,8,2.0,0,1.0,0,1,1,0,3,0,1,0.0,0.3333333333333333
Session_ID_2222,1,6,2.0,1,0.0,0,0,0,0,3,0,1,0.0,0.42857142857142855
Session_ID_2223,0,23,1.0,0,1.0,0,2,6,1,11,0,1,0.0,0.4583333333333333
Session_ID_2224,0,1,4.0,0,0.0,0,4,1,0,1,1,1,0.0,0.5
Session_ID_2225,0,19,2.0,0,4.0,2,4,0,0,7,0,1,0.4,0.35
Session_ID_2226,1,19,12.0,0,1.0,0,0,3,0,2,1,1,0.0,0.1
Session_ID_2227,0,8,0.0,0,1.0,1,1,1,1,2,0,0,0.5,0.2222222222222222
Session_ID_2228,0,10,3.0,0,0.0,0,0,1,0,3,1,1,0.0,0.2727272727272727
Session_ID_2229,0,15,6.0,1,0.0,0,0,1,0,5,1,1,0.0,0.3125
Session_ID_2230,0,14,0.0,0,1.0,0,0,4,0,6,0,1,0.0,0.4
Session_ID_2231,0,7,1.0,1,1.0,0,2,0,0,2,0,1,0.0,0.25
Session_ID_2232,1,30,14.0,0,1.0,0,0,0,0,7,1,1,0.0,0.22580645161290322
Session_ID_2233,0,12,2.0,0,2.0,1,3,0,1,3,0,0,0.25,0.23076923076923078
Session_ID_2234,1,17,10.0,0,4.0,0,0,1,0,1,1,1,0.0,0.05555555555555555
Session_ID_2235,0,11,3.0,3,0.0,0,0,2,0,1,2,1,0.0,0.08333333333333333
Session_ID_2236,0,4,0.0,0,1.0,0,1,0,0,2,0,1,0.0,0.4
Session_ID_2237,1,57,0.0,0,1.0,0,5,3,0,9,0,1,0.0,0.15517241379310345
Session_ID_2238,1,5,1.0,0,0.0,0,1,2,0,1,0,1,0.0,0.16666666666666666
Session_ID_2239,1,4,1.0,1,1.0,0,0,1,0,0,0,1,0.0,0.0
Session_ID_2240,0,3,0.0,0,0.0,0,1,2,0,0,0,1,0.0,0.0
Session_ID_2241,0,8,3.0,0,1.0,0,1,1,0,2,1,1,0.0,0.2222222222222222
Session_ID_2242,0,7,1.0,0,1.0,0,0,2,0,2,0,1,0.0,0.25
Session_ID_2243,0,10,5.0,0,1.0,0,1,1,0,2,1,1,0.0,0.18181818181818182
Session_ID_2244,0,6,2.0,0,1.0,0,0,1,0,2,0,1,0.0,0.2857142857142857
Session_ID_2245,0,14,0.0,0,0.0,1,1,1,0,3,0,0,0.5,0.2
Session_ID_2246,0,6,1.0,0,2.0,0,1,0,0,2,0,1,0.0,0.2857142857142857
Session_ID_2247,1,4,1.0,0,0.0,0,1,2,0,0,0,1,0.0,0.0
Session_ID_2248,0,2,0.0,0,1.0,0,1,0,0,0,0,1,0.0,0.0
Session_ID_2249,0,11,0.0,0,1.0,0,2,8,0,0,0,1,0.0,0.0
Session_ID_2250,0,19,6.0,0,0.0,1,1,3,1,4,1,0,0.5,0.2
Session_ID_2251,0,12,5.0,0,1.0,0,0,4,0,2,1,1,0.0,0.15384615384615385
Session_ID_2252,0,5,1.0,0,1.0,0,1,0,0,2,0,1,0.0,0.3333333333333333
Session_ID_2253,0,3,0.0,0,1.0,0,1,0,1,0,0,1,0.0,0.0
Session_ID_2254,1,80,25.0,0,15.0,0,0,34,0,0,1,1,0.0,0.0
Session_ID_2255,0,208,163.0,1,13.0,0,5,9,1,16,1,1,0.0,0.07655502392344497
Session_ID_2256,0,5,0.0,0,1.0,0,1,3,0,0,0,1,0.0,0.0
Session_ID_2257,0,49,9.0,25,0.0,0,0,4,0,10,2,1,0.0,0.2
Session_ID_2258,1,8,6.0,0,0.0,0,0,1,0,0,1,1,0.0,0.0
Session_ID_2259,1,6,1.0,0,0.0,0,2,1,1,1,0,1,0.0,0.14285714285714285
Session_ID_2260,0,2,0.0,0,2.0,0,0,0,0,0,0,1,0.0,0.0
Session_ID_2261,0,5,1.0,0,1.0,0,1,0,0,2,0,1,0.0,0.3333333333333333
Session_ID_2262,0,17,5.0,0,1.0,1,1,0,1,1,1,1,0.5,0.05555555555555555
Session_ID_2263,0,18,2.0,0,1.0,0,0,1,0,12,0,1,0.0,0.631578947368421
Session_ID_2264,1,26,21.0,0,1.0,0,0,2,0,2,1,1,0.0,0.07407407407407407
Session_ID_2265,0,8,3.0,0,1.0,0,0,2,0,1,1,1,0.0,0.1111111111111111
Session_ID_2266,0,7,0.0,0,2.0,0,1,4,0,0,0,1,0.0,0.0
Session_ID_2267,0,63,2.0,50,1.0,1,2,2,1,1,2,0,0.3333333333333333,0.015625
Session_ID_2268,0,5,1.0,0,1.0,0,1,0,0,2,0,1,0.0,0.3333333333333333
Session_ID_2269,1,15,3.0,3,0.0,0,0,2,0,6,2,1,0.0,0.375
Session_ID_2270,0,18,5.0,3,1.0,1,1,1,1,3,2,0,0.5,0.15789473684210525
Session_ID_2271,1,4,1.0,0,0.0,0,0,1,0,1,0,1,0.0,0.2
Session_ID_2272,1,29,0.0,0,0.0,0,0,3,0,5,0,1,0.0,0.16666666666666666
Session_ID_2273,0,9,1.0,1,1.0,1,1,1,1,1,0,0,0.5,0.1
Session_ID_2274,0,5,0.0,0,0.0,0,0,2,0,1,0,1,0.0,0.16666666666666666
Session_ID_2275,0,12,4.0,0,0.0,1,1,1,1,2,1,0,0.5,0.15384615384615385
Session_ID_2276,1,4,1.0,0,2.0,0,0,0,0,1,0,1,0.0,0.2
Session_ID_2277,1,6,3.0,0,0.0,0,0,1,0,0,1,1,0.0,0.0
Session_ID_2278,0,11,5.0,0,1.0,0,1,1,0,2,1,1,0.0,0.16666666666666666
Session_ID_2279,0,5,1.0,0,1.0,0,1,0,0,2,0,1,0.0,0.3333333333333333
Session_ID_2280,0,15,4.0,1,0.0,1,2,1,1,4,1,0,0.3333333333333333,0.25
Session_ID_2281,1,29,4.0,0,3.0,2,4,10,0,1,1,0,0.4,0.03333333333333333
Session_ID_2282,0,7,1.0,0,3.0,0,0,1,0,1,0,1,0.0,0.125
Session_ID_2283,0,21,1.0,0,2.0,0,2,8,0,2,0,1,0.0,0.09090909090909091
Session_ID_2284,0,10,2.0,0,2.0,0,1,2,0,3,0,1,0.0,0.2727272727272727
Session_ID_2285,0,12,1.0,0,3.0,0,0,0,0,1,0,1,0.0,0.07692307692307693
Session_ID_2286,0,5,3.0,0,1.0,0,0,1,0,0,1,1,0.0,0.0
Session_ID_2287,1,9,4.0,0,1.0,0,0,0,0,2,1,1,0.0,0.2
Session_ID_2288,0,9,4.0,0,2.0,0,0,1,0,2,1,1,0.0,0.2
Session_ID_2289,1,20,2.0,2,2.0,0,5,1,2,6,2,1,0.0,0.2857142857142857
Session_ID_2290,1,66,8.0,49,0.0,0,1,2,0,2,2,1,0.0,0.029850746268656716
Session_ID_2291,1,15,3.0,0,1.0,0,0,3,0,4,1,1,0.0,0.25
Session_ID_2292,0,22,3.0,2,0.0,0,4,2,0,6,2,1,0.0,0.2608695652173913
Session_ID_2293,0,4,0.0,0,1.0,0,1,2,0,0,0,1,0.0,0.0
Session_ID_2294,0,7,2.0,0,1.0,0,1,1,0,2,0,1,0.0,0.25
Session_ID_2295,0,84,2.0,0,2.0,1,2,77,0,0,0,0,0.3333333333333333,0.0
Session_ID_2296,0,27,4.0,5,4.0,0,0,2,0,8,2,1,0.0,0.2857142857142857
Session_ID_2297,0,8,1.0,0,0.0,0,1,2,0,4,0,1,0.0,0.4444444444444444
Session_ID_2298,0,15,9.0,1,0.0,0,0,1,0,2,1,1,0.0,0.125
Session_ID_2299,1,9,2.0,4,1.0,0,0,1,0,1,2,1,0.0,0.1
Session_ID_2300,0,31,9.0,0,3.0,0,1,10,0,8,1,1,0.0,0.25
Session_ID_2301,1,2,1.0,0,0.0,0,0,0,0,0,0,1,0.0,0.0
Session_ID_2302,0,7,0.0,0,1.0,0,1,0,0,5,0,1,0.0,0.625
Session_ID_2303,0,6,1.0,0,2.0,0,1,0,1,1,0,1,0.0,0.14285714285714285
Session_ID_2304,0,17,1.0,0,0.0,0,4,10,0,0,0,1,0.0,0.0
Session_ID_2305,0,5,1.0,0,1.0,0,1,0,0,2,0,1,0.0,0.3333333333333333
Session_ID_2306,0,13,5.0,0,1.0,0,1,1,1,1,1,1,0.0,0.07142857142857142
Session_ID_2307,0,19,8.0,1,2.0,0,0,3,0,4,1,1,0.0,0.2
Session_ID_2308,0,6,1.0,0,0.0,0,1,1,0,3,0,1,0.0,0.42857142857142855
Session_ID_2309,1,7,0.0,0,3.0,0,1,0,0,2,0,1,0.0,0.25
Session_ID_2310,1,3,0.0,0,2.0,0,0,0,0,1,0,1,0.0,0.25
Session_ID_2311,1,23,2.0,1,1.0,0,0,7,0,7,0,1,0.0,0.2916666666666667
Session_ID_2312,1,5,1.0,1,0.0,0,0,1,0,2,0,1,0.0,0.3333333333333333
Session_ID_2313,1,3,1.0,0,0.0,0,0,2,0,0,0,1,0.0,0.0
Session_ID_2314,1,10,1.0,5,1.0,0,0,1,0,1,2,1,0.0,0.09090909090909091
Session_ID_2315,1,2,1.0,0,0.0,0,0,0,0,1,0,1,0.0,0.3333333333333333
Session_ID_2316,1,12,5.0,1,1.0,0,0,1,0,2,1,1,0.0,0.15384615384615385
Session_ID_2317,0,15,4.0,5,1.0,1,1,1,1,1,2,0,0.5,0.0625
Session_ID_2318,1,6,3.0,1,0.0,0,0,0,0,1,1,1,0.0,0.14285714285714285
Session_ID_2319,0,5,2.0,1,1.0,0,0,0,0,1,0,1,0.0,0.16666666666666666
Session_ID_2320,1,10,1.0,0,0.0,0,0,0,0,6,0,1,0.0,0.5454545454545454
Session_ID_2321,0,5,0.0,0,1.0,0,0,1,0,3,0,1,0.0,0.5
Session_ID_2322,0,9,4.0,0,1.0,0,0,3,0,1,1,1,0.0,0.1
Session_ID_2323,0,10,4.0,0,1.0,0,0,4,0,0,1,1,0.0,0.0
Session_ID_2324,1,9,1.0,1,1.0,0,2,0,1,3,0,1,0.0,0.3
Session_ID_2325,0,10,3.0,0,1.0,0,0,1,0,4,1,1,0.0,0.36363636363636365
Session_ID_2326,0,6,1.0,0,0.0,0,2,3,0,0,0,1,0.0,0.0
Session_ID_2327,1,5,1.0,0,0.0,0,1,3,0,0,0,1,0.0,0.0
Session_ID_2328,0,19,1.0,0,0.0,0,1,13,0,1,0,1,0.0,0.05
Session_ID_2329,1,28,11.0,5,4.0,0,0,3,0,3,2,1,0.0,0.10344827586206896
Session_ID_2330,0,6,1.0,0,2.0,0,1,0,0,2,0,1,0.0,0.2857142857142857
Session_ID_2331,0,14,9.0,0,1.0,0,1,1,0,2,1,1,0.0,0.13333333333333333
Session_ID_2332,0,25,2.0,17,0.0,0,1,3,0,2,2,1,0.0,0.07692307692307693
Session_ID_2333,0,15,5.0,0,2.0,0,0,1,0,3,1,1,0.0,0.1875
Session_ID_2334,0,14,3.0,3,1.0,1,1,1,1,2,2,0,0.5,0.13333333333333333
Session_ID_2335,0,41,8.0,7,4.0,0,2,7,0,12,2,1,0.0,0.2857142857142857
Session_ID_2336,0,5,1.0,0,1.0,0,1,0,0,2,0,1,0.0,0.3333333333333333
Session_ID_2337,0,50,21.0,15,1.0,1,1,3,1,4,2,0,0.5,0.0784313725490196
Session_ID_2338,0,11,6.0,0,0.0,1,1,1,1,1,1,0,0.5,0.08333333333333333
Session_ID_2339,0,4,1.0,0,1.0,0,1,1,0,0,0,1,0.0,0.0
Session_ID_2340,0,5,0.0,0,0.0,0,1,1,0,3,0,1,0.0,0.5
Session_ID_2341,0,19,8.0,3,0.0,0,2,1,1,3,2,1,0.0,0.15
Session_ID_2342,0,7,1.0,0,2.0,0,2,0,0,2,0,1,0.0,0.25
Session_ID_2343,0,21,7.0,1,2.0,0,2,3,2,2,1,1,0.0,0.09090909090909091
Session_ID_2344,0,5,1.0,0,1.0,0,1,0,0,2,0,1,0.0,0.3333333333333333
Session_ID_2345,0,37,11.0,7,6.0,0,1,1,1,9,2,1,0.0,0.23684210526315788
Session_ID_2346,0,5,1.0,0,1.0,0,1,0,0,2,0,1,0.0,0.3333333333333333
Session_ID_2347,0,9,4.0,0,2.0,0,0,1,0,1,1,1,0.0,0.1
Session_ID_2348,0,6,0.0,0,0.0,0,3,1,0,2,0,1,0.0,0.2857142857142857
Session_ID_2349,0,4,0.0,0,1.0,0,1,1,0,1,0,1,0.0,0.2
Session_ID_2350,0,29,5.0,2,1.0,0,1,4,0,2,2,1,0.0,0.06666666666666667
Session_ID_2351,0,10,1.0,0,1.0,0,2,3,1,1,0,1,0.0,0.09090909090909091
Session_ID_2352,0,2,0.0,0,1.0,0,0,1,0,0,0,1,0.0,0.0
Session_ID_2353,0,24,4.0,0,1.0,1,2,14,0,1,1,0,0.3333333333333333,0.04
Session_ID_2354,0,5,1.0,0,0.0,0,1,1,0,0,0,1,0.0,0.0
Session_ID_2355,0,17,5.0,6,1.0,0,0,2,0,1,2,1,0.0,0.05555555555555555
Session_ID_2356,0,9,3.0,0,0.0,0,2,3,0,0,1,1,0.0,0.0
Session_ID_2357,0,6,1.0,0,1.0,0,1,0,1,2,0,1,0.0,0.2857142857142857
Session_ID_2358,0,9,1.0,0,0.0,1,1,0,1,4,0,1,0.5,0.4
Session_ID_2359,1,3,1.0,0,1.0,0,0,0,0,1,0,1,0.0,0.25
Session_ID_2360,0,18,6.0,3,3.0,0,0,3,0,2,2,1,0.0,0.10526315789473684
Session_ID_2361,0,13,3.0,0,1.0,0,3,2,0,0,1,1,0.0,0.0
Session_ID_2362,0,8,1.0,0,1.0,1,2,1,0,2,0,1,0.3333333333333333,0.2222222222222222
Session_ID_2363,0,5,0.0,0,0.0,0,1,1,0,3,0,1,0.0,0.5
Session_ID_2364,0,16,5.0,0,0.0,0,3,7,0,1,1,1,0.0,0.058823529411764705
Session_ID_2365,1,2,1.0,0,0.0,0,0,0,0,1,0,1,0.0,0.3333333333333333
Session_ID_2366,1,39,22.0,5,2.0,0,0,2,0,7,2,1,0.0,0.175
Session_ID_2367,0,9,0.0,0,0.0,0,2,2,0,3,0,1,0.0,0.3
Session_ID_2368,0,9,1.0,0,0.0,0,1,5,0,1,0,1,0.0,0.1
Session_ID_2369,0,17,0.0,0,4.0,0,1,3,0,2,0,1,0.0,0.1111111111111111
Session_ID_2370,1,8,0.0,0,0.0,0,0,1,0,3,0,1,0.0,0.3333333333333333
Session_ID_2371,0,5,2.0,0,1.0,0,0,0,0,2,0,1,0.0,0.3333333333333333
Session_ID_2372,0,2,0.0,0,1.0,0,0,0,0,1,0,1,0.0,0.3333333333333333
Session_ID_2373,1,11,3.0,4,0.0,0,1,1,0,2,2,1,0.0,0.16666666666666666
Session_ID_2374,0,14,6.0,0,1.0,0,1,1,1,4,1,1,0.0,0.26666666666666666
Session_ID_2375,0,3,0.0,0,1.0,0,1,0,0,0,0,1,0.0,0.0
Session_ID_2376,0,8,2.0,0,2.0,0,1,0,0,3,0,1,0.0,0.3333333333333333
Session_ID_2377,0,9,1.0,0,1.0,1,3,0,1,2,0,0,0.25,0.2
Session_ID_2378,0,28,10.0,7,5.0,0,1,1,1,2,2,1,0.0,0.06896551724137931
Session_ID_2379,0,6,2.0,0,0.0,0,1,1,0,2,0,1,0.0,0.2857142857142857
Session_ID_2380,0,16,5.0,0,1.0,0,0,2,0,5,1,1,0.0,0.29411764705882354
Session_ID_2381,0,5,1.0,0,0.0,0,0,0,0,2,0,1,0.0,0.3333333333333333
Session_ID_2382,0,5,1.0,0,2.0,0,0,0,0,2,0,1,0.0,0.3333333333333333
Session_ID_2383,1,13,8.0,0,2.0,0,0,1,0,1,1,1,0.0,0.07142857142857142
Session_ID_2384,1,15,7.0,0,8.0,0,0,0,0,0,1,1,0.0,0.0
Session_ID_2385,1,6,1.0,0,0.0,0,0,1,0,1,0,1,0.0,0.14285714285714285
Session_ID_2386,0,11,3.0,1,1.0,0,2,0,0,1,1,1,0.0,0.08333333333333333
Session_ID_2387,0,9,0.0,0,1.0,0,0,2,0,2,0,1,0.0,0.2
Session_ID_2388,1,7,4.0,0,1.0,0,0,1,0,1,1,1,0.0,0.125
Session_ID_2389,0,54,11.0,7,6.0,0,9,4,0,5,2,1,0.0,0.09090909090909091
Session_ID_2390,0,2,0.0,0,2.0,0,0,0,0,0,0,1,0.0,0.0
Session_ID_2391,1,8,0.0,0,0.0,0,0,1,0,0,0,0,0.0,0.0
Session_ID_2392,0,4,0.0,0,0.0,0,1,0,1,2,0,1,0.0,0.4
Session_ID_2393,0,20,10.0,1,1.0,1,2,1,0,4,1,0,0.3333333333333333,0.19047619047619047
Session_ID_2394,0,5,0.0,0,1.0,1,2,0,0,0,0,0,0.3333333333333333,0.0
Session_ID_2395,1,57,13.0,1,3.0,1,2,8,0,5,1,0,0.3333333333333333,0.08620689655172414
Session_ID_2396,0,27,20.0,0,2.0,0,1,2,0,2,1,1,0.0,0.07142857142857142
Session_ID_2397,0,14,9.0,0,0.0,0,1,1,0,3,1,1,0.0,0.2
Session_ID_2398,0,6,2.0,0,1.0,0,0,1,0,0,0,1,0.0,0.0
Session_ID_2399,0,7,5.0,0,0.0,0,1,1,0,0,1,1,0.0,0.0
Session_ID_2400,0,19,4.0,0,1.0,1,1,10,0,0,1,0,0.5,0.0
Session_ID_2401,0,10,1.0,0,1.0,0,4,1,0,0,0,1,0.0,0.0
Session_ID_2402,0,5,1.0,0,1.0,0,1,0,0,2,0,1,0.0,0.3333333333333333
Session_ID_2403,0,4,0.0,0,1.0,0,1,0,0,2,0,1,0.0,0.4
Session_ID_2404,0,3,1.0,0,1.0,0,0,1,0,0,0,1,0.0,0.0
Session_ID_2405,0,10,2.0,0,4.0,0,0,1,0,2,0,1,0.0,0.18181818181818182
Session_ID_2406,0,17,8.0,0,2.0,1,1,1,1,2,1,1,0.5,0.1111111111111111
Session_ID_2407,0,15,6.0,0,2.0,0,4,1,0,2,1,1,0.0,0.125
Session_ID_2408,0,10,4.0,0,0.0,1,1,1,1,2,1,1,0.5,0.18181818181818182
Session_ID_2409,1,13,1.0,0,3.0,0,2,7,0,0,0,1,0.0,0.0
Session_ID_2410,1,8,0.0,0,2.0,0,0,1,0,2,0,1,0.0,0.2222222222222222
Session_ID_2411,0,27,5.0,2,2.0,0,1,3,1,7,2,1,0.0,0.25
Session_ID_2412,0,7,1.0,0,0.0,0,1,4,0,1,0,1,0.0,0.125
Session_ID_2413,0,4,0.0,0,1.0,0,1,1,0,1,0,1,0.0,0.2
Session_ID_2414,0,11,2.0,0,2.0,0,1,1,0,5,0,1,0.0,0.4166666666666667
Session_ID_2415,0,6,1.0,0,0.0,0,1,3,0,1,0,1,0.0,0.14285714285714285
Session_ID_2416,0,7,3.0,0,1.0,0,1,0,0,2,1,1,0.0,0.25
Session_ID_2417,0,12,6.0,0,0.0,1,1,1,1,2,1,0,0.5,0.15384615384615385
Session_ID_2418,0,5,1.0,0,1.0,0,1,0,0,2,0,1,0.0,0.3333333333333333
Session_ID_2419,0,13,5.0,0,3.0,0,1,2,0,1,1,1,0.0,0.07142857142857142
Session_ID_2420,0,8,1.0,0,0.0,0,1,5,0,1,0,1,0.0,0.1111111111111111
Session_ID_2421,0,7,2.0,0,1.0,0,1,1,0,2,0,1,0.0,0.25
Session_ID_2422,0,13,0.0,0,3.0,0,3,7,0,0,0,1,0.0,0.0
Session_ID_2423,0,6,1.0,0,0.0,1,1,1,1,0,0,1,0.5,0.0
Session_ID_2424,0,40,5.0,2,3.0,2,1,8,1,12,2,0,1.0,0.2926829268292683
Session_ID_2425,0,14,5.0,1,1.0,1,1,2,1,2,1,0,0.5,0.13333333333333333
Session_ID_2426,0,16,14.0,0,0.0,0,1,14,1,1,1,1,0.0,0.058823529411764705
Session_ID_2427,1,6,2.0,0,2.0,0,1,0,0,1,0,1,0.0,0.14285714285714285
Session_ID_2428,0,12,0.0,0,0.0,1,1,1,0,5,0,0,0.5,0.38461538461538464
Session_ID_2429,0,9,1.0,0,3.0,0,0,2,0,0,0,1,0.0,0.0
Session_ID_2430,0,4,1.0,0,0.0,0,1,1,0,1,0,1,0.0,0.2
Session_ID_2431,0,7,2.0,0,1.0,0,1,3,0,0,0,1,0.0,0.0
Session_ID_2432,0,14,6.0,0,2.0,1,2,1,2,0,1,0,0.3333333333333333,0.0
Session_ID_2433,1,6,2.0,0,1.0,0,0,2,0,0,0,1,0.0,0.0
Session_ID_2434,0,5,1.0,0,2.0,0,1,0,0,1,0,1,0.0,0.16666666666666666
Session_ID_2435,0,10,1.0,0,1.0,1,3,0,0,0,0,1,0.25,0.0
Session_ID_2436,0,17,2.0,0,4.0,0,0,6,0,0,0,1,0.0,0.0
Session_ID_2437,0,24,3.0,3,3.0,0,2,4,1,5,2,1,0.0,0.2
Session_ID_2438,0,20,1.0,5,2.0,0,0,3,0,8,2,1,0.0,0.38095238095238093
Session_ID_2439,0,10,4.0,0,1.0,0,1,2,0,2,1,1,0.0,0.18181818181818182
Session_ID_2440,0,8,3.0,0,0.0,0,1,1,1,2,1,1,0.0,0.2222222222222222
Session_ID_2441,0,20,16.0,0,0.0,0,1,1,0,2,1,1,0.0,0.09523809523809523
Session_ID_2442,0,20,8.0,7,1.0,0,0,2,0,1,2,1,0.0,0.047619047619047616
Session_ID_2443,0,4,1.0,0,1.0,0,1,1,0,0,0,1,0.0,0.0
Session_ID_2444,0,3,0.0,0,0.0,0,2,0,0,1,0,1,0.0,0.25
Session_ID_2445,0,31,21.0,0,0.0,2,1,1,1,4,1,0,1.0,0.125
Session_ID_2446,0,23,4.0,1,4.0,1,3,0,0,8,1,0,0.25,0.3333333333333333
Session_ID_2447,0,5,0.0,0,1.0,0,1,0,0,2,0,1,0.0,0.3333333333333333
Session_ID_2448,0,3,0.0,0,1.0,0,1,0,1,0,0,1,0.0,0.0
Session_ID_2449,0,5,0.0,0,2.0,0,1,0,0,2,0,1,0.0,0.3333333333333333
Session_ID_2450,1,13,3.0,6,0.0,0,1,1,1,1,2,1,0.0,0.07142857142857142
Session_ID_2451,1,16,5.0,0,5.0,0,0,2,0,3,1,1,0.0,0.17647058823529413
Session_ID_2452,1,5,3.0,0,0.0,0,0,1,0,1,1,1,0.0,0.16666666666666666
Session_ID_2453,0,12,8.0,0,0.0,0,1,1,0,2,1,1,0.0,0.15384615384615385
Session_ID_2454,0,3,0.0,0,0.0,0,1,1,0,1,0,1,0.0,0.25
Session_ID_2455,0,9,3.0,0,1.0,0,1,3,0,1,1,1,0.0,0.1
Session_ID_2456,1,7,1.0,0,0.0,0,0,1,0,2,0,1,0.0,0.25
Session_ID_2457,0,4,1.0,0,1.0,0,1,1,0,0,0,1,0.0,0.0
Session_ID_2458,1,3,1.0,0,0.0,0,0,0,0,1,0,1,0.0,0.25
Session_ID_2459,1,10,0.0,0,1.0,0,0,6,0,0,0,1,0.0,0.0
Session_ID_2460,0,9,1.0,1,0.0,0,2,1,2,2,0,1,0.0,0.2
Session_ID_2461,0,18,7.0,0,1.0,1,1,1,1,3,1,0,0.5,0.15789473684210525
Session_ID_2462,0,16,5.0,6,1.0,0,0,2,0,0,2,1,0.0,0.0
Session_ID_2463,1,3,1.0,0,1.0,0,0,1,0,0,0,1,0.0,0.0
Session_ID_2464,0,4,0.0,0,1.0,0,1,0,0,2,0,1,0.0,0.4
Session_ID_2465,0,6,0.0,0,1.0,0,1,3,0,1,0,1,0.0,0.14285714285714285
Session_ID_2466,1,47,0.0,0,4.0,0,1,0,0,4,0,1,0.0,0.08333333333333333
Session_ID_2467,0,8,1.0,0,2.0,0,2,0,0,3,0,1,0.0,0.3333333333333333
Session_ID_2468,0,58,6.0,0,3.0,0,2,8,0,24,1,1,0.0,0.4067796610169492
Session_ID_2469,0,7,1.0,0,0.0,0,1,3,0,1,0,1,0.0,0.125
Session_ID_2470,1,31,9.0,0,5.0,1,2,14,0,0,1,0,0.3333333333333333,0.0
Session_ID_2471,0,15,6.0,0,1.0,0,1,3,0,3,1,1,0.0,0.1875
Session_ID_2472,0,8,0.0,0,2.0,0,2,4,0,0,0,1,0.0,0.0
Session_ID_2473,0,19,8.0,0,1.0,1,2,0,0,4,1,0,0.3333333333333333,0.2
Session_ID_2474,1,9,3.0,1,0.0,0,0,2,0,1,1,1,0.0,0.1
Session_ID_2475,1,9,2.0,2,0.0,0,1,0,1,2,2,1,0.0,0.2
Session_ID_2476,0,10,6.0,0,0.0,0,1,2,0,1,1,1,0.0,0.09090909090909091
Session_ID_2477,0,7,0.0,0,0.0,0,0,1,0,4,0,1,0.0,0.5
Session_ID_2478,0,17,8.0,1,1.0,1,2,3,0,0,1,0,0.3333333333333333,0.0
Session_ID_2479,0,7,4.0,0,1.0,0,0,1,0,1,1,1,0.0,0.125
Session_ID_2480,0,9,4.0,0,2.0,0,0,2,0,0,1,1,0.0,0.0
Session_ID_2481,1,13,3.0,3,2.0,0,0,0,0,4,2,1,0.0,0.2857142857142857
Session_ID_2482,0,18,11.0,0,2.0,0,1,3,0,1,1,1,0.0,0.05263157894736842
Session_ID_2483,0,10,0.0,0,2.0,1,2,1,0,2,0,0,0.3333333333333333,0.18181818181818182
Session_ID_2484,0,24,6.0,7,3.0,0,0,2,0,5,2,1,0.0,0.2
Session_ID_2485,0,26,6.0,7,2.0,1,1,2,1,5,2,0,0.5,0.18518518518518517
Session_ID_2486,1,16,4.0,0,4.0,0,1,0,0,2,1,1,0.0,0.11764705882352941
Session_ID_2487,0,5,1.0,0,1.0,0,2,0,0,0,0,1,0.0,0.0
Session_ID_2488,0,52,12.0,0,11.0,0,2,19,0,0,1,1,0.0,0.0
Session_ID_2489,0,11,0.0,0,2.0,0,6,3,0,0,0,1,0.0,0.0
Session_ID_2490,0,14,8.0,0,1.0,0,1,2,0,2,1,1,0.0,0.13333333333333333
Session_ID_2491,1,28,6.0,6,3.0,0,1,3,0,5,2,1,0.0,0.1724137931034483
Session_ID_2492,0,15,5.0,1,2.0,0,1,0,1,5,1,1,0.0,0.3125
Session_ID_2493,1,11,1.0,2,0.0,0,1,1,0,4,0,1,0.0,0.3333333333333333
Session_ID_2494,0,6,1.0,0,1.0,0,0,1,0,1,0,1,0.0,0.14285714285714285
Session_ID_2495,0,7,2.0,0,1.0,0,1,1,0,2,0,1,0.0,0.25
Session_ID_2496,0,9,0.0,0,2.0,0,1,5,0,1,0,1,0.0,0.1
Session_ID_2497,0,5,2.0,0,0.0,0,2,1,0,0,0,1,0.0,0.0
Session_ID_2498,0,7,1.0,0,2.0,0,1,0,0,3,0,1,0.0,0.375
Session_ID_2499,0,12,3.0,0,0.0,0,1,7,0,0,1,1,0.0,0.0
Session_ID_2500,1,21,6.0,4,1.0,0,0,1,0,5,2,1,0.0,0.22727272727272727
Session_ID_2501,0,10,2.0,0,1.0,1,1,1,1,1,0,1,0.5,0.09090909090909091
Session_ID_2502,0,5,1.0,0,0.0,0,1,0,0,2,0,1,0.0,0.3333333333333333
Session_ID_2503,0,15,3.0,0,2.0,0,1,1,1,6,1,1,0.0,0.375
Session_ID_2504,1,20,2.0,0,6.0,0,6,1,0,5,0,1,0.0,0.23809523809523808
Session_ID_2505,0,18,7.0,1,2.0,0,2,2,0,3,1,1,0.0,0.15789473684210525
Session_ID_2506,0,22,5.0,1,0.0,0,2,1,1,9,1,1,0.0,0.391304347826087
Session_ID_2507,1,21,7.0,11,0.0,0,0,0,0,0,2,1,0.0,0.0
Session_ID_2508,0,2,0.0,0,1.0,0,0,0,0,1,0,1,0.0,0.3333333333333333
Session_ID_2509,1,10,5.0,1,0.0,0,0,2,0,1,1,1,0.0,0.09090909090909091
Session_ID_2510,0,10,3.0,0,0.0,0,0,1,0,3,1,1,0.0,0.2727272727272727
Session_ID_2511,1,30,5.0,6,7.0,0,0,2,0,8,2,1,0.0,0.25806451612903225
Session_ID_2512,0,10,1.0,0,1.0,0,1,1,0,1,0,1,0.0,0.09090909090909091
Session_ID_2513,0,20,0.0,0,2.0,0,3,15,0,0,0,1,0.0,0.0
Session_ID_2514,0,12,8.0,0,0.0,0,1,1,0,2,1,1,0.0,0.15384615384615385
Session_ID_2515,0,3,0.0,0,1.0,0,0,2,0,0,0,1,0.0,0.0
Session_ID_2516,1,1,0.0,0,0.0,0,1,0,0,0,0,1,0.0,0.0
Session_ID_2517,0,7,2.0,0,1.0,0,0,3,0,1,0,1,0.0,0.125
Session_ID_2518,0,132,26.0,0,3.0,0,2,89,0,0,1,1,0.0,0.0
Session_ID_2519,0,8,4.0,0,0.0,0,0,2,0,1,1,1,0.0,0.1111111111111111
Session_ID_2520,0,8,3.0,0,1.0,0,2,1,0,0,1,1,0.0,0.0
Session_ID_2521,0,23,6.0,0,2.0,0,1,2,1,2,1,1,0.0,0.08333333333333333
Session_ID_2522,0,34,7.0,0,1.0,1,2,7,0,0,1,0,0.3333333333333333,0.0
Session_ID_2523,1,3,1.0,0,1.0,0,0,1,0,0,0,1,0.0,0.0
Session_ID_2524,0,7,1.0,0,0.0,0,2,4,0,0,0,1,0.0,0.0
Session_ID_2525,1,13,3.0,4,1.0,0,0,0,0,3,2,1,0.0,0.21428571428571427
Session_ID_2526,0,5,0.0,0,1.0,0,0,1,0,3,0,1,0.0,0.5
Session_ID_2527,0,4,0.0,0,1.0,0,1,1,0,1,0,1,0.0,0.2
Session_ID_2528,0,16,10.0,0,1.0,0,0,3,0,1,1,1,0.0,0.058823529411764705
Session_ID_2529,0,11,6.0,0,0.0,0,1,1,1,2,1,1,0.0,0.16666666666666666
Session_ID_2530,0,25,3.0,2,1.0,1,1,3,1,10,2,0,0.5,0.38461538461538464
Session_ID_2531,1,9,5.0,0,0.0,0,0,1,0,2,1,1,0.0,0.2
Session_ID_2532,0,20,2.0,0,3.0,0,0,5,0,7,0,1,0.0,0.3333333333333333
Session_ID_2533,0,17,5.0,0,3.0,1,2,2,0,0,1,0,0.3333333333333333,0.0
Session_ID_2534,0,13,6.0,0,1.0,0,1,2,0,2,1,1,0.0,0.14285714285714285
Session_ID_2535,0,13,0.0,0,1.0,1,2,2,0,2,0,0,0.3333333333333333,0.14285714285714285
Session_ID_2536,1,9,5.0,0,0.0,1,1,2,0,0,1,0,0.5,0.0
Session_ID_2537,0,20,14.0,0,0.0,0,1,1,0,3,1,1,0.0,0.14285714285714285
Session_ID_2538,1,8,3.0,0,0.0,0,0,1,0,2,1,1,0.0,0.2222222222222222
Session_ID_2539,0,15,1.0,0,0.0,0,4,7,0,2,0,1,0.0,0.125
Session_ID_2540,0,12,1.0,0,4.0,0,3,3,0,0,0,1,0.0,0.0
Session_ID_2541,0,35,1.0,0,3.0,0,1,24,0,1,0,1,0.0,0.027777777777777776
Session_ID_2542,1,16,6.0,0,0.0,0,1,5,0,0,1,1,0.0,0.0
Session_ID_2543,0,2,0.0,0,1.0,0,0,1,0,0,0,1,0.0,0.0
Session_ID_2544,0,8,0.0,0,1.0,0,1,5,0,0,0,1,0.0,0.0
Session_ID_2545,0,4,0.0,0,1.0,0,1,0,1,1,0,1,0.0,0.2
Session_ID_2546,0,10,3.0,0,3.0,0,0,4,0,0,1,1,0.0,0.0
Session_ID_2547,1,3,1.0,0,0.0,0,0,0,0,1,0,1,0.0,0.25
Session_ID_2548,0,4,1.0,0,1.0,0,1,1,0,0,0,1,0.0,0.0
Session_ID_2549,0,9,4.0,0,1.0,0,1,1,0,2,1,1,0.0,0.2
Session_ID_2550,1,11,3.0,1,2.0,0,1,1,0,3,1,1,0.0,0.25
Session_ID_2551,0,7,2.0,0,1.0,0,1,1,0,2,0,1,0.0,0.25
Session_ID_2552,0,8,2.0,0,2.0,0,2,0,0,2,0,1,0.0,0.2222222222222222
Session_ID_2553,1,16,1.0,0,0.0,1,1,2,1,2,0,0,0.5,0.11764705882352941
Session_ID_2554,1,11,7.0,0,0.0,0,1,2,0,1,1,1,0.0,0.08333333333333333
Session_ID_2555,1,21,0.0,0,7.0,0,0,1,0,4,0,1,0.0,0.18181818181818182
Session_ID_2556,0,7,1.0,0,0.0,0,0,1,0,5,0,1,0.0,0.625
Session_ID_2557,0,10,4.0,0,1.0,11,2,1,0,1,1,0,3.6666666666666665,0.09090909090909091
Session_ID_2558,1,14,5.0,0,1.0,1,2,1,1,2,1,0,0.3333333333333333,0.13333333333333333
Session_ID_2559,0,15,3.0,0,0.0,0,1,5,1,4,1,1,0.0,0.25
Session_ID_2560,0,4,1.0,0,1.0,0,0,2,0,0,0,1,0.0,0.0
Session_ID_2561,1,42,8.0,6,18.0,1,2,1,0,6,2,0,0.3333333333333333,0.13953488372093023
Session_ID_2562,0,12,2.0,0,2.0,0,2,5,0,0,0,1,0.0,0.0
Session_ID_2563,0,5,1.0,0,1.0,0,1,2,0,0,0,1,0.0,0.0
Session_ID_2564,0,4,0.0,0,1.0,0,1,0,0,2,0,1,0.0,0.4
Session_ID_2565,0,12,0.0,0,2.0,0,1,9,0,0,0,1,0.0,0.0
Session_ID_2566,0,13,7.0,0,2.0,0,1,2,0,1,1,1,0.0,0.07142857142857142
Session_ID_2567,0,7,0.0,0,1.0,0,2,4,0,0,0,1,0.0,0.0
Session_ID_2568,1,7,2.0,2,0.0,0,0,1,0,1,2,1,0.0,0.125
Session_ID_2569,0,6,1.0,0,1.0,0,0,2,0,1,0,1,0.0,0.14285714285714285
Session_ID_2570,0,5,1.0,0,2.0,0,0,1,0,1,0,1,0.0,0.16666666666666666
Session_ID_2571,0,10,4.0,0,2.0,0,0,2,0,0,1,1,0.0,0.0
Session_ID_2572,0,7,0.0,0,0.0,1,4,2,0,0,0,0,0.2,0.0
Session_ID_2573,0,65,3.0,0,1.0,0,0,14,0,27,1,1,0.0,0.4090909090909091
Session_ID_2574,0,11,0.0,0,1.0,1,2,2,0,0,0,0,0.3333333333333333,0.0
Session_ID_2575,0,6,1.0,0,0.0,1,2,1,0,0,0,0,0.3333333333333333,0.0
Session_ID_2576,0,3,1.0,0,1.0,0,0,1,0,0,0,1,0.0,0.0
Session_ID_2577,1,3,0.0,0,1.0,0,0,0,0,1,0,1,0.0,0.25
Session_ID_2578,1,3,1.0,0,0.0,0,1,1,0,0,0,1,0.0,0.0
Session_ID_2579,0,12,6.0,0,1.0,0,1,1,1,2,1,1,0.0,0.15384615384615385
Session_ID_2580,0,6,1.0,0,1.0,0,1,0,1,2,0,1,0.0,0.2857142857142857
Session_ID_2581,1,3,1.0,0,0.0,0,0,1,0,1,0,1,0.0,0.25
Session_ID_2582,0,100,16.0,0,2.0,0,2,60,0,1,1,1,0.0,0.009900990099009901
Session_ID_2583,0,14,2.0,0,0.0,1,1,4,0,0,0,0,0.5,0.0
Session_ID_2584,0,13,7.0,0,1.0,0,0,2,0,1,1,1,0.0,0.07142857142857142
Session_ID_2585,1,2,1.0,0,0.0,0,0,1,0,0,0,1,0.0,0.0
Session_ID_2586,1,5,1.0,1,0.0,0,1,0,0,1,0,1,0.0,0.16666666666666666
Session_ID_2587,0,5,1.0,0,1.0,0,1,0,0,2,0,1,0.0,0.3333333333333333
Session_ID_2588,1,10,0.0,7,1.0,0,0,0,0,2,2,1,0.0,0.18181818181818182
Session_ID_2589,0,19,13.0,0,1.0,0,2,1,0,2,1,1,0.0,0.1
Session_ID_2590,1,4,1.0,0,0.0,0,0,0,0,3,0,1,0.0,0.6
Session_ID_2591,0,2,0.0,0,0.0,0,1,0,0,1,0,1,0.0,0.3333333333333333
Session_ID_2592,1,4,1.0,1,0.0,0,0,0,0,1,0,1,0.0,0.2
Session_ID_2593,0,5,1.0,0,0.0,1,1,2,0,0,0,0,0.5,0.0
Session_ID_2594,1,28,5.0,10,12.0,0,0,0,0,1,2,1,0.0,0.034482758620689655
Session_ID_2595,0,4,1.0,0,0.0,0,1,0,1,1,0,1,0.0,0.2
Session_ID_2596,0,29,1.0,0,4.0,0,0,16,0,0,0,1,0.0,0.0
Session_ID_2597,0,9,0.0,0,0.0,0,1,1,0,4,0,1,0.0,0.4
Session_ID_2598,1,21,1.0,0,3.0,0,1,7,0,0,0,1,0.0,0.0
Session_ID_2599,0,7,1.0,0,4.0,0,0,1,0,1,0,1,0.0,0.125
Session_ID_2600,1,11,4.0,0,1.0,0,0,2,0,2,1,1,0.0,0.16666666666666666
Session_ID_2601,0,8,0.0,0,1.0,0,1,1,0,2,0,1,0.0,0.2222222222222222
Session_ID_2602,0,16,6.0,0,1.0,0,4,3,0,0,1,1,0.0,0.0
Session_ID_2603,0,8,0.0,0,1.0,0,2,2,0,1,0,1,0.0,0.1111111111111111
Session_ID_2604,0,8,1.0,0,2.0,0,2,0,0,3,0,1,0.0,0.3333333333333333
Session_ID_2605,0,24,3.0,1,5.0,1,4,1,1,6,1,0,0.2,0.24
Session_ID_2606,0,8,0.0,0,1.0,1,2,4,0,0,0,0,0.3333333333333333,0.0
Session_ID_2607,0,24,5.0,10,3.0,0,1,2,0,2,2,1,0.0,0.08
Session_ID_2608,0,7,1.0,0,1.0,0,2,0,1,2,0,1,0.0,0.25
Session_ID_2609,1,6,1.0,0,0.0,0,1,1,0,0,0,1,0.0,0.0
Session_ID_2610,0,39,3.0,0,2.0,0,6,25,0,3,1,1,0.0,0.075
Session_ID_2611,0,12,6.0,0,0.0,1,1,1,1,2,1,0,0.5,0.15384615384615385
Session_ID_2612,1,2,1.0,0,0.0,0,0,0,0,1,0,1,0.0,0.3333333333333333
Session_ID_2613,0,16,4.0,1,1.0,1,1,0,1,4,1,0,0.5,0.23529411764705882
Session_ID_2614,1,5,2.0,0,1.0,0,0,1,0,1,0,1,0.0,0.16666666666666666
Session_ID_2615,0,54,2.0,0,10.0,7,10,23,0,1,0,0,0.6363636363636364,0.01818181818181818
Session_ID_2616,0,6,2.0,0,0.0,0,1,2,0,1,0,1,0.0,0.14285714285714285
Session_ID_2617,0,32,6.0,3,5.0,1,6,2,0,8,2,0,0.14285714285714285,0.24242424242424243
Session_ID_2618,0,14,0.0,0,1.0,2,3,1,0,6,0,0,0.5,0.4
Session_ID_2619,1,3,12.0,5,8.0,0,1,2,1,11,2,1,0.0,2.75
Session_ID_2620,0,9,1.0,0,1.0,1,2,2,0,1,0,0,0.3333333333333333,0.1
Session_ID_2621,0,12,4.0,0,2.0,0,0,4,0,0,1,1,0.0,0.0
Session_ID_2622,0,13,2.0,0,2.0,0,4,0,2,3,0,1,0.0,0.21428571428571427
Session_ID_2623,0,10,2.0,0,1.0,1,1,1,1,3,0,0,0.5,0.2727272727272727
Session_ID_2624,0,68,28.0,18,5.0,1,1,2,1,7,2,0,0.5,0.10144927536231885
Session_ID_2625,0,2,0.0,0,1.0,0,0,0,0,1,0,1,0.0,0.3333333333333333
Session_ID_2626,0,19,0.0,0,0.0,1,3,2,1,12,0,0,0.25,0.6
Session_ID_2627,0,21,10.0,0,2.0,0,0,6,0,0,1,1,0.0,0.0
Session_ID_2628,0,17,8.0,0,2.0,0,1,5,0,0,1,1,0.0,0.0
Session_ID_2629,0,15,5.0,0,1.0,1,1,2,1,4,1,0,0.5,0.25
Session_ID_2630,0,4,0.0,0,1.0,0,1,1,0,1,0,1,0.0,0.2
Session_ID_2631,1,18,4.0,4,4.0,0,0,0,0,3,2,1,0.0,0.15789473684210525
Session_ID_2632,0,7,0.0,0,1.0,1,3,0,0,2,0,0,0.25,0.25
Session_ID_2633,0,8,1.0,0,0.0,1,1,1,1,2,0,0,0.5,0.2222222222222222
Session_ID_2634,0,7,1.0,0,3.0,0,1,0,0,2,0,1,0.0,0.25
Session_ID_2635,0,7,2.0,1,0.0,0,1,1,1,1,0,1,0.0,0.125
Session_ID_2636,0,13,0.0,0,4.0,1,4,2,0,2,0,0,0.2,0.14285714285714285
Session_ID_2637,0,4,1.0,0,1.0,0,1,1,0,0,0,1,0.0,0.0
Session_ID_2638,0,11,3.0,0,1.0,1,1,5,0,0,1,0,0.5,0.0
Session_ID_2639,0,2,0.0,0,1.0,0,0,1,0,0,0,1,0.0,0.0
Session_ID_2640,0,16,2.0,0,6.0,0,1,2,0,4,0,1,0.0,0.23529411764705882
Session_ID_2641,0,11,2.0,0,4.0,0,2,0,0,3,0,1,0.0,0.25
Session_ID_2642,1,3,1.0,0,0.0,0,0,0,0,1,0,1,0.0,0.25
Session_ID_2643,1,5,1.0,0,1.0,0,0,1,0,2,0,1,0.0,0.3333333333333333
Session_ID_2644,1,5,1.0,0,0.0,0,0,1,0,1,0,1,0.0,0.16666666666666666
Session_ID_2645,0,10,1.0,0,0.0,0,3,0,1,5,0,1,0.0,0.45454545454545453
Session_ID_2646,0,7,3.0,0,0.0,0,1,1,0,2,1,1,0.0,0.25
Session_ID_2647,1,3,1.0,0,1.0,0,0,1,0,0,0,1,0.0,0.0
Session_ID_2648,0,40,13.0,12,3.0,0,1,1,0,7,2,1,0.0,0.17073170731707318
Session_ID_2649,0,8,2.0,0,0.0,1,1,1,1,1,0,0,0.5,0.1111111111111111
Session_ID_2650,0,3,0.0,0,1.0,0,1,1,0,0,0,1,0.0,0.0
Session_ID_2651,0,34,26.0,3,2.0,0,0,1,0,2,2,1,0.0,0.05714285714285714
Session_ID_2652,0,9,2.0,1,3.0,0,1,0,0,2,0,1,0.0,0.2
Session_ID_2653,1,8,2.0,0,0.0,0,1,3,0,0,0,1,0.0,0.0
Session_ID_2654,0,7,0.0,0,1.0,0,1,1,0,3,0,1,0.0,0.375
Session_ID_2655,0,6,1.0,0,1.0,0,0,2,0,1,0,1,0.0,0.14285714285714285
Session_ID_2656,0,7,1.0,0,1.0,0,1,1,0,3,0,1,0.0,0.375
Session_ID_2657,0,12,6.0,0,0.0,1,1,0,1,3,1,1,0.5,0.23076923076923078
Session_ID_2658,0,10,4.0,0,0.0,0,3,1,1,1,1,1,0.0,0.09090909090909091
Session_ID_2659,1,6,1.0,2,0.0,0,0,1,0,1,0,1,0.0,0.14285714285714285
Session_ID_2660,1,6,4.0,0,0.0,0,0,2,0,0,1,1,0.0,0.0
Session_ID_2661,0,8,0.0,0,1.0,0,0,1,0,2,0,1,0.0,0.2222222222222222
Session_ID_2662,0,6,0.0,0,0.0,0,1,1,0,2,0,1,0.0,0.2857142857142857
Session_ID_2663,0,3,1.0,0,1.0,0,0,1,0,0,0,1,0.0,0.0
Session_ID_2664,1,23,7.0,3,5.0,0,0,1,0,6,2,1,0.0,0.25
Session_ID_2665,1,39,11.0,6,0.0,0,2,4,1,6,2,1,0.0,0.15
Session_ID_2666,0,8,1.0,0,2.0,0,1,0,0,2,0,1,0.0,0.2222222222222222
Session_ID_2667,1,11,2.0,0,0.0,0,0,1,0,4,0,1,0.0,0.3333333333333333
Session_ID_2668,0,6,1.0,0,0.0,0,1,0,0,4,0,1,0.0,0.5714285714285714
Session_ID_2669,0,8,2.0,0,2.0,0,1,2,0,1,0,1,0.0,0.1111111111111111
Session_ID_2670,1,9,6.0,0,0.0,0,0,1,0,2,1,1,0.0,0.2
Session_ID_2671,1,13,6.0,0,1.0,0,0,4,0,1,1,1,0.0,0.07142857142857142
Session_ID_2672,0,7,1.0,0,1.0,0,1,1,0,3,0,1,0.0,0.375
Session_ID_2673,0,19,5.0,3,2.0,0,3,1,1,1,2,1,0.0,0.05
Session_ID_2674,1,4,1.0,1,0.0,0,0,1,0,1,0,1,0.0,0.2
Session_ID_2675,0,21,8.0,1,3.0,1,1,1,1,3,1,0,0.5,0.13636363636363635
Session_ID_2676,0,2,0.0,0,1.0,0,0,0,0,1,0,1,0.0,0.3333333333333333
Session_ID_2677,0,5,0.0,0,1.0,0,2,2,0,0,0,1,0.0,0.0
Session_ID_2678,0,10,5.0,0,0.0,0,1,1,0,3,1,1,0.0,0.2727272727272727
Session_ID_2679,0,13,0.0,0,2.0,0,1,1,0,3,0,1,0.0,0.21428571428571427
Session_ID_2680,0,8,3.0,0,0.0,0,1,1,0,2,1,1,0.0,0.2222222222222222
Session_ID_2681,0,10,5.0,0,2.0,0,0,1,0,1,1,1,0.0,0.09090909090909091
Session_ID_2682,0,9,0.0,0,3.0,0,0,6,0,0,0,1,0.0,0.0
Session_ID_2683,0,6,1.0,0,2.0,0,1,1,0,1,0,1,0.0,0.14285714285714285
Session_ID_2684,0,15,11.0,0,0.0,0,1,1,0,2,1,1,0.0,0.125
Session_ID_2685,0,21,9.0,3,2.0,0,1,4,1,1,2,1,0.0,0.045454545454545456
Session_ID_2686,1,9,1.0,2,4.0,0,0,0,0,1,0,1,0.0,0.1
Session_ID_2687,0,13,5.0,0,1.0,0,2,1,0,3,1,1,0.0,0.21428571428571427
Session_ID_2688,0,13,0.0,0,3.0,0,0,2,0,1,0,1,0.0,0.07142857142857142
Session_ID_2689,1,35,5.0,4,7.0,0,1,3,0,14,2,1,0.0,0.3888888888888889
Session_ID_2690,0,18,8.0,2,0.0,1,1,1,1,4,2,0,0.5,0.21052631578947367
Session_ID_2691,0,17,9.0,1,1.0,0,1,2,1,2,1,1,0.0,0.1111111111111111
Session_ID_2692,1,14,3.0,0,0.0,0,2,2,1,3,1,1,0.0,0.2
Session_ID_2693,0,13,2.0,0,1.0,0,2,4,0,4,0,1,0.0,0.2857142857142857
Session_ID_2694,1,5,1.0,0,1.0,0,1,2,0,0,0,1,0.0,0.0
Session_ID_2695,0,25,12.0,4,2.0,0,1,1,1,2,2,1,0.0,0.07692307692307693
Session_ID_2696,0,11,0.0,0,0.0,0,1,1,0,2,0,1,0.0,0.16666666666666666
Session_ID_2697,0,12,7.0,0,1.0,0,1,1,0,2,1,1,0.0,0.15384615384615385
Session_ID_2698,1,7,2.0,0,0.0,0,1,0,0,2,0,1,0.0,0.25
Session_ID_2699,0,16,9.0,0,1.0,0,2,3,0,1,1,1,0.0,0.058823529411764705
Session_ID_2700,0,24,16.0,0,1.0,1,2,4,0,0,1,0,0.3333333333333333,0.0
Session_ID_2701,1,11,0.0,4,1.0,0,1,1,1,2,0,1,0.0,0.16666666666666666
Session_ID_2702,0,3,0.0,0,2.0,0,0,1,0,0,0,1,0.0,0.0
Session_ID_2703,1,3,1.0,0,1.0,0,0,1,0,0,0,1,0.0,0.0
Session_ID_2704,0,1,0.0,0,0.0,0,1,0,0,0,0,1,0.0,0.0
Session_ID_2705,0,12,7.0,0,2.0,0,0,2,0,1,1,1,0.0,0.07692307692307693
Session_ID_2706,0,13,3.0,0,0.0,0,1,3,0,3,1,1,0.0,0.21428571428571427
Session_ID_2707,0,6,1.0,0,1.0,0,1,3,0,0,0,1,0.0,0.0
Session_ID_2708,0,15,1.0,0,2.0,0,1,0,0,11,0,1,0.0,0.6875
Session_ID_2709,0,24,0.0,0,1.0,2,3,1,0,4,0,0,0.5,0.16
Session_ID_2710,1,10,1.0,1,1.0,0,0,2,0,4,0,1,0.0,0.36363636363636365
Session_ID_2711,0,46,28.0,7,3.0,0,1,2,1,3,2,1,0.0,0.06382978723404255
Session_ID_2712,1,23,7.0,0,1.0,0,0,3,0,7,1,1,0.0,0.2916666666666667
Session_ID_2713,0,10,5.0,0,1.0,0,1,1,0,2,1,1,0.0,0.18181818181818182
Session_ID_2714,1,10,2.0,2,3.0,0,0,0,0,2,2,1,0.0,0.18181818181818182
Session_ID_2715,0,31,0.0,0,0.0,0,0,2,0,2,0,1,0.0,0.0625
Session_ID_2716,1,7,4.0,0,0.0,0,0,1,0,0,1,1,0.0,0.0
Session_ID_2717,0,14,7.0,0,1.0,0,2,0,0,3,1,1,0.0,0.2
Session_ID_2718,1,12,2.0,1,1.0,0,1,1,1,1,0,1,0.0,0.07692307692307693
Session_ID_2719,1,5,1.0,1,1.0,0,0,0,0,2,0,1,0.0,0.3333333333333333
Session_ID_2720,0,12,5.0,0,0.0,1,1,1,2,1,1,0,0.5,0.07692307692307693
Session_ID_2721,0,11,4.0,0,3.0,0,0,4,0,0,1,1,0.0,0.0
Session_ID_2722,0,31,8.0,1,1.0,0,3,3,0,6,1,1,0.0,0.1875
Session_ID_2723,0,10,2.0,0,0.0,0,1,0,1,2,0,1,0.0,0.18181818181818182
Session_ID_2724,0,15,6.0,0,2.0,0,0,1,0,3,1,1,0.0,0.1875
Session_ID_2725,0,13,6.0,0,3.0,0,0,1,0,2,1,1,0.0,0.14285714285714285
Session_ID_2726,1,6,0.0,0,0.0,0,0,1,0,0,0,1,0.0,0.0
Session_ID_2727,1,3,1.0,0,0.0,0,0,0,0,1,0,1,0.0,0.25
Session_ID_2728,0,4,0.0,0,1.0,0,0,1,0,2,0,1,0.0,0.4
Session_ID_2729,1,7,3.0,0,1.0,0,0,0,0,3,1,1,0.0,0.375
Session_ID_2730,0,8,5.0,0,1.0,0,0,2,0,0,1,1,0.0,0.0
Session_ID_2731,0,8,2.0,0,1.0,0,2,2,0,1,0,1,0.0,0.1111111111111111
Session_ID_2732,1,21,10.0,7,1.0,0,0,1,0,1,2,1,0.0,0.045454545454545456
Session_ID_2733,0,5,0.0,0,0.0,0,1,3,0,1,0,1,0.0,0.16666666666666666
Session_ID_2734,0,13,1.0,0,3.0,0,2,1,1,5,0,1,0.0,0.35714285714285715
Session_ID_2735,0,32,7.0,6,3.0,0,0,1,0,5,2,1,0.0,0.15151515151515152
Session_ID_2736,1,4,1.0,0,0.0,0,0,1,0,1,0,1,0.0,0.2
Session_ID_2737,0,13,0.0,0,2.0,1,2,1,0,3,0,0,0.3333333333333333,0.21428571428571427
Session_ID_2738,0,14,4.0,0,1.0,0,0,4,0,3,1,1,0.0,0.2
Session_ID_2739,0,5,0.0,0,2.0,0,1,0,0,2,0,1,0.0,0.3333333333333333
Session_ID_2740,0,6,1.0,0,2.0,0,0,3,0,0,0,1,0.0,0.0
Session_ID_2741,0,12,1.0,0,1.0,1,1,0,0,2,0,0,0.5,0.15384615384615385
Session_ID_2742,0,12,5.0,0,1.0,1,1,1,1,2,1,0,0.5,0.15384615384615385
Session_ID_2743,0,2,0.0,0,0.0,0,1,1,0,0,0,1,0.0,0.0
Session_ID_2744,0,15,6.0,0,0.0,0,1,6,0,0,1,1,0.0,0.0
Session_ID_2745,0,9,2.0,0,0.0,1,1,0,2,1,0,0,0.5,0.1
Session_ID_2746,0,6,0.0,0,3.0,0,1,1,0,1,0,1,0.0,0.14285714285714285
Session_ID_2747,0,20,1.0,0,1.0,0,0,4,0,10,0,1,0.0,0.47619047619047616
Session_ID_2748,1,7,1.0,1,1.0,0,0,0,0,1,0,1,0.0,0.125
Session_ID_2749,1,6,3.0,0,0.0,0,0,0,0,3,1,1,0.0,0.42857142857142855
Session_ID_2750,0,16,12.0,0,1.0,0,0,1,0,1,1,1,0.0,0.058823529411764705
Session_ID_2751,0,33,4.0,0,2.0,1,1,9,1,10,1,1,0.5,0.29411764705882354
Session_ID_2752,0,10,3.0,2,0.0,0,0,1,0,2,2,1,0.0,0.18181818181818182
Session_ID_2753,0,5,0.0,0,1.0,0,1,0,0,2,0,1,0.0,0.3333333333333333
Session_ID_2754,1,9,1.0,0,0.0,0,1,5,0,0,0,1,0.0,0.0
Session_ID_2755,0,26,6.0,2,0.0,0,3,6,2,7,2,1,0.0,0.25925925925925924
Session_ID_2756,0,20,1.0,0,0.0,0,9,1,1,6,0,1,0.0,0.2857142857142857
Session_ID_2757,0,83,6.0,0,1.0,1,1,2,0,4,1,0,0.5,0.047619047619047616
Session_ID_2758,0,4,0.0,0,1.0,0,1,0,0,2,0,1,0.0,0.4
Session_ID_2759,0,12,2.0,0,2.0,1,3,0,2,2,0,0,0.25,0.15384615384615385
Session_ID_2760,0,8,1.0,0,2.0,1,2,1,1,0,0,0,0.3333333333333333,0.0
Session_ID_2761,0,5,0.0,0,0.0,1,2,1,0,1,0,0,0.3333333333333333,0.16666666666666666
Session_ID_2762,0,3,1.0,0,1.0,0,0,1,0,0,0,1,0.0,0.0
Session_ID_2763,1,15,0.0,0,3.0,0,3,2,0,5,0,1,0.0,0.3125
Session_ID_2764,0,12,0.0,0,3.0,1,2,1,2,2,0,0,0.3333333333333333,0.15384615384615385
Session_ID_2765,0,14,9.0,0,1.0,0,0,1,0,3,1,1,0.0,0.2
Session_ID_2766,1,10,2.0,3,0.0,0,1,0,0,4,2,1,0.0,0.36363636363636365
Session_ID_2767,0,6,1.0,0,1.0,0,1,0,1,2,0,1,0.0,0.2857142857142857
Session_ID_2768,1,5,1.0,0,1.0,0,1,0,0,2,0,1,0.0,0.3333333333333333
Session_ID_2769,0,16,0.0,0,1.0,0,1,3,0,4,0,1,0.0,0.23529411764705882
Session_ID_2770,0,6,1.0,0,1.0,0,1,0,0,3,0,1,0.0,0.42857142857142855
Session_ID_2771,0,5,1.0,0,1.0,0,1,0,0,2,0,1,0.0,0.3333333333333333
Session_ID_2772,1,11,8.0,0,0.0,0,1,1,0,1,1,1,0.0,0.08333333333333333
Session_ID_2773,0,7,1.0,0,0.0,1,1,0,1,2,0,1,0.5,0.25
Session_ID_2774,0,17,4.0,0,1.0,1,1,0,1,2,1,0,0.5,0.1111111111111111
Session_ID_2775,0,3,0.0,0,1.0,0,1,0,0,1,0,1,0.0,0.25
Session_ID_2776,1,3,0.0,0,0.0,0,0,1,0,0,0,1,0.0,0.0
Session_ID_2777,0,5,1.0,0,1.0,0,1,0,0,2,0,1,0.0,0.3333333333333333
Session_ID_2778,0,12,2.0,1,4.0,0,0,1,0,2,0,1,0.0,0.15384615384615385
Session_ID_2779,0,7,1.0,0,1.0,0,0,4,0,0,0,1,0.0,0.0
Session_ID_2780,0,28,16.0,0,4.0,1,2,4,0,0,1,0,0.3333333333333333,0.0
Session_ID_2781,1,22,7.0,3,3.0,0,1,2,0,5,2,1,0.0,0.21739130434782608
Session_ID_2782,0,31,0.0,0,0.0,0,2,15,0,14,0,1,0.0,0.4375
Session_ID_2783,0,6,1.0,0,2.0,0,1,0,0,2,0,1,0.0,0.2857142857142857
Session_ID_2784,1,6,8.0,3,1.0,0,0,2,0,0,2,1,0.0,0.0
Session_ID_2785,0,8,3.0,0,0.0,0,2,2,0,0,1,1,0.0,0.0
Session_ID_2786,0,4,0.0,0,0.0,0,1,2,0,1,0,1,0.0,0.2
Session_ID_2787,0,23,0.0,0,0.0,0,0,5,0,4,0,1,0.0,0.16666666666666666
Session_ID_2788,0,8,1.0,0,3.0,0,0,1,0,3,0,1,0.0,0.3333333333333333
Session_ID_2789,0,5,0.0,0,4.0,0,0,0,0,1,0,1,0.0,0.16666666666666666
Session_ID_2790,1,30,9.0,1,4.0,0,1,1,0,12,1,1,0.0,0.3870967741935484
Session_ID_2791,1,6,1.0,0,0.0,0,0,2,0,1,0,1,0.0,0.14285714285714285
Session_ID_2792,0,12,5.0,0,1.0,0,1,3,0,1,1,1,0.0,0.07692307692307693
Session_ID_2793,0,7,1.0,0,2.0,0,1,0,0,3,0,1,0.0,0.375
Session_ID_2794,0,20,3.0,0,0.0,0,10,1,1,5,1,1,0.0,0.23809523809523808
Session_ID_2795,1,6,2.0,0,0.0,0,1,1,0,1,0,1,0.0,0.14285714285714285
Session_ID_2796,1,8,4.0,0,1.0,0,0,1,0,1,1,1,0.0,0.1111111111111111
Session_ID_2797,1,3,1.0,0,0.0,0,1,1,0,0,0,1,0.0,0.0
Session_ID_2798,0,38,3.0,0,3.0,0,3,2,1,6,1,1,0.0,0.15384615384615385
Session_ID_2799,1,9,7.0,0,1.0,0,0,0,0,1,1,1,0.0,0.1
Session_ID_2800,0,11,4.0,0,1.0,1,1,0,1,2,1,1,0.5,0.16666666666666666
Session_ID_2801,0,13,2.0,0,3.0,0,3,3,0,2,0,1,0.0,0.14285714285714285
Session_ID_2802,0,20,5.0,0,1.0,0,0,8,0,0,1,1,0.0,0.0
Session_ID_2803,1,7,2.0,3,0.0,0,0,1,0,1,2,1,0.0,0.125
Session_ID_2804,0,6,0.0,0,1.0,0,0,1,0,1,0,1,0.0,0.14285714285714285
Session_ID_2805,0,7,1.0,0,0.0,0,1,4,0,1,0,1,0.0,0.125
Session_ID_2806,0,9,3.0,0,0.0,1,2,3,0,0,1,0,0.3333333333333333,0.0
Session_ID_2807,0,8,3.0,0,0.0,0,1,1,0,2,1,1,0.0,0.2222222222222222
Session_ID_2808,0,10,4.0,0,1.0,1,1,1,1,1,1,1,0.5,0.09090909090909091
Session_ID_2809,0,15,8.0,2,1.0,0,1,1,0,2,2,1,0.0,0.125
Session_ID_2810,0,15,5.0,3,3.0,0,1,0,1,2,2,1,0.0,0.125
Session_ID_2811,0,7,1.0,0,1.0,0,1,1,0,3,0,1,0.0,0.375
Session_ID_2812,1,2,1.0,0,2.0,0,2,3,0,0,0,1,0.0,0.0
Session_ID_2813,0,24,4.0,0,1.0,1,4,3,1,9,1,0,0.2,0.36
Session_ID_2814,1,7,1.0,1,1.0,0,0,0,0,3,0,1,0.0,0.375
Session_ID_2815,0,6,1.0,0,4.0,0,0,1,0,0,0,1,0.0,0.0
Session_ID_2816,0,13,6.0,0,1.0,0,1,4,0,1,1,1,0.0,0.07142857142857142
Session_ID_2817,0,14,4.0,0,0.0,0,0,4,0,5,1,1,0.0,0.3333333333333333
Session_ID_2818,0,7,1.0,0,2.0,0,1,1,0,2,0,1,0.0,0.25
Session_ID_2819,0,28,14.0,0,2.0,0,2,2,0,7,1,1,0.0,0.2413793103448276
Session_ID_2820,0,42,11.0,6,3.0,0,2,6,1,7,2,1,0.0,0.16279069767441862
Session_ID_2821,0,6,1.0,0,0.0,0,0,1,0,2,0,1,0.0,0.2857142857142857
Session_ID_2822,0,5,1.0,0,1.0,0,1,0,0,2,0,1,0.0,0.3333333333333333
Session_ID_2823,0,10,3.0,0,0.0,1,1,1,1,3,1,0,0.5,0.2727272727272727
Session_ID_2824,0,20,4.0,1,5.0,1,3,3,1,0,1,0,0.25,0.0
Session_ID_2825,0,9,3.0,0,2.0,0,0,0,0,2,1,1,0.0,0.2
Session_ID_2826,0,16,9.0,0,2.0,0,2,1,1,1,1,1,0.0,0.058823529411764705
Session_ID_2827,1,8,2.0,1,0.0,0,0,3,0,1,0,1,0.0,0.1111111111111111
Session_ID_2828,0,13,5.0,0,1.0,0,0,4,0,1,1,1,0.0,0.07142857142857142
Session_ID_2829,1,7,0.0,1,3.0,0,0,0,0,3,0,1,0.0,0.375
Session_ID_2830,0,8,3.0,0,1.0,0,1,1,0,1,1,1,0.0,0.1111111111111111
Session_ID_2831,0,4,0.0,0,1.0,0,1,1,0,1,0,1,0.0,0.2
Session_ID_2832,0,8,0.0,0,1.0,1,1,1,0,1,0,0,0.5,0.1111111111111111
Session_ID_2833,0,14,3.0,4,1.0,0,1,2,1,1,2,1,0.0,0.06666666666666667
Session_ID_2834,0,71,19.0,28,17.0,0,0,1,0,5,2,1,0.0,0.06944444444444445
Session_ID_2835,0,9,2.0,0,0.0,1,1,3,0,2,0,0,0.5,0.2
Session_ID_2836,1,0,1.0,0,0.0,0,0,0,0,0,0,1,0.0,0.0
Session_ID_2837,0,5,1.0,0,0.0,0,1,2,0,1,0,1,0.0,0.16666666666666666
Session_ID_2838,0,14,2.0,0,1.0,1,2,6,0,1,0,0,0.3333333333333333,0.06666666666666667
Session_ID_2839,0,11,3.0,0,1.0,1,1,2,1,1,1,1,0.5,0.08333333333333333
Session_ID_2840,0,22,7.0,3,4.0,1,1,1,1,4,2,0,0.5,0.17391304347826086
Session_ID_2841,0,11,2.0,0,1.0,0,1,2,0,3,0,1,0.0,0.25
Session_ID_2842,0,15,2.0,0,2.0,0,3,2,1,1,0,1,0.0,0.0625
Session_ID_2843,0,25,3.0,2,3.0,0,2,4,2,5,2,1,0.0,0.19230769230769232
Session_ID_2844,0,9,2.0,0,1.0,1,1,0,1,1,0,0,0.5,0.1
Session_ID_2845,0,6,1.0,0,1.0,0,1,1,0,2,0,1,0.0,0.2857142857142857
Session_ID_2846,1,3,1.0,0,1.0,0,0,1,0,0,0,1,0.0,0.0
Session_ID_2847,1,5,0.0,0,0.0,0,3,0,0,0,0,1,0.0,0.0
Session_ID_2848,0,16,6.0,1,3.0,0,0,2,0,4,1,1,0.0,0.23529411764705882
Session_ID_2849,1,13,3.0,4,1.0,0,0,1,0,3,2,1,0.0,0.21428571428571427
Session_ID_2850,0,28,0.0,0,0.0,1,2,3,0,10,0,0,0.3333333333333333,0.3448275862068966
Session_ID_2851,0,14,0.0,0,8.0,0,2,0,0,4,0,1,0.0,0.26666666666666666
Session_ID_2852,0,12,7.0,0,0.0,0,1,1,0,3,1,1,0.0,0.23076923076923078
Session_ID_2853,1,17,0.0,0,0.0,0,0,1,0,1,0,1,0.0,0.05555555555555555
Session_ID_2854,0,9,2.0,0,3.0,0,1,1,0,2,0,1,0.0,0.2
Session_ID_2855,0,5,1.0,0,0.0,0,1,1,0,2,0,1,0.0,0.3333333333333333
Session_ID_2856,0,7,1.0,0,1.0,0,1,0,1,2,0,1,0.0,0.25
Session_ID_2857,1,5,3.0,0,0.0,0,0,0,0,2,1,1,0.0,0.3333333333333333
Session_ID_2858,0,29,0.0,0,14.0,1,4,6,0,4,0,0,0.2,0.13333333333333333
Session_ID_2859,0,5,1.0,0,1.0,0,0,1,0,1,0,1,0.0,0.16666666666666666
Session_ID_2860,0,11,1.0,0,0.0,0,2,3,0,0,0,1,0.0,0.0
Session_ID_2861,0,7,0.0,0,3.0,0,2,0,0,1,0,1,0.0,0.125
Session_ID_2862,0,5,1.0,0,0.0,0,1,1,0,2,0,1,0.0,0.3333333333333333
Session_ID_2863,1,9,0.0,0,1.0,0,1,1,0,3,0,1,0.0,0.3
Session_ID_2864,0,5,0.0,0,0.0,0,1,1,0,3,0,1,0.0,0.5
Session_ID_2865,0,6,1.0,0,1.0,0,2,0,0,2,0,1,0.0,0.2857142857142857
Session_ID_2866,1,36,12.0,7,4.0,1,1,3,1,5,2,1,0.5,0.13513513513513514
Session_ID_2867,1,9,4.0,0,0.0,0,1,3,0,1,1,1,0.0,0.1
Session_ID_2868,1,3,1.0,0,1.0,0,0,0,0,0,0,1,0.0,0.0
Session_ID_2869,1,15,0.0,0,1.0,0,1,2,0,0,0,1,0.0,0.0
Session_ID_2870,1,7,4.0,0,0.0,0,0,2,0,1,1,1,0.0,0.125
Session_ID_2871,0,13,1.0,0,0.0,0,5,0,2,4,0,1,0.0,0.2857142857142857
Session_ID_2872,0,6,2.0,0,1.0,0,1,0,0,2,0,1,0.0,0.2857142857142857
Session_ID_2873,0,28,3.0,2,8.0,1,3,3,1,5,2,1,0.25,0.1724137931034483
Session_ID_2874,0,8,1.0,0,1.0,0,1,1,0,3,0,1,0.0,0.3333333333333333
Session_ID_2875,1,6,0.0,0,0.0,0,0,1,0,2,0,1,0.0,0.2857142857142857
Session_ID_2876,0,15,0.0,0,1.0,0,2,1,0,2,0,1,0.0,0.125
Session_ID_2877,1,9,5.0,0,0.0,0,1,0,0,3,1,1,0.0,0.3
Session_ID_2878,0,16,5.0,1,2.0,0,0,1,0,6,1,1,0.0,0.35294117647058826
Session_ID_2879,0,3,0.0,0,1.0,0,1,1,0,0,0,1,0.0,0.0
Session_ID_2880,0,9,5.0,0,0.0,0,1,1,0,2,1,1,0.0,0.2
Session_ID_2881,0,24,14.0,2,2.0,1,2,1,1,1,2,0,0.3333333333333333,0.04
Session_ID_2882,0,16,11.0,0,1.0,0,1,1,0,2,1,1,0.0,0.11764705882352941
Session_ID_2883,0,12,0.0,0,2.0,2,4,0,0,4,0,0,0.4,0.3076923076923077
Session_ID_2884,1,8,1.0,0,1.0,0,0,1,0,2,0,1,0.0,0.2222222222222222
Session_ID_2885,1,24,8.0,1,0.0,0,1,3,0,8,1,1,0.0,0.32
Session_ID_2886,0,15,4.0,0,1.0,0,0,3,0,0,1,1,0.0,0.0
Session_ID_2887,1,8,2.0,0,0.0,0,0,1,0,2,0,1,0.0,0.2222222222222222
Session_ID_2888,0,4,0.0,0,1.0,0,1,0,0,2,0,1,0.0,0.4
Session_ID_2889,0,7,1.0,0,1.0,0,2,0,1,2,0,1,0.0,0.25
Session_ID_2890,0,13,1.0,2,2.0,0,0,0,0,7,0,1,0.0,0.5
Session_ID_2891,0,20,1.0,0,2.0,1,2,2,0,7,0,0,0.3333333333333333,0.3333333333333333
Session_ID_2892,0,10,5.0,0,1.0,0,0,1,0,1,1,1,0.0,0.09090909090909091
Session_ID_2893,0,28,10.0,0,2.0,0,1,3,0,0,1,1,0.0,0.0
Session_ID_2894,0,26,18.0,0,1.0,0,0,4,0,0,1,1,0.0,0.0
Session_ID_2895,1,49,21.0,12,4.0,0,0,4,0,5,2,1,0.0,0.1
Session_ID_2896,0,9,2.0,0,0.0,0,3,4,0,0,0,1,0.0,0.0
Session_ID_2897,0,17,5.0,0,1.0,0,0,3,0,3,1,1,0.0,0.16666666666666666
Session_ID_2898,1,4,0.0,0,0.0,0,0,1,0,1,0,1,0.0,0.2
Session_ID_2899,0,10,5.0,0,1.0,0,1,2,0,1,1,1,0.0,0.09090909090909091
Session_ID_2900,0,6,1.0,0,1.0,0,1,0,0,3,0,1,0.0,0.42857142857142855
Session_ID_2901,0,11,6.0,0,0.0,0,1,1,0,3,1,1,0.0,0.25
Session_ID_2902,0,20,4.0,1,2.0,1,2,2,0,7,1,0,0.3333333333333333,0.3333333333333333
Session_ID_2903,0,5,0.0,0,1.0,0,0,3,0,0,0,1,0.0,0.0
Session_ID_2904,0,7,0.0,0,1.0,0,3,3,0,0,0,1,0.0,0.0
Session_ID_2905,0,11,3.0,0,1.0,0,2,1,0,2,1,1,0.0,0.16666666666666666
Session_ID_2906,1,14,5.0,1,1.0,0,1,1,0,4,1,1,0.0,0.26666666666666666
Session_ID_2907,1,5,2.0,0,0.0,0,0,1,0,1,0,1,0.0,0.16666666666666666
Session_ID_2908,0,6,2.0,0,3.0,0,0,0,0,1,0,1,0.0,0.14285714285714285
Session_ID_2909,1,13,0.0,0,0.0,0,0,1,0,2,0,0,0.0,0.14285714285714285
Session_ID_2910,0,6,0.0,0,1.0,0,0,5,0,0,0,1,0.0,0.0
Session_ID_2911,0,4,0.0,0,1.0,0,1,1,0,1,0,1,0.0,0.2
Session_ID_2912,0,4,1.0,0,1.0,0,0,1,0,1,0,1,0.0,0.2
Session_ID_2913,0,45,0.0,0,1.0,2,2,2,0,4,0,0,0.6666666666666666,0.08695652173913043
Session_ID_2914,0,10,5.0,0,1.0,0,1,2,0,1,1,1,0.0,0.09090909090909091
Session_ID_2915,0,5,0.0,0,3.0,0,1,0,0,1,0,1,0.0,0.16666666666666666
Session_ID_2916,1,11,4.0,0,2.0,0,0,2,0,3,1,1,0.0,0.25
Session_ID_2917,0,7,1.0,0,1.0,0,1,1,0,3,0,1,0.0,0.375
Session_ID_2918,0,7,1.0,1,2.0,0,1,0,0,2,0,1,0.0,0.25
Session_ID_2919,0,12,6.0,1,1.0,0,1,1,0,2,1,1,0.0,0.15384615384615385
Session_ID_2920,0,6,0.0,0,1.0,0,2,3,0,0,0,1,0.0,0.0
Session_ID_2921,1,13,2.0,2,1.0,0,0,3,0,5,2,1,0.0,0.35714285714285715
Session_ID_2922,0,5,1.0,0,3.0,0,0,0,0,1,0,1,0.0,0.16666666666666666
Session_ID_2923,0,17,4.0,0,0.0,1,2,9,0,0,1,0,0.3333333333333333,0.0
Session_ID_2924,1,8,4.0,0,0.0,0,0,0,0,3,1,1,0.0,0.3333333333333333
Session_ID_2925,0,27,8.0,10,2.0,1,1,2,1,1,2,0,0.5,0.03571428571428571
Session_ID_2926,1,7,1.0,0,0.0,0,0,2,0,2,0,1,0.0,0.25
Session_ID_2927,0,5,0.0,0,0.0,0,1,0,0,4,0,1,0.0,0.6666666666666666
Session_ID_2928,0,57,4.0,2,0.0,1,1,2,0,3,2,0,0.5,0.05172413793103448
Session_ID_2929,0,10,0.0,0,5.0,1,1,0,0,1,0,0,0.5,0.09090909090909091
Session_ID_2930,1,28,6.0,0,15.0,0,0,6,0,0,1,1,0.0,0.0
Session_ID_2931,0,6,1.0,0,2.0,0,1,0,0,2,0,1,0.0,0.2857142857142857
Session_ID_2932,0,20,1.0,0,2.0,0,1,9,0,0,0,1,0.0,0.0
Session_ID_2933,0,7,2.0,0,2.0,0,1,0,0,2,0,1,0.0,0.25
Session_ID_2934,1,13,7.0,0,1.0,0,1,2,0,0,1,1,0.0,0.0
Session_ID_2935,0,9,2.0,0,3.0,0,0,3,0,0,0,1,0.0,0.0
Session_ID_2936,0,8,1.0,0,2.0,0,1,1,0,3,0,1,0.0,0.3333333333333333
Session_ID_2937,0,6,1.0,0,1.0,0,1,0,0,3,0,1,0.0,0.42857142857142855
Session_ID_2938,0,13,3.0,0,1.0,1,1,2,1,2,1,0,0.5,0.14285714285714285
Session_ID_2939,0,6,0.0,0,1.0,0,2,3,0,0,0,1,0.0,0.0
Session_ID_2940,1,16,3.0,0,0.0,0,1,3,0,9,1,1,0.0,0.5294117647058824
Session_ID_2941,1,10,6.0,0,0.0,0,0,1,0,3,1,1,0.0,0.2727272727272727
Session_ID_2942,1,20,1.0,0,4.0,0,0,14,0,0,0,1,0.0,0.0
Session_ID_2943,1,30,5.0,3,2.0,0,0,7,0,11,2,1,0.0,0.3548387096774194
Session_ID_2944,0,23,13.0,0,2.0,0,3,4,0,0,1,1,0.0,0.0
Session_ID_2945,1,4,1.0,1,1.0,0,0,0,0,1,0,1,0.0,0.2
Session_ID_2946,0,8,4.0,0,0.0,0,1,1,0,2,1,1,0.0,0.2222222222222222
Session_ID_2947,1,29,16.0,0,1.0,0,1,4,1,4,1,1,0.0,0.13333333333333333
Session_ID_2948,1,2,1.0,0,0.0,0,0,1,0,0,0,1,0.0,0.0
Session_ID_2949,0,3,0.0,0,1.0,0,0,1,0,1,0,1,0.0,0.25
Session_ID_2950,1,6,3.0,0,0.0,0,0,1,0,1,1,1,0.0,0.14285714285714285
Session_ID_2951,0,17,3.0,0,3.0,0,1,2,0,4,1,1,0.0,0.2222222222222222
Session_ID_2952,1,5,3.0,0,0.0,0,0,1,0,1,1,1,0.0,0.16666666666666666
Session_ID_2953,0,12,0.0,0,1.0,0,0,1,0,1,0,1,0.0,0.07692307692307693
Session_ID_2954,0,12,2.0,0,0.0,0,3,1,0,6,0,1,0.0,0.46153846153846156
Session_ID_2955,0,24,9.0,0,3.0,0,1,2,0,4,1,1,0.0,0.16
Session_ID_2956,0,8,0.0,0,2.0,0,1,5,0,0,0,1,0.0,0.0
Session_ID_2957,1,7,3.0,0,1.0,0,0,1,0,1,1,1,0.0,0.125
Session_ID_2958,1,7,3.0,0,1.0,0,0,1,0,0,1,1,0.0,0.0
Session_ID_2959,1,12,1.0,0,1.0,0,1,1,0,5,0,1,0.0,0.38461538461538464
Session_ID_2960,0,22,7.0,0,8.0,0,3,0,0,4,1,1,0.0,0.17391304347826086
Session_ID_2961,0,15,7.0,1,3.0,0,1,1,0,2,1,1,0.0,0.125
Session_ID_2962,0,1,0.0,0,1.0,0,0,0,0,0,0,1,0.0,0.0
Session_ID_2963,0,9,1.0,0,0.0,1,1,2,1,3,0,0,0.5,0.3
Session_ID_2964,0,8,0.0,0,1.0,0,1,1,0,2,0,1,0.0,0.2222222222222222
Session_ID_2965,0,15,4.0,1,3.0,0,3,0,0,4,1,1,0.0,0.25
Session_ID_2966,1,3,1.0,0,1.0,0,0,0,0,1,0,1,0.0,0.25
Session_ID_2967,0,18,8.0,0,2.0,0,0,5,0,0,1,1,0.0,0.0
Session_ID_2968,1,17,5.0,3,1.0,0,0,0,0,6,2,1,0.0,0.3333333333333333
Session_ID_2969,0,10,2.0,0,3.0,0,2,1,1,0,0,1,0.0,0.0
Session_ID_2970,0,4,1.0,0,0.0,0,0,0,0,1,0,1,0.0,0.2
Session_ID_2971,0,10,4.0,0,0.0,0,0,1,0,3,1,1,0.0,0.2727272727272727
Session_ID_2972,0,5,1.0,0,1.0,0,1,0,0,2,0,1,0.0,0.3333333333333333
Session_ID_2973,0,9,2.0,0,1.0,0,0,3,0,2,0,1,0.0,0.2
Session_ID_2974,0,4,1.0,0,0.0,0,1,1,0,1,0,1,0.0,0.2
Session_ID_2975,0,5,1.0,0,1.0,0,1,0,0,2,0,1,0.0,0.3333333333333333
Session_ID_2976,0,12,3.0,0,0.0,0,2,6,0,1,1,1,0.0,0.07692307692307693
Session_ID_2977,0,28,4.0,6,9.0,1,3,0,0,5,2,0,0.25,0.1724137931034483
Session_ID_2978,1,7,3.0,0,1.0,0,0,1,0,2,1,1,0.0,0.25
Session_ID_2979,0,20,4.0,6,0.0,0,0,2,0,4,2,1,0.0,0.19047619047619047
Session_ID_2980,0,27,6.0,1,1.0,0,1,4,1,12,1,1,0.0,0.42857142857142855
Session_ID_2981,0,18,2.0,0,1.0,0,3,12,0,0,0,1,0.0,0.0
Session_ID_2982,1,2,1.0,0,0.0,0,0,0,0,1,0,1,0.0,0.3333333333333333
Session_ID_2983,1,3,1.0,0,0.0,0,1,0,0,0,0,1,0.0,0.0
Session_ID_2984,0,7,2.0,0,0.0,0,1,1,1,2,0,1,0.0,0.25
Session_ID_2985,1,5,1.0,0,1.0,0,0,1,0,1,0,1,0.0,0.16666666666666666
Session_ID_2986,0,6,0.0,0,5.0,0,0,1,0,0,0,1,0.0,0.0
Session_ID_2987,0,12,6.0,0,1.0,0,1,2,0,2,1,1,0.0,0.15384615384615385
Session_ID_2988,0,6,1.0,0,2.0,0,1,0,0,2,0,1,0.0,0.2857142857142857
Session_ID_2989,0,5,0.0,0,1.0,0,0,1,0,1,0,1,0.0,0.16666666666666666
Session_ID_2990,1,40,0.0,0,4.0,0,0,1,0,9,0,1,0.0,0.21951219512195122
Session_ID_2991,0,17,5.0,2,1.0,1,2,2,1,3,2,0,0.3333333333333333,0.16666666666666666
Session_ID_2992,0,12,1.0,3,0.0,0,0,3,0,0,2,1,0.0,0.0
Session_ID_2993,0,19,4.0,2,1.0,1,3,0,1,5,2,0,0.25,0.25
Session_ID_2994,0,6,0.0,0,5.0,0,0,1,0,0,0,1,0.0,0.0
Session_ID_2995,0,13,2.0,2,1.0,0,2,2,1,3,2,1,0.0,0.21428571428571427
Session_ID_2996,0,3,0.0,0,0.0,0,1,1,0,1,0,1,0.0,0.25
Session_ID_2997,0,6,1.0,0,0.0,0,1,3,0,1,0,1,0.0,0.14285714285714285
Session_ID_2998,0,191,1.0,0,1.0,0,2,7,0,3,0,1,0.0,0.015625
Session_ID_2999,0,11,1.0,0,0.0,0,1,7,0,0,0,1,0.0,0.0
Session_ID_3000,0,1,2.0,0,3.0,0,2,1,2,5,0,1,0.0,2.5
Session_ID_3001,0,26,8.0,5,2.0,0,0,2,0,6,2,1,0.0,0.2222222222222222
Session_ID_3002,0,30,14.0,3,4.0,0,0,4,0,3,2,1,0.0,0.0967741935483871
Session_ID_3003,0,1,2.0,1,1.0,0,3,0,0,2,0,1,0.0,1.0
Session_ID_3004,0,13,3.0,1,3.0,0,1,1,0,4,1,1,0.0,0.2857142857142857
Session_ID_3005,0,5,1.0,0,1.0,0,1,2,0,0,0,1,0.0,0.0
Session_ID_3006,0,11,7.0,0,1.0,0,1,0,0,2,1,1,0.0,0.16666666666666666
Session_ID_3007,0,5,0.0,0,0.0,0,1,4,0,0,0,1,0.0,0.0
Session_ID_3008,0,1,4.0,0,0.0,0,0,2,0,3,1,1,0.0,1.5
Session_ID_3009,0,8,4.0,0,1.0,0,0,1,0,1,1,1,0.0,0.1111111111111111
Session_ID_3010,1,11,8.0,0,0.0,0,0,1,0,1,1,1,0.0,0.08333333333333333
Session_ID_3011,1,17,3.0,1,2.0,1,2,1,0,6,1,0,0.3333333333333333,0.3333333333333333
Session_ID_3012,0,8,2.0,0,1.0,0,1,1,0,2,0,1,0.0,0.2222222222222222
Session_ID_3013,1,11,1.0,0,0.0,1,1,2,1,4,0,0,0.5,0.3333333333333333
Session_ID_3014,0,5,0.0,0,0.0,0,0,1,0,2,0,1,0.0,0.3333333333333333
Session_ID_3015,1,10,2.0,0,2.0,0,3,1,0,2,0,1,0.0,0.18181818181818182
Session_ID_3016,0,18,8.0,0,2.0,1,2,4,0,1,1,0,0.3333333333333333,0.05263157894736842
Session_ID_3017,0,5,1.0,0,1.0,0,2,1,0,0,0,1,0.0,0.0
Session_ID_3018,0,13,5.0,0,1.0,0,1,3,0,1,1,1,0.0,0.07142857142857142
Session_ID_3019,0,15,3.0,2,1.0,2,1,1,1,3,2,0,1.0,0.1875
Session_ID_3020,0,17,0.0,0,3.0,0,3,11,0,0,0,1,0.0,0.0
Session_ID_3021,0,12,7.0,0,0.0,0,1,1,0,3,1,1,0.0,0.23076923076923078
Session_ID_3022,0,2,0.0,0,1.0,0,0,1,0,0,0,1,0.0,0.0
Session_ID_3023,0,20,2.0,0,1.0,0,0,4,0,7,0,1,0.0,0.3333333333333333
Session_ID_3024,0,56,1.0,0,6.0,0,2,13,0,1,0,1,0.0,0.017543859649122806
Session_ID_3025,1,6,4.0,0,0.0,0,0,1,0,1,1,1,0.0,0.14285714285714285
Session_ID_3026,0,24,7.0,1,5.0,0,1,0,1,3,1,1,0.0,0.12
Session_ID_3027,0,12,1.0,0,3.0,0,2,1,1,4,0,1,0.0,0.3076923076923077
Session_ID_3028,0,43,10.0,0,9.0,1,2,15,0,0,1,0,0.3333333333333333,0.0
Session_ID_3029,1,17,2.0,0,0.0,0,0,3,0,9,0,1,0.0,0.5
Session_ID_3030,0,9,1.0,0,2.0,0,1,0,0,5,0,1,0.0,0.5
Session_ID_3031,0,9,1.0,0,0.0,0,3,3,0,2,0,1,0.0,0.2
Session_ID_3032,0,15,7.0,0,2.0,0,0,4,0,0,1,1,0.0,0.0
Session_ID_3033,0,21,0.0,0,3.0,0,0,4,0,2,0,1,0.0,0.09090909090909091
Session_ID_3034,0,11,0.0,0,1.0,0,2,8,0,0,0,1,0.0,0.0
Session_ID_3035,1,6,3.0,0,1.0,0,0,2,0,0,1,1,0.0,0.0
Session_ID_3036,0,12,3.0,0,3.0,0,1,1,0,4,1,1,0.0,0.3076923076923077
Session_ID_3037,1,17,0.0,0,2.0,0,0,1,0,5,0,1,0.0,0.2777777777777778
Session_ID_3038,1,25,12.0,7,2.0,0,0,0,0,2,2,1,0.0,0.07692307692307693
Session_ID_3039,1,4,1.0,1,1.0,0,0,0,0,1,0,1,0.0,0.2
Session_ID_3040,0,12,0.0,0,0.0,0,1,1,0,2,0,1,0.0,0.15384615384615385
Session_ID_3041,0,7,1.0,0,0.0,1,1,1,1,1,0,0,0.5,0.125
Session_ID_3042,1,4,1.0,0,0.0,0,1,1,0,1,0,1,0.0,0.2
Session_ID_3043,0,37,11.0,8,11.0,0,1,1,0,5,2,1,0.0,0.13157894736842105
Session_ID_3044,0,7,2.0,0,1.0,0,1,1,0,2,0,1,0.0,0.25
Session_ID_3045,1,13,4.0,0,0.0,0,0,1,0,5,1,1,0.0,0.35714285714285715
Session_ID_3046,0,7,1.0,0,2.0,0,2,0,1,0,0,1,0.0,0.0
Session_ID_3047,1,26,7.0,6,5.0,0,1,4,0,1,2,1,0.0,0.037037037037037035
Session_ID_3048,0,17,12.0,1,0.0,0,1,1,0,2,1,1,0.0,0.1111111111111111
Session_ID_3049,0,23,0.0,0,3.0,2,2,15,0,1,0,0,0.6666666666666666,0.041666666666666664
Session_ID_3050,1,2,1.0,0,0.0,0,0,0,0,0,0,1,0.0,0.0
Session_ID_3051,1,36,8.0,10,3.0,0,0,3,0,4,2,1,0.0,0.10810810810810811
Session_ID_3052,0,18,12.0,0,0.0,1,1,0,1,2,1,0,0.5,0.10526315789473684
Session_ID_3053,0,11,6.0,0,0.0,0,1,1,0,2,1,1,0.0,0.16666666666666666
Session_ID_3054,1,7,2.0,0,0.0,0,0,4,0,1,0,1,0.0,0.125
Session_ID_3055,0,25,8.0,0,3.0,1,4,1,1,5,1,0,0.2,0.19230769230769232
Session_ID_3056,0,9,3.0,1,1.0,0,1,1,0,2,1,1,0.0,0.2
Session_ID_3057,0,14,0.0,0,2.0,0,1,0,0,1,0,1,0.0,0.06666666666666667
Session_ID_3058,0,41,16.0,13,4.0,0,1,4,1,2,2,1,0.0,0.047619047619047616
Session_ID_3059,1,7,0.0,0,1.0,0,0,0,0,2,0,1,0.0,0.25
Session_ID_3060,1,15,2.0,9,0.0,0,0,1,0,0,2,1,0.0,0.0
Session_ID_3061,0,6,1.0,0,1.0,0,1,0,1,2,0,1,0.0,0.2857142857142857
Session_ID_3062,0,16,2.0,0,0.0,2,4,0,1,4,0,0,0.4,0.23529411764705882
Session_ID_3063,1,28,12.0,0,3.0,0,1,10,0,0,1,1,0.0,0.0
Session_ID_3064,0,10,3.0,0,0.0,0,1,4,0,1,1,1,0.0,0.09090909090909091
Session_ID_3065,1,28,0.0,0,1.0,0,0,3,0,6,0,1,0.0,0.20689655172413793
Session_ID_3066,0,9,3.0,0,1.0,0,1,1,0,3,1,1,0.0,0.3
Session_ID_3067,0,12,3.0,1,1.0,0,0,2,0,4,1,1,0.0,0.3076923076923077
Session_ID_3068,0,5,1.0,0,1.0,0,1,0,0,2,0,1,0.0,0.3333333333333333
Session_ID_3069,0,25,7.0,3,7.0,0,1,3,0,3,2,1,0.0,0.11538461538461539
Session_ID_3070,0,8,1.0,0,0.0,0,1,2,0,2,0,1,0.0,0.2222222222222222
Session_ID_3071,0,5,1.0,0,1.0,0,1,0,0,2,0,1,0.0,0.3333333333333333
Session_ID_3072,0,41,7.0,10,3.0,0,1,3,0,10,2,1,0.0,0.23809523809523808
Session_ID_3073,1,15,4.0,0,0.0,0,4,3,0,0,1,1,0.0,0.0
Session_ID_3074,0,51,2.0,0,3.0,0,3,2,0,1,0,1,0.0,0.019230769230769232
Session_ID_3075,0,12,7.0,1,0.0,0,1,1,0,2,1,1,0.0,0.15384615384615385
Session_ID_3076,0,16,3.0,0,1.0,0,0,5,0,2,1,1,0.0,0.11764705882352941
Session_ID_3077,0,8,0.0,0,0.0,1,1,1,0,2,0,0,0.5,0.2222222222222222
Session_ID_3078,0,5,0.0,0,1.0,1,1,0,0,1,0,0,0.5,0.16666666666666666
Session_ID_3079,0,2,0.0,0,1.0,0,0,1,0,0,0,1,0.0,0.0
Session_ID_3080,0,18,0.0,0,2.0,0,1,12,0,0,0,1,0.0,0.0
Session_ID_3081,0,31,0.0,0,4.0,0,0,3,0,9,0,1,0.0,0.28125
Session_ID_3082,0,12,2.0,1,1.0,0,1,1,2,3,0,1,0.0,0.23076923076923078
Session_ID_3083,0,44,20.0,2,4.0,0,2,5,1,9,2,1,0.0,0.2
Session_ID_3084,0,9,5.0,0,0.0,0,1,1,0,2,1,1,0.0,0.2
Session_ID_3085,0,7,2.0,0,4.0,0,0,0,0,1,0,1,0.0,0.125
Session_ID_3086,0,7,2.0,0,0.0,0,0,2,0,0,0,1,0.0,0.0
Session_ID_3087,0,15,8.0,0,0.0,0,3,3,0,1,1,1,0.0,0.0625
Session_ID_3088,0,64,8.0,0,1.0,0,0,1,0,3,1,1,0.0,0.046153846153846156
Session_ID_3089,1,20,2.0,1,0.0,0,1,4,0,9,0,1,0.0,0.42857142857142855
Session_ID_3090,0,6,1.0,0,0.0,1,1,1,1,1,0,1,0.5,0.14285714285714285
Session_ID_3091,0,5,1.0,0,1.0,0,0,0,0,2,0,1,0.0,0.3333333333333333
Session_ID_3092,0,2,0.0,0,1.0,0,0,1,0,0,0,1,0.0,0.0
Session_ID_3093,0,10,3.0,0,3.0,0,1,2,0,0,1,1,0.0,0.0
Session_ID_3094,0,10,2.0,1,2.0,0,2,1,0,1,0,1,0.0,0.09090909090909091
Session_ID_3095,1,6,0.0,0,0.0,0,1,4,0,0,0,1,0.0,0.0
Session_ID_3096,0,7,1.0,0,2.0,0,0,3,0,0,0,1,0.0,0.0
Session_ID_3097,0,11,1.0,5,2.0,1,1,0,0,1,2,0,0.5,0.08333333333333333
Session_ID_3098,0,13,3.0,0,3.0,0,1,1,1,4,1,1,0.0,0.2857142857142857
Session_ID_3099,0,23,11.0,4,2.0,1,1,2,1,0,2,1,0.5,0.0
Session_ID_3100,0,14,8.0,0,0.0,1,2,1,0,1,1,0,0.3333333333333333,0.06666666666666667
Session_ID_3101,0,13,8.0,1,1.0,0,0,1,0,2,1,1,0.0,0.14285714285714285
Session_ID_3102,0,7,0.0,0,1.0,0,3,2,0,1,0,1,0.0,0.125
Session_ID_3103,1,10,1.0,0,2.0,0,0,6,0,0,0,1,0.0,0.0
Session_ID_3104,1,9,1.0,1,0.0,0,0,1,0,4,0,1,0.0,0.4
Session_ID_3105,1,33,4.0,0,9.0,1,4,7,0,4,1,0,0.2,0.11764705882352941
Session_ID_3106,1,14,8.0,0,1.0,0,0,2,0,3,1,1,0.0,0.2
Session_ID_3107,0,41,0.0,0,9.0,1,2,5,0,8,0,0,0.3333333333333333,0.19047619047619047
Session_ID_3108,0,4,0.0,0,0.0,0,1,0,0,1,0,1,0.0,0.2
Session_ID_3109,1,4,0.0,0,0.0,0,0,0,0,0,0,1,0.0,0.0
Session_ID_3110,0,99,30.0,19,11.0,0,2,8,0,16,2,1,0.0,0.16
Session_ID_3111,1,22,13.0,0,2.0,0,1,0,1,4,1,1,0.0,0.17391304347826086
Session_ID_3112,0,14,1.0,0,2.0,0,2,1,1,7,0,1,0.0,0.4666666666666667
Session_ID_3113,1,2,1.0,0,0.0,0,0,0,0,0,0,1,0.0,0.0
Session_ID_3114,1,11,2.0,1,0.0,1,3,1,1,2,0,0,0.25,0.16666666666666666
Session_ID_3115,0,5,0.0,0,0.0,0,1,4,0,0,0,1,0.0,0.0
Session_ID_3116,0,8,3.0,0,0.0,0,0,1,0,2,1,1,0.0,0.2222222222222222
Session_ID_3117,0,10,5.0,0,1.0,0,1,1,0,2,1,1,0.0,0.18181818181818182
Session_ID_3118,0,5,1.0,0,0.0,0,0,3,0,0,0,1,0.0,0.0
Session_ID_3119,0,19,10.0,4,1.0,0,1,1,0,2,2,1,0.0,0.1
Session_ID_3120,0,5,1.0,0,1.0,0,1,1,0,1,0,1,0.0,0.16666666666666666
Session_ID_3121,0,3,0.0,0,0.0,0,2,1,0,0,0,1,0.0,0.0
Session_ID_3122,1,8,3.0,0,2.0,0,0,3,0,0,1,1,0.0,0.0
Session_ID_3123,0,19,1.0,0,3.0,0,4,11,0,0,0,1,0.0,0.0
Session_ID_3124,1,4,0.0,0,0.0,0,0,1,0,1,0,1,0.0,0.2
Session_ID_3125,0,7,1.0,0,0.0,1,2,1,0,1,0,0,0.3333333333333333,0.125
Session_ID_3126,0,9,5.0,0,0.0,0,1,1,0,2,1,1,0.0,0.2
Session_ID_3127,0,8,0.0,0,4.0,0,2,0,0,1,0,1,0.0,0.1111111111111111
Session_ID_3128,1,45,33.0,1,4.0,0,0,5,0,0,1,1,0.0,0.0
Session_ID_3129,0,2,0.0,0,0.0,0,2,0,0,0,0,1,0.0,0.0
Session_ID_3130,0,1,4.0,3,1.0,0,0,0,0,0,2,1,0.0,0.0
Session_ID_3131,0,11,3.0,0,1.0,1,1,1,1,2,1,0,0.5,0.16666666666666666
Session_ID_3132,0,18,3.0,1,3.0,0,2,2,1,6,1,1,0.0,0.3157894736842105
Session_ID_3133,0,51,2.0,0,1.0,0,0,18,0,24,0,1,0.0,0.46153846153846156
Session_ID_3134,1,13,7.0,0,1.0,0,0,4,0,0,1,1,0.0,0.0
Session_ID_3135,0,10,0.0,0,1.0,0,0,3,0,2,0,1,0.0,0.18181818181818182
Session_ID_3136,0,10,1.0,0,1.0,0,1,1,0,5,0,1,0.0,0.45454545454545453
Session_ID_3137,0,6,0.0,0,1.0,0,2,2,0,1,0,1,0.0,0.14285714285714285
Session_ID_3138,0,10,5.0,0,1.0,0,1,1,0,2,1,1,0.0,0.18181818181818182
Session_ID_3139,0,21,0.0,0,3.0,0,1,1,0,13,0,1,0.0,0.5909090909090909
Session_ID_3140,0,30,0.0,0,3.0,0,5,3,0,7,0,1,0.0,0.22580645161290322
Session_ID_3141,0,9,0.0,0,1.0,0,1,0,0,3,0,1,0.0,0.3
Session_ID_3142,0,7,1.0,0,0.0,1,1,1,1,1,0,0,0.5,0.125
Session_ID_3143,0,9,1.0,2,2.0,0,0,1,0,3,0,1,0.0,0.3
Session_ID_3144,1,7,2.0,0,0.0,0,0,2,0,1,0,1,0.0,0.125
Session_ID_3145,1,17,5.0,2,1.0,0,0,6,0,2,2,1,0.0,0.1111111111111111
Session_ID_3146,1,4,1.0,1,1.0,0,0,0,0,1,0,1,0.0,0.2
Session_ID_3147,0,68,18.0,42,3.0,0,0,2,0,2,2,1,0.0,0.028985507246376812
Session_ID_3148,0,32,14.0,5,3.0,1,1,2,1,2,2,1,0.5,0.06060606060606061
Session_ID_3149,0,7,1.0,0,1.0,1,3,0,1,0,0,0,0.25,0.0
Session_ID_3150,0,5,1.0,0,1.0,0,1,0,0,2,0,1,0.0,0.3333333333333333
Session_ID_3151,1,9,1.0,0,3.0,0,2,3,0,0,0,1,0.0,0.0
Session_ID_3152,1,12,3.0,2,1.0,0,0,2,0,2,2,1,0.0,0.15384615384615385
Session_ID_3153,0,10,6.0,0,0.0,0,1,1,0,2,1,1,0.0,0.18181818181818182
Session_ID_3154,0,32,6.0,1,12.0,1,2,1,1,7,1,0,0.3333333333333333,0.21212121212121213
Session_ID_3155,0,5,1.0,0,1.0,0,1,0,0,2,0,1,0.0,0.3333333333333333
Session_ID_3156,0,28,9.0,1,0.0,0,3,1,1,9,1,1,0.0,0.3103448275862069
Session_ID_3157,1,31,9.0,2,4.0,0,0,4,0,10,2,1,0.0,0.3125
Session_ID_3158,1,9,0.0,0,0.0,0,0,0,0,2,0,1,0.0,0.2
Session_ID_3159,0,29,3.0,0,2.0,1,1,0,1,2,1,0,0.5,0.06666666666666667
Session_ID_3160,0,6,1.0,0,1.0,0,1,0,0,3,0,1,0.0,0.42857142857142855
Session_ID_3161,0,3,0.0,0,0.0,0,1,0,0,2,0,1,0.0,0.5
Session_ID_3162,0,5,0.0,0,0.0,0,1,1,0,2,0,1,0.0,0.3333333333333333
Session_ID_3163,0,9,0.0,0,0.0,0,0,2,0,4,0,1,0.0,0.4
Session_ID_3164,0,21,7.0,0,1.0,1,1,1,1,8,1,1,0.5,0.36363636363636365
Session_ID_3165,0,3,0.0,0,0.0,1,1,0,1,0,0,0,0.5,0.0
Session_ID_3166,0,22,3.0,0,1.0,1,1,2,1,9,1,0,0.5,0.391304347826087
Session_ID_3167,0,14,2.0,2,2.0,0,1,1,0,5,2,1,0.0,0.3333333333333333
Session_ID_3168,0,29,5.0,0,1.0,0,0,23,0,0,1,1,0.0,0.0
Session_ID_3169,0,52,7.0,3,1.0,0,2,3,2,8,2,1,0.0,0.1509433962264151
Session_ID_3170,1,38,5.0,0,1.0,0,1,0,0,2,1,1,0.0,0.05128205128205128
Session_ID_3171,0,17,5.0,6,0.0,0,1,1,0,3,2,1,0.0,0.16666666666666666
Session_ID_3172,0,4,0.0,0,0.0,0,3,1,0,0,0,1,0.0,0.0
Session_ID_3173,0,9,0.0,0,0.0,0,3,2,0,4,0,1,0.0,0.4
Session_ID_3174,0,2,0.0,0,0.0,0,2,0,0,0,0,1,0.0,0.0
Session_ID_3175,0,55,1.0,0,2.0,0,0,23,0,0,0,1,0.0,0.0
Session_ID_3176,1,8,5.0,0,0.0,0,0,1,0,2,1,1,0.0,0.2222222222222222
Session_ID_3177,0,12,4.0,0,0.0,0,2,3,0,1,1,1,0.0,0.07692307692307693
Session_ID_3178,1,19,0.0,0,4.0,0,0,1,0,3,0,1,0.0,0.15
Session_ID_3179,1,9,1.0,0,0.0,0,0,3,0,3,0,1,0.0,0.3
Session_ID_3180,0,10,2.0,0,0.0,0,0,1,0,7,0,1,0.0,0.6363636363636364
Session_ID_3181,0,3,0.0,0,2.0,0,0,0,0,1,0,1,0.0,0.25
Session_ID_3182,0,12,0.0,0,2.0,0,1,1,0,1,0,1,0.0,0.07692307692307693
Session_ID_3183,1,10,4.0,4,0.0,0,0,1,0,0,2,1,0.0,0.0
Session_ID_3184,0,15,1.0,0,3.0,0,3,6,0,1,0,1,0.0,0.0625
Session_ID_3185,0,11,0.0,0,2.0,0,1,1,0,2,0,1,0.0,0.16666666666666666
Session_ID_3186,0,5,1.0,0,1.0,0,0,1,0,1,0,1,0.0,0.16666666666666666
Session_ID_3187,1,9,2.0,0,2.0,0,0,4,0,1,0,1,0.0,0.1
Session_ID_3188,1,11,1.0,0,5.0,0,1,1,0,2,0,1,0.0,0.16666666666666666
Session_ID_3189,0,25,4.0,0,7.0,0,1,1,0,4,1,1,0.0,0.15384615384615385
Session_ID_3190,0,7,0.0,0,2.0,0,1,2,0,2,0,1,0.0,0.25
Session_ID_3191,0,16,5.0,5,2.0,0,1,1,0,1,2,1,0.0,0.058823529411764705
Session_ID_3192,0,8,3.0,0,2.0,0,1,1,0,1,1,1,0.0,0.1111111111111111
Session_ID_3193,0,4,0.0,0,1.0,0,1,0,0,2,0,1,0.0,0.4
Session_ID_3194,0,8,0.0,0,2.0,1,2,3,0,0,0,0,0.3333333333333333,0.0
Session_ID_3195,0,10,1.0,0,0.0,0,0,1,0,2,0,1,0.0,0.18181818181818182
Session_ID_3196,0,11,2.0,0,0.0,1,1,1,1,3,0,0,0.5,0.25
Session_ID_3197,1,26,4.0,4,4.0,0,0,4,0,6,2,1,0.0,0.2222222222222222
Session_ID_3198,0,12,5.0,0,0.0,0,0,1,0,3,1,1,0.0,0.23076923076923078
Session_ID_3199,0,18,10.0,0,4.0,0,0,2,0,2,1,1,0.0,0.10526315789473684
Session_ID_3200,1,14,4.0,2,0.0,0,0,0,0,4,2,1,0.0,0.26666666666666666
Session_ID_3201,0,29,0.0,0,1.0,1,1,1,0,1,0,0,0.5,0.03333333333333333
Session_ID_3202,1,7,1.0,0,2.0,0,1,1,0,1,0,1,0.0,0.125
Session_ID_3203,1,11,2.0,0,0.0,0,0,3,0,5,0,1,0.0,0.4166666666666667
Session_ID_3204,0,11,0.0,0,1.0,0,0,3,0,3,0,1,0.0,0.25
Session_ID_3205,1,28,13.0,0,2.0,0,2,5,0,2,1,1,0.0,0.06896551724137931
Session_ID_3206,1,6,1.0,1,0.0,0,0,2,0,2,0,1,0.0,0.2857142857142857
Session_ID_3207,0,7,1.0,0,1.0,0,1,1,0,3,0,1,0.0,0.375
Session_ID_3208,0,41,30.0,0,0.0,0,2,4,1,4,1,1,0.0,0.09523809523809523
Session_ID_3209,1,6,3.0,0,0.0,0,0,1,0,0,1,1,0.0,0.0
Session_ID_3210,0,31,21.0,4,0.0,1,1,1,1,1,2,1,0.5,0.03125
Session_ID_3211,0,7,2.0,0,1.0,1,1,1,0,0,0,0,0.5,0.0
Session_ID_3212,1,6,1.0,0,0.0,0,0,0,0,3,0,1,0.0,0.42857142857142855
Session_ID_3213,0,5,0.0,0,0.0,0,0,0,0,2,0,1,0.0,0.3333333333333333
Session_ID_3214,1,3,0.0,0,0.0,0,0,1,0,0,0,1,0.0,0.0
Session_ID_3215,1,2,0.0,0,0.0,0,0,0,0,1,0,1,0.0,0.3333333333333333
Session_ID_3216,0,4,1.0,0,1.0,0,1,1,0,0,0,1,0.0,0.0
Session_ID_3217,0,10,0.0,0,0.0,0,0,1,0,3,0,1,0.0,0.2727272727272727
Session_ID_3218,0,35,4.0,0,4.0,3,6,13,0,1,1,0,0.42857142857142855,0.027777777777777776
Session_ID_3219,1,20,10.0,6,1.0,0,0,1,0,0,2,1,0.0,0.0
Session_ID_3220,0,6,0.0,0,0.0,0,1,1,0,3,0,1,0.0,0.42857142857142855
Session_ID_3221,0,6,1.0,0,2.0,0,1,0,0,2,0,1,0.0,0.2857142857142857
Session_ID_3222,0,6,0.0,0,1.0,0,1,0,0,3,0,1,0.0,0.42857142857142855
Session_ID_3223,0,17,0.0,0,4.0,0,3,3,0,1,0,1,0.0,0.05555555555555555
Session_ID_3224,0,9,1.0,0,1.0,0,0,6,0,0,0,1,0.0,0.0
Session_ID_3225,1,19,5.0,10,0.0,0,0,1,0,2,2,1,0.0,0.1
Session_ID_3226,0,11,1.0,0,1.0,0,1,0,0,2,0,1,0.0,0.16666666666666666
Session_ID_3227,0,42,8.0,5,0.0,0,0,5,0,16,2,1,0.0,0.37209302325581395
Session_ID_3228,0,5,0.0,0,2.0,0,1,0,0,2,0,1,0.0,0.3333333333333333
Session_ID_3229,0,10,4.0,0,0.0,0,3,1,0,0,1,1,0.0,0.0
Session_ID_3230,1,3,1.0,0,1.0,0,0,1,0,0,0,1,0.0,0.0
Session_ID_3231,1,3,1.0,0,1.0,0,0,1,0,0,0,1,0.0,0.0
Session_ID_3232,0,7,1.0,0,0.0,0,1,1,1,2,0,1,0.0,0.25
Session_ID_3233,0,15,7.0,0,1.0,0,1,2,1,1,1,1,0.0,0.0625
Session_ID_3234,0,40,9.0,9,8.0,1,1,2,1,6,2,0,0.5,0.14634146341463414
Session_ID_3235,0,9,3.0,0,1.0,0,0,2,0,1,1,1,0.0,0.1
Session_ID_3236,0,19,8.0,0,1.0,1,1,3,1,3,1,0,0.5,0.15
Session_ID_3237,0,7,3.0,0,0.0,0,1,1,0,2,1,1,0.0,0.25
Session_ID_3238,0,3,0.0,0,2.0,0,0,1,0,0,0,1,0.0,0.0
Session_ID_3239,0,12,4.0,2,0.0,0,0,2,0,3,2,1,0.0,0.23076923076923078
Session_ID_3240,0,6,2.0,0,0.0,0,1,1,0,2,0,1,0.0,0.2857142857142857
Session_ID_3241,0,28,0.0,0,6.0,4,4,14,0,0,0,0,0.8,0.0
Session_ID_3242,1,7,3.0,0,0.0,0,0,2,0,1,1,1,0.0,0.125
Session_ID_3243,1,18,3.0,0,3.0,0,0,7,0,3,1,1,0.0,0.15789473684210525
Session_ID_3244,0,4,0.0,0,1.0,0,1,0,1,1,0,1,0.0,0.2
Session_ID_3245,0,8,2.0,0,0.0,0,2,2,0,2,0,1,0.0,0.2222222222222222
Session_ID_3246,0,22,5.0,0,2.0,0,0,10,0,1,1,1,0.0,0.043478260869565216
Session_ID_3247,0,12,0.0,0,1.0,0,1,0,0,10,0,1,0.0,0.7692307692307693
Session_ID_3248,1,16,10.0,3,1.0,0,0,1,0,1,2,1,0.0,0.058823529411764705
Session_ID_3249,0,26,5.0,2,3.0,0,0,1,0,7,2,1,0.0,0.25925925925925924
Session_ID_3250,1,5,1.0,0,1.0,0,0,2,0,0,0,1,0.0,0.0
Session_ID_3251,0,5,1.0,0,1.0,0,1,2,0,0,0,1,0.0,0.0
Session_ID_3252,0,9,5.0,0,2.0,0,0,2,0,0,1,1,0.0,0.0
Session_ID_3253,0,1,0.0,0,1.0,0,0,0,0,0,0,1,0.0,0.0
Session_ID_3254,0,11,2.0,0,1.0,0,2,4,0,0,0,1,0.0,0.0
Session_ID_3255,0,6,0.0,0,1.0,1,1,0,0,3,0,0,0.5,0.42857142857142855
Session_ID_3256,0,8,3.0,0,1.0,0,1,1,0,2,1,1,0.0,0.2222222222222222
Session_ID_3257,0,8,3.0,1,0.0,0,0,1,0,2,1,1,0.0,0.2222222222222222
Session_ID_3258,1,24,6.0,4,1.0,0,0,3,0,7,2,1,0.0,0.28
Session_ID_3259,0,6,1.0,0,2.0,0,1,0,0,2,0,1,0.0,0.2857142857142857
Session_ID_3260,1,14,4.0,0,3.0,1,1,14,0,0,1,0,0.5,0.0
Session_ID_3261,0,14,6.0,0,1.0,0,2,1,0,2,1,1,0.0,0.13333333333333333
Session_ID_3262,0,62,21.0,27,0.0,0,0,1,0,9,2,1,0.0,0.14285714285714285
Session_ID_3263,0,51,41.0,0,2.0,0,1,2,1,3,1,1,0.0,0.057692307692307696
Session_ID_3264,0,7,1.0,0,0.0,0,1,4,0,1,0,1,0.0,0.125
Session_ID_3265,0,5,1.0,0,1.0,0,1,0,0,2,0,1,0.0,0.3333333333333333
Session_ID_3266,0,22,7.0,2,2.0,1,1,2,1,3,2,0,0.5,0.13043478260869565
Session_ID_3267,0,12,3.0,1,0.0,0,0,1,0,7,1,1,0.0,0.5384615384615384
Session_ID_3268,1,5,1.0,1,1.0,0,0,1,0,1,0,1,0.0,0.16666666666666666
Session_ID_3269,1,16,8.0,6,0.0,0,0,1,0,1,2,1,0.0,0.058823529411764705
Session_ID_3270,1,14,8.0,0,1.0,0,0,1,0,1,1,1,0.0,0.06666666666666667
Session_ID_3271,1,5,3.0,0,0.0,0,0,1,0,0,1,1,0.0,0.0
Session_ID_3272,0,7,0.0,0,0.0,0,1,5,0,1,0,1,0.0,0.125
Session_ID_3273,0,6,0.0,0,1.0,1,1,0,0,3,0,0,0.5,0.42857142857142855
Session_ID_3274,1,7,1.0,0,0.0,0,1,0,0,5,0,1,0.0,0.625
Session_ID_3275,0,5,1.0,0,1.0,0,2,1,0,0,0,1,0.0,0.0
Session_ID_3276,1,22,2.0,0,0.0,0,1,0,0,2,0,1,0.0,0.08695652173913043
Session_ID_3277,0,40,12.0,19,0.0,0,2,1,0,4,2,1,0.0,0.0975609756097561
Session_ID_3278,0,18,9.0,0,0.0,0,2,2,0,3,1,1,0.0,0.15789473684210525
Session_ID_3279,0,14,2.0,1,2.0,1,1,0,1,6,0,1,0.5,0.4
Session_ID_3280,0,11,0.0,0,0.0,0,0,1,0,3,0,1,0.0,0.25
Session_ID_3281,0,22,0.0,0,1.0,0,0,6,0,0,0,1,0.0,0.0
Session_ID_3282,0,10,0.0,0,5.0,0,1,4,0,0,0,1,0.0,0.0
Session_ID_3283,1,5,0.0,0,0.0,0,0,1,0,2,0,1,0.0,0.3333333333333333
Session_ID_3284,0,6,1.0,0,1.0,0,1,1,0,2,0,1,0.0,0.2857142857142857
Session_ID_3285,0,4,0.0,0,1.0,0,1,0,0,1,0,1,0.0,0.2
Session_ID_3286,1,57,0.0,0,1.0,0,0,1,0,1,0,1,0.0,0.017241379310344827
Session_ID_3287,0,17,0.0,0,0.0,0,2,2,0,9,0,1,0.0,0.5
Session_ID_3288,0,13,2.0,1,2.0,0,3,0,0,5,0,1,0.0,0.35714285714285715
Session_ID_3289,1,23,4.0,2,5.0,1,3,0,0,8,2,1,0.25,0.3333333333333333
Session_ID_3290,0,11,6.0,0,0.0,0,1,1,0,3,1,1,0.0,0.25
Session_ID_3291,0,2,0.0,0,2.0,0,0,0,0,0,0,1,0.0,0.0
Session_ID_3292,0,46,21.0,11,3.0,0,2,2,0,6,2,1,0.0,0.1276595744680851
Session_ID_3293,0,2,0.0,0,1.0,0,0,1,0,0,0,1,0.0,0.0
Session_ID_3294,0,5,1.0,0,1.0,0,1,0,0,2,0,1,0.0,0.3333333333333333
Session_ID_3295,0,11,2.0,0,1.0,1,1,1,1,2,0,1,0.5,0.16666666666666666
Session_ID_3296,1,7,1.0,0,1.0,0,1,1,1,1,0,1,0.0,0.125
Session_ID_3297,0,4,1.0,0,0.0,0,1,0,0,2,0,1,0.0,0.4
Session_ID_3298,0,29,9.0,3,4.0,1,1,3,1,4,2,0,0.5,0.13333333333333333
Session_ID_3299,0,12,2.0,0,2.0,0,0,1,0,5,0,1,0.0,0.38461538461538464
Session_ID_3300,0,6,1.0,0,2.0,0,1,0,0,2,0,1,0.0,0.2857142857142857
Session_ID_3301,0,13,4.0,0,2.0,1,1,0,1,3,1,0,0.5,0.21428571428571427
Session_ID_3302,1,3,1.0,0,0.0,0,0,1,0,1,0,1,0.0,0.25
Session_ID_3303,1,6,1.0,0,1.0,0,1,1,0,2,0,1,0.0,0.2857142857142857
Session_ID_3304,0,28,8.0,0,1.0,1,1,2,1,13,1,0,0.5,0.4482758620689655
Session_ID_3305,0,1,0.0,0,1.0,0,0,0,0,0,0,1,0.0,0.0
Session_ID_3306,0,3,0.0,0,1.0,1,1,0,0,0,0,0,0.5,0.0
Session_ID_3307,1,6,3.0,0,1.0,0,0,0,0,2,1,1,0.0,0.2857142857142857
Session_ID_3308,0,23,9.0,6,1.0,1,1,1,1,1,2,0,0.5,0.041666666666666664
Session_ID_3309,1,9,1.0,2,1.0,0,2,1,0,1,0,1,0.0,0.1
Session_ID_3310,1,13,3.0,0,4.0,0,2,2,0,2,1,1,0.0,0.14285714285714285
Session_ID_3311,0,10,2.0,1,0.0,0,2,1,0,4,0,1,0.0,0.36363636363636365
Session_ID_3312,0,14,9.0,0,1.0,0,1,1,0,1,1,1,0.0,0.06666666666666667
Session_ID_3313,1,4,1.0,0,0.0,0,0,1,0,1,0,1,0.0,0.2
Session_ID_3314,0,12,1.0,0,2.0,0,0,6,0,2,0,1,0.0,0.15384615384615385
Session_ID_3315,0,16,0.0,0,3.0,0,3,2,0,4,0,1,0.0,0.23529411764705882
Session_ID_3316,0,7,0.0,0,2.0,0,1,3,0,1,0,1,0.0,0.125
Session_ID_3317,0,10,1.0,1,3.0,0,0,3,0,2,0,1,0.0,0.18181818181818182
Session_ID_3318,1,10,7.0,0,1.0,0,0,1,0,1,1,1,0.0,0.09090909090909091
Session_ID_3319,0,23,2.0,0,2.0,1,2,0,0,4,0,0,0.3333333333333333,0.16666666666666666
Session_ID_3320,1,15,8.0,3,1.0,0,0,1,0,1,2,1,0.0,0.0625
Session_ID_3321,0,13,5.0,0,0.0,0,1,4,0,0,1,1,0.0,0.0
Session_ID_3322,0,20,2.0,0,2.0,0,6,0,3,6,0,1,0.0,0.2857142857142857
Session_ID_3323,0,12,2.0,0,1.0,1,4,3,0,1,0,0,0.2,0.07692307692307693
Session_ID_3324,1,2,1.0,0,0.0,0,0,0,0,0,0,1,0.0,0.0
Session_ID_3325,0,6,1.0,0,1.0,0,2,0,1,1,0,1,0.0,0.14285714285714285
Session_ID_3326,0,11,1.0,0,3.0,1,1,0,0,3,0,0,0.5,0.25
Session_ID_3327,1,17,6.0,0,1.0,1,1,1,0,7,1,0,0.5,0.3888888888888889
Session_ID_3328,0,5,1.0,0,0.0,0,1,1,0,2,0,1,0.0,0.3333333333333333
Session_ID_3329,1,52,0.0,0,4.0,0,0,7,0,5,0,1,0.0,0.09433962264150944
Session_ID_3330,0,13,2.0,0,2.0,0,2,1,0,6,0,1,0.0,0.42857142857142855
Session_ID_3331,0,8,0.0,0,0.0,0,2,1,0,4,0,1,0.0,0.4444444444444444
Session_ID_3332,1,3,0.0,0,1.0,0,0,1,0,0,0,1,0.0,0.0
Session_ID_3333,0,5,1.0,0,1.0,0,1,0,0,2,0,1,0.0,0.3333333333333333
Session_ID_3334,0,7,1.0,0,1.0,0,1,1,0,3,0,1,0.0,0.375
Session_ID_3335,0,22,6.0,7,6.0,0,1,0,1,0,2,1,0.0,0.0
Session_ID_3336,0,6,1.0,0,2.0,0,1,0,0,2,0,1,0.0,0.2857142857142857
Session_ID_3337,0,79,20.0,0,27.0,0,0,29,0,2,1,1,0.0,0.025
Session_ID_3338,1,46,13.0,3,0.0,0,0,5,0,7,2,1,0.0,0.14893617021276595
Session_ID_3339,0,8,3.0,0,0.0,0,0,1,0,3,1,1,0.0,0.3333333333333333
Session_ID_3340,0,8,2.0,0,2.0,1,1,0,1,1,0,0,0.5,0.1111111111111111
Session_ID_3341,1,10,2.0,0,3.0,0,1,1,0,3,0,1,0.0,0.2727272727272727
Session_ID_3342,0,5,1.0,0,1.0,0,1,0,0,2,0,1,0.0,0.3333333333333333
Session_ID_3343,1,9,6.0,0,0.0,0,0,2,0,0,1,1,0.0,0.0
Session_ID_3344,0,28,7.0,0,5.0,0,0,4,0,6,1,1,0.0,0.20689655172413793
Session_ID_3345,0,4,1.0,0,0.0,0,1,1,1,0,0,1,0.0,0.0
Session_ID_3346,0,8,2.0,0,3.0,0,1,0,0,2,0,1,0.0,0.2222222222222222
Session_ID_3347,0,4,1.0,0,1.0,0,1,1,0,0,0,1,0.0,0.0
Session_ID_3348,0,26,15.0,0,2.0,0,2,1,0,5,1,1,0.0,0.18518518518518517
Session_ID_3349,0,17,7.0,0,2.0,0,1,3,1,2,1,1,0.0,0.1111111111111111
Session_ID_3350,0,10,1.0,2,2.0,1,1,1,0,1,0,0,0.5,0.09090909090909091
Session_ID_3351,0,4,1.0,0,1.0,0,0,1,0,1,0,1,0.0,0.2
Session_ID_3352,0,9,1.0,0,1.0,1,1,1,1,2,0,0,0.5,0.2
Session_ID_3353,0,6,1.0,0,0.0,1,2,1,0,0,0,0,0.3333333333333333,0.0
Session_ID_3354,0,10,2.0,0,0.0,0,1,1,0,4,0,1,0.0,0.36363636363636365
Session_ID_3355,0,9,1.0,0,2.0,0,1,1,0,1,0,1,0.0,0.1
Session_ID_3356,0,11,6.0,0,1.0,0,1,1,0,2,1,1,0.0,0.16666666666666666
Session_ID_3357,0,19,11.0,0,4.0,0,0,3,0,1,1,1,0.0,0.05
Session_ID_3358,0,8,1.0,0,0.0,0,3,0,2,2,0,1,0.0,0.2222222222222222
Session_ID_3359,0,5,0.0,0,1.0,0,1,0,0,2,0,1,0.0,0.3333333333333333
Session_ID_3360,0,18,7.0,4,1.0,1,1,1,1,1,2,0,0.5,0.05263157894736842
Session_ID_3361,1,5,1.0,0,1.0,0,1,0,1,1,0,1,0.0,0.16666666666666666
Session_ID_3362,0,5,1.0,0,0.0,1,1,1,0,1,0,0,0.5,0.16666666666666666
Session_ID_3363,0,14,7.0,0,2.0,0,1,1,0,3,1,1,0.0,0.2
Session_ID_3364,0,6,1.0,0,2.0,0,1,0,0,2,0,1,0.0,0.2857142857142857
Session_ID_3365,1,6,3.0,0,1.0,0,0,1,0,1,1,1,0.0,0.14285714285714285
Session_ID_3366,0,9,6.0,0,0.0,0,0,0,0,3,1,1,0.0,0.3
Session_ID_3367,0,15,10.0,0,1.0,1,1,1,0,0,1,0,0.5,0.0
Session_ID_3368,1,16,6.0,4,1.0,0,1,1,0,2,2,1,0.0,0.11764705882352941
Session_ID_3369,1,10,4.0,1,0.0,0,0,2,0,2,1,1,0.0,0.18181818181818182
Session_ID_3370,0,12,0.0,0,1.0,0,1,1,0,2,0,1,0.0,0.15384615384615385
Session_ID_3371,0,17,4.0,0,2.0,2,4,3,0,2,1,0,0.4,0.1111111111111111
Session_ID_3372,1,16,10.0,1,2.0,0,0,1,0,2,1,1,0.0,0.11764705882352941
Session_ID_3373,0,5,1.0,0,1.0,0,1,0,0,2,0,1,0.0,0.3333333333333333
Session_ID_3374,0,6,0.0,0,1.0,0,1,1,0,2,0,1,0.0,0.2857142857142857
Session_ID_3375,1,4,1.0,0,0.0,0,0,0,0,3,0,1,0.0,0.6
Session_ID_3376,0,12,7.0,0,1.0,0,0,2,0,2,1,1,0.0,0.15384615384615385
Session_ID_3377,0,13,5.0,0,0.0,0,2,4,0,2,1,1,0.0,0.14285714285714285
Session_ID_3378,0,11,4.0,0,0.0,1,1,2,1,1,1,0,0.5,0.08333333333333333
Session_ID_3379,0,6,1.0,0,2.0,0,1,0,0,2,0,1,0.0,0.2857142857142857
Session_ID_3380,0,26,1.0,0,3.0,0,1,4,1,12,0,1,0.0,0.4444444444444444
Session_ID_3381,1,7,1.0,0,0.0,0,0,3,0,1,0,1,0.0,0.125
Session_ID_3382,0,47,12.0,10,7.0,0,4,3,2,6,2,1,0.0,0.125
Session_ID_3383,1,8,3.0,0,0.0,0,0,0,0,4,1,1,0.0,0.4444444444444444
Session_ID_3384,0,62,12.0,2,9.0,5,7,8,1,18,2,0,0.625,0.2857142857142857
Session_ID_3385,1,10,2.0,0,2.0,0,1,2,0,3,0,1,0.0,0.2727272727272727
Session_ID_3386,0,14,2.0,0,0.0,0,2,1,0,7,0,1,0.0,0.4666666666666667
Session_ID_3387,1,16,9.0,0,1.0,0,0,1,0,3,1,1,0.0,0.17647058823529413
Session_ID_3388,1,6,2.0,0,0.0,0,0,0,0,3,0,1,0.0,0.42857142857142855
Session_ID_3389,1,3,1.0,0,1.0,0,0,0,0,0,0,1,0.0,0.0
Session_ID_3390,1,15,7.0,4,0.0,0,0,1,0,3,2,1,0.0,0.1875
Session_ID_3391,0,11,4.0,0,1.0,0,1,1,0,3,1,1,0.0,0.25
Session_ID_3392,1,21,12.0,0,1.0,0,1,2,0,1,1,1,0.0,0.045454545454545456
Session_ID_3393,1,14,6.0,0,3.0,0,0,1,0,1,1,1,0.0,0.06666666666666667
Session_ID_3394,0,19,6.0,0,3.0,0,0,8,0,2,1,1,0.0,0.1
Session_ID_3395,0,7,2.0,0,2.0,0,1,0,0,2,0,1,0.0,0.25
Session_ID_3396,0,9,3.0,0,3.0,0,0,1,0,1,1,1,0.0,0.1
Session_ID_3397,0,5,1.0,0,0.0,0,1,1,0,2,0,1,0.0,0.3333333333333333
Session_ID_3398,0,6,1.0,0,1.0,1,1,1,1,0,0,0,0.5,0.0
Session_ID_3399,0,7,1.0,0,2.0,0,1,0,1,2,0,1,0.0,0.25
Session_ID_3400,1,27,11.0,2,0.0,0,0,1,0,8,2,1,0.0,0.2857142857142857
Session_ID_3401,0,18,1.0,1,5.0,0,0,0,0,7,0,1,0.0,0.3684210526315789
Session_ID_3402,0,24,2.0,0,0.0,0,1,19,0,0,0,1,0.0,0.0
Session_ID_3403,1,8,1.0,0,4.0,0,2,0,0,1,0,1,0.0,0.1111111111111111
Session_ID_3404,0,7,1.0,0,3.0,0,1,0,0,2,0,1,0.0,0.25
Session_ID_3405,0,5,1.0,0,0.0,0,0,1,0,2,0,1,0.0,0.3333333333333333
Session_ID_3406,0,9,4.0,0,1.0,0,1,1,0,1,1,1,0.0,0.1
Session_ID_3407,0,5,0.0,0,1.0,0,1,2,0,1,0,1,0.0,0.16666666666666666
Session_ID_3408,0,6,0.0,0,2.0,0,1,1,0,2,0,1,0.0,0.2857142857142857
Session_ID_3409,1,9,2.0,0,0.0,0,1,1,0,2,0,1,0.0,0.2
Session_ID_3410,0,10,3.0,0,3.0,0,1,1,0,2,1,1,0.0,0.18181818181818182
Session_ID_3411,0,13,3.0,0,1.0,0,2,2,1,2,1,1,0.0,0.14285714285714285
Session_ID_3412,1,8,1.0,0,0.0,0,0,2,0,3,0,1,0.0,0.3333333333333333
Session_ID_3413,0,5,0.0,0,2.0,0,0,3,0,0,0,1,0.0,0.0
Session_ID_3414,0,2,0.0,0,0.0,0,1,1,0,0,0,1,0.0,0.0
Session_ID_3415,0,10,3.0,0,0.0,0,2,1,1,1,1,1,0.0,0.09090909090909091
Session_ID_3416,0,1,0.0,0,1.0,0,0,0,0,0,0,1,0.0,0.0
Session_ID_3417,1,13,6.0,0,2.0,0,0,2,0,1,1,1,0.0,0.07142857142857142
Session_ID_3418,0,4,0.0,0,1.0,0,1,0,0,2,0,1,0.0,0.4
Session_ID_3419,0,4,0.0,0,1.0,0,1,1,0,1,0,1,0.0,0.2
Session_ID_3420,0,5,0.0,0,1.0,0,1,0,0,2,0,1,0.0,0.3333333333333333
Session_ID_3421,0,10,0.0,0,0.0,0,2,8,0,0,0,1,0.0,0.0
Session_ID_3422,0,10,3.0,0,0.0,1,1,1,1,2,1,0,0.5,0.18181818181818182
Session_ID_3423,1,9,4.0,1,3.0,0,0,0,0,1,1,1,0.0,0.1
Session_ID_3424,0,8,4.0,0,0.0,0,0,1,0,2,1,1,0.0,0.2222222222222222
Session_ID_3425,0,20,2.0,0,0.0,0,0,0,0,5,0,1,0.0,0.23809523809523808
Session_ID_3426,0,81,21.0,3,15.0,0,3,2,1,10,2,1,0.0,0.12195121951219512
Session_ID_3427,1,11,1.0,3,0.0,0,0,2,0,5,2,1,0.0,0.4166666666666667
Session_ID_3428,0,6,3.0,0,1.0,0,1,0,0,1,1,1,0.0,0.14285714285714285
Session_ID_3429,0,23,0.0,0,1.0,1,2,4,0,2,0,0,0.3333333333333333,0.08333333333333333
Session_ID_3430,0,13,2.0,0,2.0,1,1,2,1,4,0,0,0.5,0.2857142857142857
Session_ID_3431,1,5,2.0,1,0.0,0,1,0,0,0,0,1,0.0,0.0
Session_ID_3432,0,7,1.0,0,0.0,0,3,2,0,1,0,1,0.0,0.125
Session_ID_3433,1,15,3.0,0,3.0,0,0,8,0,0,1,1,0.0,0.0
Session_ID_3434,0,4,1.0,0,0.0,0,1,2,0,0,0,1,0.0,0.0
Session_ID_3435,1,14,1.0,0,0.0,0,0,3,0,4,0,1,0.0,0.26666666666666666
Session_ID_3436,1,29,10.0,0,2.0,0,3,3,0,11,1,1,0.0,0.36666666666666664
Session_ID_3437,1,8,0.0,0,0.0,0,0,1,0,2,0,1,0.0,0.2222222222222222
Session_ID_3438,0,5,0.0,0,0.0,0,2,2,0,1,0,1,0.0,0.16666666666666666
Session_ID_3439,0,4,0.0,0,1.0,0,0,2,0,1,0,1,0.0,0.2
Session_ID_3440,1,50,12.0,20,2.0,0,1,4,0,3,2,1,0.0,0.058823529411764705
Session_ID_3441,0,12,0.0,0,1.0,1,1,9,0,0,0,0,0.5,0.0
Session_ID_3442,0,7,1.0,0,0.0,1,1,1,1,1,0,1,0.5,0.125
Session_ID_3443,0,10,2.0,2,3.0,0,0,1,0,0,2,1,0.0,0.0
Session_ID_3444,0,10,4.0,0,0.0,0,0,3,0,0,1,1,0.0,0.0
Session_ID_3445,0,14,4.0,0,4.0,0,1,1,1,2,1,1,0.0,0.13333333333333333
Session_ID_3446,0,6,2.0,0,0.0,0,1,1,0,2,0,1,0.0,0.2857142857142857
Session_ID_3447,1,26,7.0,6,1.0,0,0,1,0,5,2,1,0.0,0.18518518518518517
Session_ID_3448,0,16,8.0,0,2.0,0,1,3,0,2,1,1,0.0,0.11764705882352941
Session_ID_3449,1,5,2.0,0,0.0,0,1,1,0,1,0,1,0.0,0.16666666666666666
Session_ID_3450,1,19,8.0,0,1.0,0,1,8,0,0,1,1,0.0,0.0
Session_ID_3451,0,2,0.0,0,0.0,1,1,0,0,0,0,0,0.5,0.0
Session_ID_3452,0,3,0.0,0,1.0,0,0,2,0,0,0,1,0.0,0.0
Session_ID_3453,0,49,2.0,5,4.0,0,1,0,1,3,2,1,0.0,0.06
Session_ID_3454,0,8,0.0,0,2.0,0,0,6,0,0,0,1,0.0,0.0
Session_ID_3455,0,5,1.0,0,1.0,0,2,1,0,0,0,1,0.0,0.0
Session_ID_3456,0,17,3.0,4,1.0,1,2,3,0,0,2,0,0.3333333333333333,0.0
Session_ID_3457,0,40,18.0,12,3.0,1,1,3,1,1,2,0,0.5,0.024390243902439025
Session_ID_3458,0,28,21.0,0,2.0,0,0,1,0,3,1,1,0.0,0.10344827586206896
Session_ID_3459,0,11,6.0,0,1.0,0,1,1,0,2,1,1,0.0,0.16666666666666666
Session_ID_3460,0,6,1.0,0,1.0,0,0,1,0,1,0,1,0.0,0.14285714285714285
Session_ID_3461,0,14,0.0,0,5.0,0,3,5,0,1,0,1,0.0,0.06666666666666667
Session_ID_3462,0,8,3.0,0,1.0,0,1,1,0,2,1,1,0.0,0.2222222222222222
Session_ID_3463,0,27,0.0,0,0.0,1,2,0,0,2,0,0,0.3333333333333333,0.07142857142857142
Session_ID_3464,0,7,0.0,0,1.0,0,1,1,0,3,0,1,0.0,0.375
Session_ID_3465,0,10,1.0,0,0.0,0,4,4,0,1,0,1,0.0,0.09090909090909091
Session_ID_3466,0,19,2.0,0,2.0,0,2,3,0,2,0,1,0.0,0.1
Session_ID_3467,0,16,5.0,0,9.0,0,0,1,0,1,1,1,0.0,0.058823529411764705
Session_ID_3468,0,7,1.0,1,1.0,0,0,0,0,3,0,1,0.0,0.375
Session_ID_3469,0,7,1.0,0,1.0,0,0,1,0,0,0,1,0.0,0.0
Session_ID_3470,0,9,1.0,0,1.0,0,0,4,0,3,0,1,0.0,0.3
Session_ID_3471,1,10,0.0,0,0.0,0,0,1,0,1,0,1,0.0,0.09090909090909091
Session_ID_3472,0,11,0.0,0,3.0,0,3,3,0,1,0,1,0.0,0.08333333333333333
Session_ID_3473,0,12,5.0,0,2.0,0,2,2,1,0,1,1,0.0,0.0
Session_ID_3474,0,13,5.0,0,1.0,0,1,1,1,2,1,1,0.0,0.14285714285714285
Session_ID_3475,1,3,0.0,0,0.0,0,0,1,0,1,0,1,0.0,0.25
Session_ID_3476,0,4,0.0,0,1.0,1,1,0,1,0,0,1,0.5,0.0
Session_ID_3477,1,6,3.0,0,0.0,0,0,0,0,2,1,1,0.0,0.2857142857142857
Session_ID_3478,0,15,6.0,0,2.0,1,3,1,0,2,1,0,0.25,0.125
Session_ID_3479,0,20,12.0,0,2.0,0,1,2,0,3,1,1,0.0,0.14285714285714285
Session_ID_3480,1,12,1.0,0,0.0,0,0,0,0,1,0,1,0.0,0.07692307692307693
Session_ID_3481,0,7,1.0,0,0.0,1,2,1,0,2,0,0,0.3333333333333333,0.25
Session_ID_3482,0,10,4.0,0,2.0,0,1,1,0,2,1,1,0.0,0.18181818181818182
Session_ID_3483,1,2,1.0,0,0.0,0,0,1,0,0,0,1,0.0,0.0
Session_ID_3484,0,21,3.0,0,1.0,0,3,8,0,0,1,1,0.0,0.0
Session_ID_3485,0,6,0.0,0,2.0,1,1,0,0,1,0,0,0.5,0.14285714285714285
Session_ID_3486,1,12,1.0,0,1.0,2,1,5,0,1,0,0,1.0,0.07692307692307693
Session_ID_3487,0,6,1.0,0,1.0,0,2,0,0,2,0,1,0.0,0.2857142857142857
Session_ID_3488,0,7,0.0,0,1.0,0,0,1,0,1,0,1,0.0,0.125
Session_ID_3489,0,11,6.0,0,2.0,0,0,3,0,0,1,1,0.0,0.0
Session_ID_3490,0,12,8.0,0,0.0,0,1,1,0,2,1,1,0.0,0.15384615384615385
Session_ID_3491,0,20,2.0,10,1.0,0,2,1,0,4,2,1,0.0,0.19047619047619047
Session_ID_3492,0,9,4.0,0,1.0,0,0,2,0,0,1,1,0.0,0.0
Session_ID_3493,0,5,1.0,0,1.0,0,1,0,0,2,0,1,0.0,0.3333333333333333
Session_ID_3494,1,3,1.0,0,1.0,0,0,1,0,0,0,1,0.0,0.0
Session_ID_3495,0,5,0.0,0,1.0,0,1,1,0,2,0,1,0.0,0.3333333333333333
Session_ID_3496,1,14,2.0,0,1.0,0,0,2,0,7,0,1,0.0,0.4666666666666667
Session_ID_3497,0,2,1.0,0,0.0,0,6,0,1,7,0,1,0.0,2.3333333333333335
Session_ID_3498,0,5,0.0,0,1.0,0,1,0,0,2,0,1,0.0,0.3333333333333333
Session_ID_3499,0,12,3.0,0,0.0,1,3,0,1,4,1,0,0.25,0.3076923076923077
Session_ID_3500,0,11,0.0,0,2.0,0,0,2,0,2,0,1,0.0,0.16666666666666666
Session_ID_3501,1,4,1.0,0,0.0,0,1,1,0,0,0,1,0.0,0.0
Session_ID_3502,1,32,2.0,2,2.0,0,0,6,0,17,2,1,0.0,0.5151515151515151
Session_ID_3503,0,35,8.0,1,10.0,0,2,5,1,5,1,1,0.0,0.1388888888888889
Session_ID_3504,0,5,1.0,0,1.0,0,1,0,0,2,0,1,0.0,0.3333333333333333
Session_ID_3505,0,9,1.0,2,2.0,1,1,0,0,2,0,0,0.5,0.2
Session_ID_3506,0,9,1.0,0,0.0,0,1,4,0,0,0,1,0.0,0.0
Session_ID_3507,0,45,4.0,0,1.0,0,1,24,0,1,1,1,0.0,0.021739130434782608
Session_ID_3508,0,13,0.0,0,5.0,0,1,6,0,0,0,1,0.0,0.0
Session_ID_3509,1,12,7.0,2,0.0,0,0,1,0,1,2,1,0.0,0.07692307692307693
Session_ID_3510,1,17,6.0,2,0.0,0,0,1,0,2,2,1,0.0,0.1111111111111111
Session_ID_3511,0,14,2.0,0,0.0,0,1,2,1,4,0,1,0.0,0.26666666666666666
Session_ID_3512,1,9,2.0,0,0.0,0,2,2,0,3,0,1,0.0,0.3
Session_ID_3513,1,9,2.0,2,2.0,0,0,1,0,2,2,1,0.0,0.2
Session_ID_3514,0,16,1.0,0,1.0,1,1,11,0,0,0,0,0.5,0.0
Session_ID_3515,0,21,4.0,0,1.0,0,1,3,1,8,1,1,0.0,0.36363636363636365
Session_ID_3516,0,4,0.0,0,1.0,0,1,1,0,1,0,1,0.0,0.2
Session_ID_3517,0,10,1.0,0,1.0,0,0,1,0,3,0,1,0.0,0.2727272727272727
Session_ID_3518,0,4,0.0,0,1.0,0,1,1,0,1,0,1,0.0,0.2
Session_ID_3519,0,6,0.0,0,1.0,0,1,1,1,2,0,1,0.0,0.2857142857142857
Session_ID_3520,0,7,1.0,0,1.0,0,3,0,1,1,0,1,0.0,0.125
Session_ID_3521,0,19,10.0,3,0.0,0,0,2,0,3,2,1,0.0,0.15
Session_ID_3522,1,23,15.0,4,0.0,0,0,0,0,0,2,1,0.0,0.0
Session_ID_3523,0,6,0.0,0,1.0,0,1,1,0,3,0,1,0.0,0.42857142857142855
Session_ID_3524,0,11,4.0,1,0.0,1,1,1,1,2,1,0,0.5,0.16666666666666666
Session_ID_3525,1,4,1.0,0,1.0,0,1,0,0,1,0,1,0.0,0.2
Session_ID_3526,0,1,0.0,0,1.0,0,0,0,0,0,0,1,0.0,0.0
Session_ID_3527,0,11,6.0,0,1.0,0,1,2,0,1,1,1,0.0,0.08333333333333333
Session_ID_3528,0,1,2.0,0,0.0,3,2,1,1,1,0,0,1.0,0.5
Session_ID_3529,1,3,1.0,1,0.0,0,0,0,0,1,0,1,0.0,0.25
Session_ID_3530,0,6,0.0,0,2.0,0,1,3,0,0,0,1,0.0,0.0
Session_ID_3531,1,4,1.0,0,0.0,0,1,2,0,0,0,1,0.0,0.0
Session_ID_3532,0,7,0.0,0,2.0,0,2,3,0,0,0,1,0.0,0.0
Session_ID_3533,1,13,4.0,0,2.0,0,0,5,0,1,1,1,0.0,0.07142857142857142
Session_ID_3534,0,17,4.0,1,2.0,0,2,1,0,6,1,1,0.0,0.3333333333333333
Session_ID_3535,1,4,1.0,0,2.0,0,0,0,0,1,0,1,0.0,0.2
Session_ID_3536,0,17,11.0,0,1.0,1,1,1,1,0,1,0,0.5,0.0
Session_ID_3537,1,3,0.0,1,1.0,0,0,0,0,1,0,1,0.0,0.25
Session_ID_3538,0,19,0.0,0,1.0,0,0,1,0,9,0,1,0.0,0.45
Session_ID_3539,1,13,6.0,4,1.0,0,0,0,0,2,2,1,0.0,0.14285714285714285
Session_ID_3540,0,11,0.0,0,1.0,0,1,1,0,2,0,1,0.0,0.16666666666666666
Session_ID_3541,0,15,7.0,0,3.0,1,2,1,0,1,1,0,0.3333333333333333,0.0625
Session_ID_3542,0,9,1.0,0,1.0,1,2,1,1,1,0,0,0.3333333333333333,0.1
Session_ID_3543,0,31,3.0,3,4.0,0,1,6,1,9,2,1,0.0,0.28125
Session_ID_3544,0,6,0.0,0,3.0,0,1,2,0,0,0,1,0.0,0.0
Session_ID_3545,0,15,9.0,1,1.0,0,1,1,0,2,1,1,0.0,0.125
Session_ID_3546,0,37,15.0,0,2.0,0,2,14,0,2,1,1,0.0,0.05263157894736842
Session_ID_3547,0,24,13.0,0,0.0,1,1,3,0,4,1,0,0.5,0.16
Session_ID_3548,1,5,1.0,0,1.0,0,0,1,0,1,0,1,0.0,0.16666666666666666
Session_ID_3549,0,3,1.0,0,1.0,0,0,1,0,0,0,1,0.0,0.0
Session_ID_3550,0,24,11.0,2,1.0,1,2,2,1,3,2,0,0.3333333333333333,0.12
Session_ID_3551,0,9,0.0,0,1.0,0,0,2,0,2,0,1,0.0,0.2
Session_ID_3552,1,7,2.0,0,0.0,0,1,4,0,0,0,1,0.0,0.0
Session_ID_3553,0,5,0.0,0,1.0,0,1,3,0,0,0,1,0.0,0.0
Session_ID_3554,0,7,0.0,0,0.0,0,2,1,1,3,0,1,0.0,0.375
Session_ID_3555,0,14,6.0,0,0.0,1,1,1,1,2,1,1,0.5,0.13333333333333333
Session_ID_3556,0,1,4.0,21,2.0,0,3,4,1,8,2,1,0.0,4.0
Session_ID_3557,0,7,2.0,0,1.0,0,1,1,0,2,0,1,0.0,0.25
Session_ID_3558,0,4,1.0,0,1.0,0,1,1,0,0,0,1,0.0,0.0
Session_ID_3559,1,8,2.0,0,1.0,0,0,2,0,3,0,1,0.0,0.3333333333333333
Session_ID_3560,0,9,2.0,0,1.0,0,0,1,0,5,0,1,0.0,0.5
Session_ID_3561,1,11,2.0,0,1.0,0,1,1,1,5,0,1,0.0,0.4166666666666667
Session_ID_3562,1,20,4.0,0,2.0,0,0,6,0,3,1,1,0.0,0.14285714285714285
Session_ID_3563,0,16,10.0,0,1.0,0,0,0,0,5,1,1,0.0,0.29411764705882354
Session_ID_3564,0,5,1.0,0,1.0,0,1,0,1,1,0,1,0.0,0.16666666666666666
Session_ID_3565,0,4,1.0,0,1.0,0,1,1,0,0,0,1,0.0,0.0
Session_ID_3566,0,20,15.0,0,1.0,0,1,2,0,1,1,1,0.0,0.047619047619047616
Session_ID_3567,0,30,3.0,6,6.0,1,5,1,0,8,2,0,0.16666666666666666,0.25806451612903225
Session_ID_3568,0,3,1.0,0,1.0,0,0,1,0,0,0,1,0.0,0.0
Session_ID_3569,0,20,0.0,0,2.0,0,0,3,0,2,0,1,0.0,0.09523809523809523
Session_ID_3570,0,24,8.0,0,4.0,0,2,8,0,2,1,1,0.0,0.08
Session_ID_3571,1,9,3.0,0,0.0,0,0,2,0,2,1,1,0.0,0.2
Session_ID_3572,0,1,0.0,0,1.0,0,0,0,0,0,0,1,0.0,0.0
Session_ID_3573,1,1,7.0,0,0.0,0,2,2,0,3,1,1,0.0,1.5
Session_ID_3574,1,8,4.0,0,0.0,0,1,2,0,1,1,1,0.0,0.1111111111111111
Session_ID_3575,1,18,0.0,0,2.0,0,0,2,0,8,0,1,0.0,0.42105263157894735
Session_ID_3576,1,4,1.0,0,0.0,0,0,1,0,2,0,1,0.0,0.4
Session_ID_3577,0,32,12.0,0,3.0,0,2,15,0,0,1,1,0.0,0.0
Session_ID_3578,0,11,1.0,0,1.0,1,1,0,1,1,0,0,0.5,0.08333333333333333
Session_ID_3579,1,19,14.0,0,1.0,0,0,2,0,1,1,1,0.0,0.05
Session_ID_3580,0,14,9.0,0,1.0,0,1,1,0,2,1,1,0.0,0.13333333333333333
Session_ID_3581,0,26,12.0,1,2.0,1,1,0,1,0,1,0,0.5,0.0
Session_ID_3582,1,12,1.0,2,3.0,0,1,1,1,3,0,1,0.0,0.23076923076923078
Session_ID_3583,0,4,0.0,0,1.0,0,1,0,0,2,0,1,0.0,0.4
Session_ID_3584,0,9,3.0,0,1.0,0,1,1,0,2,1,1,0.0,0.2
Session_ID_3585,0,13,0.0,0,0.0,0,1,10,0,0,0,1,0.0,0.0
Session_ID_3586,0,3,0.0,0,1.0,0,1,1,0,0,0,1,0.0,0.0
Session_ID_3587,0,6,2.0,0,0.0,0,1,2,0,1,0,1,0.0,0.14285714285714285
Session_ID_3588,0,6,1.0,0,1.0,0,1,1,1,1,0,1,0.0,0.14285714285714285
Session_ID_3589,0,24,5.0,6,3.0,1,3,1,1,3,2,0,0.25,0.12
Session_ID_3590,1,6,1.0,0,0.0,0,1,4,0,0,0,1,0.0,0.0
Session_ID_3591,0,18,0.0,0,1.0,0,8,5,0,4,0,1,0.0,0.21052631578947367
Session_ID_3592,0,9,2.0,0,2.0,0,2,0,0,3,0,1,0.0,0.3
Session_ID_3593,0,4,1.0,0,0.0,0,1,0,0,0,0,1,0.0,0.0
Session_ID_3594,0,7,0.0,0,1.0,0,1,1,0,2,0,1,0.0,0.25
Session_ID_3595,0,11,0.0,0,3.0,0,0,2,0,0,0,1,0.0,0.0
Session_ID_3596,0,8,0.0,0,1.0,0,1,1,0,3,0,1,0.0,0.3333333333333333
Session_ID_3597,0,11,2.0,0,3.0,1,2,0,0,3,0,1,0.3333333333333333,0.25
Session_ID_3598,0,12,4.0,0,0.0,1,1,0,1,1,1,0,0.5,0.07692307692307693
Session_ID_3599,0,5,0.0,0,2.0,0,1,2,0,0,0,1,0.0,0.0
Session_ID_3600,0,1,3.0,0,2.0,0,0,2,0,1,1,1,0.0,0.5
Session_ID_3601,0,6,0.0,0,2.0,1,2,0,0,1,0,0,0.3333333333333333,0.14285714285714285
Session_ID_3602,0,9,2.0,0,0.0,0,4,1,0,1,0,1,0.0,0.1
Session_ID_3603,1,7,2.0,0,0.0,0,0,3,0,1,0,1,0.0,0.125
Session_ID_3604,0,26,7.0,3,1.0,0,1,5,1,4,2,1,0.0,0.14814814814814814
Session_ID_3605,0,14,3.0,0,1.0,1,1,1,1,5,1,0,0.5,0.3333333333333333
Session_ID_3606,0,12,6.0,0,1.0,0,1,3,0,1,1,1,0.0,0.07692307692307693
Session_ID_3607,0,4,0.0,0,1.0,0,1,2,0,0,0,1,0.0,0.0
Session_ID_3608,1,6,2.0,0,0.0,0,1,1,0,1,0,1,0.0,0.14285714285714285
Session_ID_3609,0,10,0.0,0,1.0,0,3,6,0,0,0,1,0.0,0.0
Session_ID_3610,0,8,0.0,0,0.0,1,1,1,0,1,0,0,0.5,0.1111111111111111
Session_ID_3611,0,5,0.0,0,2.0,0,0,1,0,2,0,1,0.0,0.3333333333333333
Session_ID_3612,1,36,9.0,4,2.0,0,1,0,1,16,2,1,0.0,0.43243243243243246
Session_ID_3613,0,9,0.0,0,2.0,0,1,1,0,5,0,1,0.0,0.5
Session_ID_3614,0,4,0.0,0,1.0,0,1,1,0,1,0,1,0.0,0.2
Session_ID_3615,1,4,0.0,1,0.0,0,0,0,0,3,0,1,0.0,0.6
Session_ID_3616,1,3,0.0,0,0.0,0,0,3,0,0,0,1,0.0,0.0
Session_ID_3617,0,8,1.0,0,1.0,0,1,2,0,3,0,1,0.0,0.3333333333333333
Session_ID_3618,0,2,0.0,0,0.0,0,1,1,0,0,0,1,0.0,0.0
Session_ID_3619,1,19,9.0,0,0.0,0,0,4,0,1,1,1,0.0,0.05
Session_ID_3620,0,9,2.0,0,1.0,0,1,0,1,4,0,1,0.0,0.4
Session_ID_3621,1,2,0.0,0,2.0,0,0,0,0,0,0,1,0.0,0.0
Session_ID_3622,0,16,0.0,0,1.0,1,2,0,0,11,0,0,0.3333333333333333,0.6470588235294118
Session_ID_3623,0,5,1.0,0,1.0,0,1,0,0,2,0,1,0.0,0.3333333333333333
Session_ID_3624,0,5,1.0,0,1.0,0,2,1,0,0,0,1,0.0,0.0
Session_ID_3625,0,5,1.0,0,1.0,0,1,0,0,2,0,1,0.0,0.3333333333333333
Session_ID_3626,1,11,6.0,0,1.0,0,0,1,0,3,1,1,0.0,0.25
Session_ID_3627,0,19,1.0,2,0.0,0,0,3,0,8,0,1,0.0,0.4
Session_ID_3628,0,10,4.0,0,2.0,0,1,1,0,2,1,1,0.0,0.18181818181818182
Session_ID_3629,1,33,29.0,0,0.0,0,1,3,0,0,1,1,0.0,0.0
Session_ID_3630,0,5,0.0,0,1.0,0,2,2,0,0,0,1,0.0,0.0
Session_ID_3631,0,11,3.0,0,2.0,0,1,2,0,3,1,1,0.0,0.25
Session_ID_3632,0,16,3.0,0,0.0,2,2,7,0,1,1,0,0.6666666666666666,0.058823529411764705
Session_ID_3633,0,51,20.0,10,4.0,1,1,5,1,7,2,0,0.5,0.1346153846153846
Session_ID_3634,0,9,2.0,0,3.0,0,1,1,0,2,0,1,0.0,0.2
Session_ID_3635,0,12,8.0,0,0.0,0,1,1,0,2,1,1,0.0,0.15384615384615385
Session_ID_3636,0,17,1.0,0,3.0,1,5,7,0,0,0,0,0.16666666666666666,0.0
Session_ID_3637,0,29,9.0,12,0.0,0,2,1,1,0,2,1,0.0,0.0
Session_ID_3638,0,24,6.0,0,5.0,0,1,11,0,0,1,1,0.0,0.0
Session_ID_3639,0,16,9.0,0,0.0,1,1,1,1,2,1,0,0.5,0.11764705882352941
Session_ID_3640,0,4,0.0,0,1.0,0,1,1,0,1,0,1,0.0,0.2
Session_ID_3641,0,2,0.0,0,0.0,0,1,1,0,0,0,1,0.0,0.0
Session_ID_3642,1,17,1.0,1,1.0,0,1,2,1,3,0,1,0.0,0.16666666666666666
Session_ID_3643,0,5,0.0,0,1.0,0,1,0,0,2,0,1,0.0,0.3333333333333333
Session_ID_3644,0,14,2.0,0,1.0,0,0,5,0,0,0,1,0.0,0.0
Session_ID_3645,0,41,3.0,0,2.0,0,1,7,0,16,1,1,0.0,0.38095238095238093
Session_ID_3646,0,25,4.0,10,5.0,1,1,0,1,3,2,0,0.5,0.11538461538461539
Session_ID_3647,0,2,0.0,0,0.0,0,1,0,0,1,0,1,0.0,0.3333333333333333
Session_ID_3648,0,6,1.0,0,0.0,0,0,1,0,2,0,1,0.0,0.2857142857142857
Session_ID_3649,1,12,2.0,0,0.0,0,0,1,0,6,0,1,0.0,0.46153846153846156
Session_ID_3650,0,10,2.0,0,1.0,1,1,1,1,2,0,0,0.5,0.18181818181818182
Session_ID_3651,0,20,2.0,0,1.0,0,1,0,0,4,0,1,0.0,0.19047619047619047
Session_ID_3652,0,6,0.0,0,1.0,0,1,0,0,3,0,1,0.0,0.42857142857142855
Session_ID_3653,1,16,5.0,3,0.0,0,0,2,0,3,2,1,0.0,0.17647058823529413
Session_ID_3654,0,16,7.0,2,0.0,0,0,1,0,4,2,1,0.0,0.23529411764705882
Session_ID_3655,1,13,9.0,0,1.0,0,0,3,0,0,1,1,0.0,0.0
Session_ID_3656,0,10,0.0,0,0.0,1,1,1,0,3,0,0,0.5,0.2727272727272727
Session_ID_3657,1,2,1.0,0,0.0,0,0,0,0,0,0,1,0.0,0.0
Session_ID_3658,0,8,0.0,0,3.0,0,1,2,0,2,0,1,0.0,0.2222222222222222
Session_ID_3659,0,35,3.0,0,5.0,0,2,7,0,1,1,1,0.0,0.027777777777777776
Session_ID_3660,0,32,8.0,18,2.0,0,1,0,0,2,2,1,0.0,0.06060606060606061
Session_ID_3661,1,3,1.0,0,0.0,0,0,1,0,1,0,1,0.0,0.25
Session_ID_3662,0,4,1.0,0,0.0,0,0,2,0,1,0,1,0.0,0.2
Session_ID_3663,0,4,0.0,0,1.0,0,1,1,0,1,0,1,0.0,0.2
Session_ID_3664,1,19,9.0,6,2.0,0,0,1,0,1,2,1,0.0,0.05
Session_ID_3665,1,34,1.0,0,0.0,0,1,25,0,3,0,1,0.0,0.08571428571428572
Session_ID_3666,0,11,2.0,1,1.0,1,1,1,1,1,0,1,0.5,0.08333333333333333
Session_ID_3667,0,13,0.0,0,2.0,0,0,4,0,1,0,1,0.0,0.07142857142857142
Session_ID_3668,0,7,1.0,0,2.0,0,1,0,0,3,0,1,0.0,0.375
Session_ID_3669,1,13,0.0,0,0.0,0,1,2,0,1,0,1,0.0,0.07142857142857142
Session_ID_3670,0,54,19.0,0,3.0,0,0,18,0,2,1,1,0.0,0.03636363636363636
Session_ID_3671,1,2,0.0,0,0.0,0,2,0,0,0,0,1,0.0,0.0
Session_ID_3672,0,12,0.0,0,1.0,1,1,1,0,1,0,0,0.5,0.07692307692307693
Session_ID_3673,1,10,3.0,0,0.0,0,1,0,1,5,1,1,0.0,0.45454545454545453
Session_ID_3674,0,5,1.0,0,2.0,0,0,2,0,0,0,1,0.0,0.0
Session_ID_3675,0,9,0.0,0,0.0,1,1,2,0,1,0,0,0.5,0.1
Session_ID_3676,0,6,1.0,0,0.0,0,1,3,0,1,0,1,0.0,0.14285714285714285
Session_ID_3677,0,6,0.0,0,2.0,0,2,2,0,0,0,1,0.0,0.0
Session_ID_3678,0,5,1.0,0,1.0,0,1,0,0,2,0,1,0.0,0.3333333333333333
Session_ID_3679,1,7,3.0,2,0.0,0,1,0,0,0,2,1,0.0,0.0
Session_ID_3680,0,15,5.0,0,2.0,0,0,6,0,0,1,1,0.0,0.0
Session_ID_3681,0,11,5.0,0,1.0,0,0,1,0,3,1,1,0.0,0.25
Session_ID_3682,0,18,3.0,0,0.0,0,0,3,0,7,1,1,0.0,0.3684210526315789
Session_ID_3683,0,8,3.0,0,0.0,0,0,0,0,2,1,1,0.0,0.2222222222222222
Session_ID_3684,1,6,1.0,0,2.0,0,1,1,0,1,0,1,0.0,0.14285714285714285
Session_ID_3685,0,12,6.0,0,0.0,0,1,2,1,2,1,1,0.0,0.15384615384615385
Session_ID_3686,0,20,10.0,0,2.0,0,0,3,0,4,1,1,0.0,0.19047619047619047
Session_ID_3687,1,15,9.0,0,0.0,0,1,3,0,0,1,1,0.0,0.0
Session_ID_3688,0,4,1.0,0,1.0,0,1,0,0,1,0,1,0.0,0.2
Session_ID_3689,0,12,6.0,1,1.0,0,1,1,0,2,1,1,0.0,0.15384615384615385
Session_ID_3690,1,11,4.0,3,1.0,0,0,1,0,2,2,1,0.0,0.16666666666666666
Session_ID_3691,0,4,1.0,0,1.0,0,1,1,0,0,0,1,0.0,0.0
Session_ID_3692,1,3,1.0,0,1.0,0,0,1,0,0,0,1,0.0,0.0
Session_ID_3693,0,16,8.0,0,0.0,1,1,0,1,3,1,0,0.5,0.17647058823529413
Session_ID_3694,0,80,22.0,5,2.0,0,4,4,0,30,2,1,0.0,0.37037037037037035
Session_ID_3695,1,5,1.0,0,0.0,0,1,3,0,0,0,1,0.0,0.0
Session_ID_3696,0,11,1.0,0,1.0,0,1,0,0,2,0,1,0.0,0.16666666666666666
Session_ID_3697,0,9,1.0,0,0.0,0,1,3,0,4,0,1,0.0,0.4
Session_ID_3698,0,27,2.0,0,1.0,1,2,14,0,0,0,0,0.3333333333333333,0.0
Session_ID_3699,1,10,4.0,2,1.0,0,0,0,0,3,2,1,0.0,0.2727272727272727
Session_ID_3700,0,6,0.0,0,6.0,0,0,0,0,0,0,1,0.0,0.0
Session_ID_3701,0,78,0.0,0,3.0,0,3,3,0,4,0,1,0.0,0.05063291139240506
Session_ID_3702,0,10,4.0,0,2.0,0,1,1,0,2,1,1,0.0,0.18181818181818182
Session_ID_3703,0,2,0.0,0,1.0,0,0,0,0,1,0,1,0.0,0.3333333333333333
Session_ID_3704,0,14,10.0,0,0.0,0,1,1,0,1,1,1,0.0,0.06666666666666667
Session_ID_3705,1,7,0.0,0,0.0,0,0,1,0,4,0,1,0.0,0.5
Session_ID_3706,1,23,7.0,6,3.0,0,1,3,0,3,2,1,0.0,0.125
Session_ID_3707,0,13,3.0,0,0.0,1,2,0,0,6,1,0,0.3333333333333333,0.42857142857142855
Session_ID_3708,0,17,0.0,0,2.0,1,3,1,0,2,0,0,0.25,0.1111111111111111
Session_ID_3709,0,15,3.0,0,0.0,0,2,0,0,10,1,1,0.0,0.625
Session_ID_3710,0,9,1.0,4,1.0,0,1,0,0,2,2,1,0.0,0.2
Session_ID_3711,0,20,8.0,1,0.0,1,2,2,1,3,1,1,0.3333333333333333,0.14285714285714285
Session_ID_3712,1,6,0.0,0,0.0,0,0,1,0,2,0,1,0.0,0.2857142857142857
Session_ID_3713,1,24,7.0,4,2.0,0,0,2,0,7,2,1,0.0,0.28
Session_ID_3714,1,6,1.0,1,0.0,0,0,0,0,2,0,1,0.0,0.2857142857142857
Session_ID_3715,1,3,1.0,0,1.0,0,0,1,0,0,0,1,0.0,0.0
Session_ID_3716,0,11,4.0,0,0.0,1,1,1,1,1,1,0,0.5,0.08333333333333333
Session_ID_3717,0,21,9.0,0,2.0,0,2,3,0,2,1,1,0.0,0.09090909090909091
Session_ID_3718,0,13,2.0,0,1.0,0,0,7,0,0,0,1,0.0,0.0
Session_ID_3719,0,5,0.0,0,1.0,0,0,1,0,2,0,1,0.0,0.3333333333333333
Session_ID_3720,0,4,0.0,0,0.0,0,1,0,0,3,0,1,0.0,0.6
Session_ID_3721,0,5,1.0,0,1.0,0,1,0,0,2,0,1,0.0,0.3333333333333333
Session_ID_3722,0,8,1.0,1,2.0,0,1,0,0,3,0,1,0.0,0.3333333333333333
Session_ID_3723,1,13,6.0,0,0.0,0,0,3,0,3,1,1,0.0,0.21428571428571427
Session_ID_3724,0,21,2.0,0,2.0,0,5,11,0,0,0,1,0.0,0.0
Session_ID_3725,0,10,3.0,4,0.0,0,0,2,0,0,2,1,0.0,0.0
Session_ID_3726,0,10,3.0,0,1.0,0,1,1,1,3,1,1,0.0,0.2727272727272727
Session_ID_3727,1,8,3.0,0,0.0,0,1,3,0,1,1,1,0.0,0.1111111111111111
Session_ID_3728,0,25,4.0,6,3.0,0,1,3,1,5,2,1,0.0,0.19230769230769232
Session_ID_3729,0,17,5.0,2,3.0,0,3,1,0,3,2,1,0.0,0.16666666666666666
Session_ID_3730,1,9,2.0,0,0.0,1,2,1,0,3,0,0,0.3333333333333333,0.3
Session_ID_3731,1,3,1.0,0,0.0,0,0,1,0,1,0,1,0.0,0.25
Session_ID_3732,0,24,1.0,0,0.0,0,1,16,0,1,0,1,0.0,0.04
Session_ID_3733,0,26,7.0,8,1.0,0,1,4,1,3,2,1,0.0,0.1111111111111111
Session_ID_3734,1,17,10.0,0,0.0,0,0,2,0,4,1,1,0.0,0.2222222222222222
Session_ID_3735,0,17,5.0,0,3.0,1,2,3,0,0,1,0,0.3333333333333333,0.0
Session_ID_3736,0,7,2.0,0,0.0,0,1,1,0,1,0,1,0.0,0.125
Session_ID_3737,0,9,4.0,0,2.0,0,0,0,0,3,1,1,0.0,0.3
Session_ID_3738,1,12,8.0,0,1.0,0,0,1,0,1,1,1,0.0,0.07692307692307693
Session_ID_3739,1,28,12.0,0,1.0,1,1,11,0,1,1,0,0.5,0.034482758620689655
Session_ID_3740,0,3,0.0,0,1.0,0,0,2,0,0,0,1,0.0,0.0
Session_ID_3741,0,9,0.0,0,0.0,0,1,1,0,2,0,1,0.0,0.2
Session_ID_3742,0,6,2.0,1,1.0,0,0,1,0,0,0,1,0.0,0.0
Session_ID_3743,0,5,0.0,0,1.0,1,1,0,1,1,0,0,0.5,0.16666666666666666
Session_ID_3744,0,28,14.0,0,2.0,0,2,6,0,0,1,1,0.0,0.0
Session_ID_3745,0,8,0.0,0,1.0,0,1,3,0,2,0,1,0.0,0.2222222222222222
Session_ID_3746,0,6,2.0,0,1.0,0,1,1,0,1,0,1,0.0,0.14285714285714285
Session_ID_3747,0,6,1.0,0,1.0,0,1,1,0,2,0,1,0.0,0.2857142857142857
Session_ID_3748,0,18,3.0,1,4.0,1,1,2,1,5,1,0,0.5,0.2631578947368421
Session_ID_3749,0,16,3.0,2,1.0,1,1,2,2,1,2,0,0.5,0.058823529411764705
Session_ID_3750,0,17,2.0,4,2.0,1,1,2,1,2,2,0,0.5,0.1111111111111111
Session_ID_3751,1,13,1.0,2,1.0,0,2,2,1,3,0,1,0.0,0.21428571428571427
Session_ID_3752,0,12,0.0,0,0.0,0,1,0,0,0,0,1,0.0,0.0
Session_ID_3753,1,12,4.0,1,0.0,0,2,2,0,2,1,1,0.0,0.15384615384615385
Session_ID_3754,1,11,6.0,0,1.0,0,1,1,0,2,1,1,0.0,0.16666666666666666
Session_ID_3755,0,32,5.0,0,0.0,1,1,2,1,6,1,0,0.5,0.18181818181818182
Session_ID_3756,0,8,2.0,0,2.0,0,1,0,0,3,0,1,0.0,0.3333333333333333
Session_ID_3757,0,5,1.0,0,0.0,0,2,1,0,1,0,1,0.0,0.16666666666666666
Session_ID_3758,0,12,2.0,1,2.0,0,1,1,0,5,0,1,0.0,0.38461538461538464
Session_ID_3759,1,12,1.0,0,0.0,0,2,7,0,1,0,1,0.0,0.07692307692307693
Session_ID_3760,0,12,1.0,0,3.0,0,2,1,0,3,0,1,0.0,0.23076923076923078
Session_ID_3761,0,13,5.0,0,2.0,1,1,0,1,3,1,0,0.5,0.21428571428571427
Session_ID_3762,1,16,0.0,0,3.0,0,0,1,0,3,0,1,0.0,0.17647058823529413
Session_ID_3763,0,20,5.0,0,6.0,0,1,4,0,1,1,1,0.0,0.047619047619047616
Session_ID_3764,0,5,0.0,0,1.0,0,1,0,0,2,0,1,0.0,0.3333333333333333
Session_ID_3765,0,5,1.0,0,1.0,0,1,0,0,2,0,1,0.0,0.3333333333333333
Session_ID_3766,1,12,2.0,0,0.0,0,4,2,0,4,0,1,0.0,0.3076923076923077
Session_ID_3767,0,6,2.0,0,0.0,0,1,2,0,1,0,1,0.0,0.14285714285714285
Session_ID_3768,1,11,5.0,1,1.0,0,0,2,0,1,1,1,0.0,0.08333333333333333
Session_ID_3769,1,17,12.0,0,0.0,0,0,1,0,1,1,1,0.0,0.05555555555555555
Session_ID_3770,0,10,4.0,0,2.0,0,0,1,0,2,1,1,0.0,0.18181818181818182
Session_ID_3771,0,10,0.0,0,1.0,0,0,1,0,3,0,1,0.0,0.2727272727272727
Session_ID_3772,0,16,2.0,0,2.0,0,2,2,0,7,0,1,0.0,0.4117647058823529
Session_ID_3773,0,14,9.0,0,1.0,0,1,1,0,2,1,1,0.0,0.13333333333333333
Session_ID_3774,0,6,1.0,0,1.0,0,1,0,1,2,0,1,0.0,0.2857142857142857
Session_ID_3775,0,35,10.0,0,0.0,1,4,10,0,0,1,0,0.2,0.0
Session_ID_3776,0,2,0.0,0,0.0,0,1,0,0,1,0,1,0.0,0.3333333333333333
Session_ID_3777,0,13,8.0,0,1.0,0,1,1,0,2,1,1,0.0,0.14285714285714285
Session_ID_3778,1,12,4.0,0,2.0,0,0,1,0,4,1,1,0.0,0.3076923076923077
Session_ID_3779,0,6,1.0,0,0.0,0,1,3,0,0,0,1,0.0,0.0
Session_ID_3780,0,5,1.0,0,1.0,0,1,0,0,2,0,1,0.0,0.3333333333333333
Session_ID_3781,1,7,1.0,1,1.0,0,0,2,0,0,0,1,0.0,0.0
Session_ID_3782,1,25,2.0,0,1.0,0,0,8,0,0,0,1,0.0,0.0
Session_ID_3783,0,32,10.0,1,11.0,0,1,3,0,5,1,1,0.0,0.15151515151515152
Session_ID_3784,0,8,5.0,0,0.0,0,1,1,0,0,1,1,0.0,0.0
Session_ID_3785,0,17,7.0,0,2.0,0,0,2,0,4,1,1,0.0,0.2222222222222222
Session_ID_3786,0,10,3.0,0,0.0,0,2,1,0,3,1,1,0.0,0.2727272727272727
Session_ID_3787,1,5,2.0,0,0.0,0,0,1,0,1,0,1,0.0,0.16666666666666666
Session_ID_3788,0,7,3.0,0,1.0,0,1,1,0,1,1,1,0.0,0.125
Session_ID_3789,0,9,1.0,0,1.0,0,0,4,0,1,0,1,0.0,0.1
Session_ID_3790,0,17,3.0,0,2.0,1,3,5,0,1,1,0,0.25,0.05555555555555555
Session_ID_3791,0,66,47.0,7,2.0,0,1,3,1,5,2,1,0.0,0.07462686567164178
Session_ID_3792,0,10,1.0,0,0.0,0,2,7,0,0,0,1,0.0,0.0
Session_ID_3793,0,15,4.0,2,3.0,0,0,2,0,4,2,1,0.0,0.25
Session_ID_3794,1,3,1.0,0,0.0,0,0,0,0,1,0,1,0.0,0.25
Session_ID_3795,0,23,10.0,2,3.0,0,0,3,0,4,2,1,0.0,0.16666666666666666
Session_ID_3796,0,11,2.0,2,2.0,0,1,0,0,4,2,1,0.0,0.3333333333333333
Session_ID_3797,0,8,4.0,0,0.0,0,1,1,0,2,1,1,0.0,0.2222222222222222
Session_ID_3798,0,20,3.0,10,4.0,1,1,0,0,1,2,0,0.5,0.047619047619047616
Session_ID_3799,1,12,5.0,1,1.0,0,0,2,0,0,1,1,0.0,0.0
Session_ID_3800,0,31,5.0,0,8.0,2,2,4,0,9,1,0,0.6666666666666666,0.28125
Session_ID_3801,0,10,1.0,0,0.0,0,1,8,0,0,0,1,0.0,0.0
Session_ID_3802,0,57,33.0,0,6.0,0,2,5,0,7,1,1,0.0,0.1206896551724138
Session_ID_3803,0,8,1.0,0,1.0,1,1,0,1,2,0,0,0.5,0.2222222222222222
Session_ID_3804,1,6,3.0,0,1.0,0,0,0,0,1,1,1,0.0,0.14285714285714285
Session_ID_3805,0,8,4.0,0,0.0,0,1,1,0,2,1,1,0.0,0.2222222222222222
Session_ID_3806,1,14,9.0,0,1.0,0,0,2,0,0,1,1,0.0,0.0
Session_ID_3807,1,12,4.0,0,4.0,0,0,3,0,1,1,1,0.0,0.07692307692307693
Session_ID_3808,0,29,11.0,0,5.0,0,0,4,0,5,1,1,0.0,0.16666666666666666
Session_ID_3809,0,7,0.0,0,1.0,0,1,4,0,1,0,1,0.0,0.125
Session_ID_3810,0,7,3.0,0,1.0,0,0,2,0,0,1,1,0.0,0.0
Session_ID_3811,0,29,13.0,9,1.0,1,1,1,1,1,2,0,0.5,0.03333333333333333
Session_ID_3812,0,5,0.0,0,1.0,0,1,0,0,2,0,1,0.0,0.3333333333333333
Session_ID_3813,1,13,3.0,2,1.0,0,2,2,0,3,2,1,0.0,0.21428571428571427
Session_ID_3814,0,7,2.0,0,2.0,0,1,0,0,2,0,1,0.0,0.25
Session_ID_3815,0,8,0.0,0,0.0,0,2,0,0,6,0,1,0.0,0.6666666666666666
Session_ID_3816,1,4,1.0,0,0.0,0,0,1,0,1,0,1,0.0,0.2
Session_ID_3817,1,53,6.0,0,34.0,1,7,4,0,0,1,0,0.125,0.0
Session_ID_3818,0,12,6.0,0,1.0,1,1,0,1,2,1,0,0.5,0.15384615384615385
Session_ID_3819,1,13,7.0,2,0.0,0,0,1,0,1,2,1,0.0,0.07142857142857142
Session_ID_3820,0,2,0.0,0,1.0,0,0,1,0,0,0,1,0.0,0.0
Session_ID_3821,0,27,0.0,0,1.0,0,0,3,0,3,0,1,0.0,0.10714285714285714
Session_ID_3822,0,7,1.0,0,2.0,0,1,0,0,3,0,1,0.0,0.375
Session_ID_3823,0,4,0.0,0,1.0,0,1,0,0,2,0,1,0.0,0.4
Session_ID_3824,0,14,0.0,0,2.0,1,2,1,0,2,0,0,0.3333333333333333,0.13333333333333333
Session_ID_3825,1,3,1.0,0,1.0,0,0,0,0,1,0,1,0.0,0.25
Session_ID_3826,0,1,0.0,0,2.0,0,3,6,0,4,0,1,0.0,2.0
Session_ID_3827,0,1,0.0,0,1.0,0,0,0,0,0,0,1,0.0,0.0
Session_ID_3828,1,8,5.0,0,0.0,0,0,2,0,1,1,1,0.0,0.1111111111111111
Session_ID_3829,0,6,0.0,0,1.0,0,1,3,0,1,0,1,0.0,0.14285714285714285
Session_ID_3830,0,24,1.0,0,3.0,1,4,14,0,1,0,0,0.2,0.04
Session_ID_3831,1,5,1.0,0,0.0,0,0,1,0,2,0,1,0.0,0.3333333333333333
Session_ID_3832,1,3,1.0,0,0.0,0,0,0,0,2,0,1,0.0,0.5
Session_ID_3833,1,11,6.0,0,0.0,1,1,2,0,1,1,0,0.5,0.08333333333333333
Session_ID_3834,0,8,0.0,0,0.0,0,1,1,0,2,0,1,0.0,0.2222222222222222
Session_ID_3835,0,6,2.0,0,0.0,0,1,0,1,1,0,1,0.0,0.14285714285714285
Session_ID_3836,1,11,5.0,1,0.0,0,1,1,0,1,1,1,0.0,0.08333333333333333
Session_ID_3837,1,7,4.0,0,0.0,0,0,1,0,1,1,1,0.0,0.125
Session_ID_3838,0,6,1.0,0,1.0,0,1,2,0,1,0,1,0.0,0.14285714285714285
Session_ID_3839,0,42,12.0,11,3.0,0,0,5,0,6,2,1,0.0,0.13953488372093023
Session_ID_3840,0,15,3.0,0,2.0,0,2,7,0,0,1,1,0.0,0.0
Session_ID_3841,1,26,10.0,13,0.0,0,0,1,0,0,2,1,0.0,0.0
Session_ID_3842,1,18,2.0,0,2.0,0,2,5,0,1,0,1,0.0,0.05263157894736842
Session_ID_3843,0,4,0.0,0,1.0,0,1,2,0,0,0,1,0.0,0.0
Session_ID_3844,1,6,2.0,0,0.0,0,0,0,0,2,0,1,0.0,0.2857142857142857
Session_ID_3845,0,4,0.0,0,0.0,0,1,1,0,2,0,1,0.0,0.4
Session_ID_3846,1,8,2.0,1,2.0,0,0,1,0,2,0,1,0.0,0.2222222222222222
Session_ID_3847,1,10,3.0,0,0.0,0,0,1,0,4,1,1,0.0,0.36363636363636365
Session_ID_3848,1,1,0.0,0,0.0,0,0,1,0,1,0,1,0.0,0.5
Session_ID_3849,0,13,1.0,0,7.0,0,2,0,0,3,0,1,0.0,0.21428571428571427
Session_ID_3850,0,6,1.0,0,0.0,0,0,2,0,2,0,1,0.0,0.2857142857142857
Session_ID_3851,0,63,7.0,4,4.0,0,2,5,1,35,2,1,0.0,0.546875
Session_ID_3852,0,10,2.0,0,2.0,0,0,1,0,2,0,1,0.0,0.18181818181818182
Session_ID_3853,0,13,0.0,0,1.0,0,2,4,0,2,0,1,0.0,0.14285714285714285
Session_ID_3854,1,12,7.0,0,1.0,0,1,1,0,2,1,1,0.0,0.15384615384615385
Session_ID_3855,0,12,2.0,0,0.0,1,2,3,0,3,0,0,0.3333333333333333,0.23076923076923078
Session_ID_3856,1,3,1.0,0,0.0,0,0,1,0,1,0,1,0.0,0.25
Session_ID_3857,1,10,2.0,1,0.0,0,1,2,1,1,0,1,0.0,0.09090909090909091
Session_ID_3858,1,11,3.0,0,1.0,0,0,2,0,4,1,1,0.0,0.3333333333333333
Session_ID_3859,1,21,9.0,0,5.0,0,0,5,0,0,1,1,0.0,0.0
Session_ID_3860,0,10,3.0,0,1.0,1,2,2,0,0,1,0,0.3333333333333333,0.0
Session_ID_3861,0,74,6.0,0,22.0,0,1,40,0,0,1,1,0.0,0.0
Session_ID_3862,0,4,0.0,0,1.0,0,1,0,0,2,0,1,0.0,0.4
Session_ID_3863,1,436,1.0,0,2.0,0,3,256,0,1,0,1,0.0,0.002288329519450801
Session_ID_3864,0,19,8.0,2,2.0,0,0,2,0,4,2,1,0.0,0.2
Session_ID_3865,0,20,6.0,1,3.0,0,2,1,1,5,1,1,0.0,0.23809523809523808
Session_ID_3866,0,7,1.0,0,0.0,0,3,1,1,1,0,1,0.0,0.125
Session_ID_3867,0,6,1.0,0,0.0,0,1,0,1,3,0,1,0.0,0.42857142857142855
Session_ID_3868,0,5,0.0,0,1.0,0,1,0,0,2,0,1,0.0,0.3333333333333333
Session_ID_3869,1,17,6.0,2,1.0,0,0,2,0,4,2,1,0.0,0.2222222222222222
Session_ID_3870,0,6,0.0,0,0.0,0,4,0,0,2,0,1,0.0,0.2857142857142857
Session_ID_3871,1,56,26.0,12,15.0,0,0,1,0,1,2,1,0.0,0.017543859649122806
Session_ID_3872,1,30,22.0,0,1.0,0,0,6,0,1,1,1,0.0,0.03225806451612903
Session_ID_3873,0,6,1.0,1,1.0,0,1,0,0,2,0,1,0.0,0.2857142857142857
Session_ID_3874,1,51,11.0,19,9.0,0,0,0,0,11,2,1,0.0,0.21153846153846154
Session_ID_3875,1,9,1.0,0,2.0,0,1,1,0,3,0,1,0.0,0.3
Session_ID_3876,0,4,0.0,0,0.0,0,2,2,0,0,0,1,0.0,0.0
Session_ID_3877,0,12,0.0,0,0.0,0,3,9,0,0,0,1,0.0,0.0
Session_ID_3878,0,40,6.0,1,3.0,1,2,5,1,12,1,1,0.3333333333333333,0.2926829268292683
Session_ID_3879,0,20,9.0,0,1.0,1,2,4,0,0,1,0,0.3333333333333333,0.0
Session_ID_3880,0,14,5.0,0,2.0,0,4,2,0,1,1,1,0.0,0.06666666666666667
Session_ID_3881,0,3,0.0,0,1.0,0,1,0,0,1,0,1,0.0,0.25
Session_ID_3882,1,15,0.0,0,1.0,0,0,1,0,2,0,1,0.0,0.125
Session_ID_3883,0,4,0.0,0,0.0,0,1,0,0,0,0,1,0.0,0.0
Session_ID_3884,0,5,1.0,0,1.0,0,1,0,0,2,0,1,0.0,0.3333333333333333
Session_ID_3885,0,1,0.0,0,1.0,0,0,0,0,0,0,1,0.0,0.0
Session_ID_3886,0,31,2.0,0,0.0,0,0,5,0,11,0,1,0.0,0.34375
Session_ID_3887,0,6,0.0,0,1.0,0,0,2,0,1,0,1,0.0,0.14285714285714285
Session_ID_3888,0,32,2.0,1,1.0,1,1,0,1,1,0,0,0.5,0.030303030303030304
Session_ID_3889,0,4,0.0,0,1.0,0,1,2,0,0,0,1,0.0,0.0
Session_ID_3890,0,8,1.0,0,1.0,1,1,1,1,2,0,0,0.5,0.2222222222222222
Session_ID_3891,0,12,3.0,1,2.0,0,1,1,1,2,1,1,0.0,0.15384615384615385
Session_ID_3892,0,40,1.0,0,4.0,0,5,26,0,1,0,1,0.0,0.024390243902439025
Session_ID_3893,1,40,4.0,2,5.0,1,1,7,1,13,2,1,0.5,0.3170731707317073
Session_ID_3894,0,5,0.0,0,1.0,0,0,0,0,4,0,1,0.0,0.6666666666666666
Session_ID_3895,0,8,1.0,0,1.0,1,1,0,1,2,0,0,0.5,0.2222222222222222
Session_ID_3896,0,12,7.0,0,1.0,0,1,1,0,2,1,1,0.0,0.15384615384615385
Session_ID_3897,1,4,1.0,0,1.0,0,0,0,0,2,0,1,0.0,0.4
Session_ID_3898,0,26,4.0,0,4.0,0,4,10,0,2,1,1,0.0,0.07407407407407407
Session_ID_3899,0,11,0.0,0,0.0,1,1,0,0,1,0,0,0.5,0.08333333333333333
Session_ID_3900,0,9,1.0,0,0.0,0,1,1,1,5,0,1,0.0,0.5
Session_ID_3901,0,9,1.0,0,5.0,0,2,0,0,1,0,1,0.0,0.1
Session_ID_3902,0,11,4.0,1,3.0,0,0,1,0,0,1,1,0.0,0.0
Session_ID_3903,1,16,0.0,0,0.0,0,0,1,0,0,0,1,0.0,0.0
Session_ID_3904,0,15,6.0,1,1.0,0,1,1,0,4,1,1,0.0,0.25
Session_ID_3905,0,9,4.0,0,0.0,0,0,2,0,3,1,1,0.0,0.3
Session_ID_3906,0,9,4.0,0,0.0,0,2,3,0,0,1,1,0.0,0.0
Session_ID_3907,0,15,4.0,0,1.0,0,0,1,0,5,1,1,0.0,0.3125
Session_ID_3908,1,7,5.0,0,0.0,0,0,1,0,0,1,1,0.0,0.0
Session_ID_3909,0,27,16.0,0,2.0,1,2,1,1,4,1,0,0.3333333333333333,0.14285714285714285
Session_ID_3910,1,12,2.0,0,0.0,0,0,2,0,5,0,1,0.0,0.38461538461538464
Session_ID_3911,1,8,2.0,0,0.0,0,0,2,0,2,0,1,0.0,0.2222222222222222
Session_ID_3912,1,5,1.0,0,0.0,0,0,1,0,1,0,1,0.0,0.16666666666666666
Session_ID_3913,0,37,1.0,0,1.0,0,0,13,0,3,0,1,0.0,0.07894736842105263
Session_ID_3914,0,4,0.0,0,1.0,0,1,2,0,0,0,1,0.0,0.0
Session_ID_3915,0,7,1.0,0,0.0,1,1,1,1,1,0,0,0.5,0.125
Session_ID_3916,1,13,5.0,0,1.0,0,1,2,0,3,1,1,0.0,0.21428571428571427
Session_ID_3917,1,3,0.0,0,0.0,0,0,1,0,1,0,1,0.0,0.25
Session_ID_3918,0,2,0.0,0,1.0,0,0,1,0,0,0,1,0.0,0.0
Session_ID_3919,1,5,2.0,0,0.0,0,0,1,0,2,0,1,0.0,0.3333333333333333
Session_ID_3920,0,2,0.0,0,1.0,0,0,0,0,1,0,1,0.0,0.3333333333333333
Session_ID_3921,1,7,2.0,0,0.0,0,0,1,0,2,0,1,0.0,0.25
Session_ID_3922,1,24,11.0,5,5.0,0,0,0,0,3,2,1,0.0,0.12
Session_ID_3923,1,38,12.0,16,5.0,0,0,0,0,5,2,1,0.0,0.1282051282051282
Session_ID_3924,0,20,7.0,0,2.0,1,1,1,1,6,1,0,0.5,0.2857142857142857
Session_ID_3925,1,8,5.0,0,1.0,0,0,2,0,0,1,1,0.0,0.0
Session_ID_3926,0,93,1.0,0,3.0,1,3,7,0,10,0,0,0.25,0.10638297872340426
Session_ID_3927,0,10,5.0,0,0.0,1,1,1,1,1,1,0,0.5,0.09090909090909091
Session_ID_3928,1,20,9.0,7,1.0,0,0,1,0,1,2,1,0.0,0.047619047619047616
Session_ID_3929,0,10,0.0,0,1.0,1,4,3,0,1,0,0,0.2,0.09090909090909091
Session_ID_3930,0,7,1.0,0,0.0,0,1,1,0,4,0,1,0.0,0.5
Session_ID_3931,0,15,2.0,7,0.0,0,0,1,0,3,2,1,0.0,0.1875
Session_ID_3932,0,23,12.0,0,0.0,1,1,6,0,0,1,0,0.5,0.0
Session_ID_3933,0,18,8.0,0,0.0,0,1,1,0,4,1,1,0.0,0.21052631578947367
Session_ID_3934,0,20,3.0,1,6.0,0,5,0,2,3,1,1,0.0,0.14285714285714285
Session_ID_3935,0,8,0.0,0,1.0,1,2,2,0,0,0,0,0.3333333333333333,0.0
Session_ID_3936,0,10,0.0,0,0.0,0,0,2,0,4,0,1,0.0,0.36363636363636365
Session_ID_3937,1,8,6.0,0,0.0,0,1,1,0,0,1,1,0.0,0.0
Session_ID_3938,0,5,1.0,0,1.0,0,1,0,0,2,0,1,0.0,0.3333333333333333
Session_ID_3939,0,9,4.0,0,1.0,0,1,1,0,2,1,1,0.0,0.2
Session_ID_3940,0,8,1.0,0,1.0,0,1,1,0,4,0,1,0.0,0.4444444444444444
Session_ID_3941,0,9,4.0,0,0.0,0,1,1,0,2,1,1,0.0,0.2
Session_ID_3942,1,17,4.0,0,0.0,0,1,3,0,6,1,1,0.0,0.3333333333333333
Session_ID_3943,1,10,0.0,0,1.0,0,0,2,0,1,0,1,0.0,0.09090909090909091
Session_ID_3944,0,5,1.0,0,0.0,0,1,1,1,1,0,1,0.0,0.16666666666666666
Session_ID_3945,0,4,0.0,0,1.0,0,0,3,0,0,0,1,0.0,0.0
Session_ID_3946,0,25,3.0,0,3.0,2,6,7,0,1,1,0,0.2857142857142857,0.038461538461538464
Session_ID_3947,1,13,2.0,0,2.0,0,3,0,0,6,0,1,0.0,0.42857142857142855
Session_ID_3948,0,20,10.0,1,1.0,1,1,0,1,5,1,0,0.5,0.23809523809523808
Session_ID_3949,0,12,0.0,0,11.0,0,0,1,0,0,0,1,0.0,0.0
Session_ID_3950,0,11,3.0,0,1.0,1,1,0,1,2,1,0,0.5,0.16666666666666666
Session_ID_3951,1,3,1.0,0,0.0,0,1,1,0,0,0,1,0.0,0.0
Session_ID_3952,0,37,7.0,3,1.0,0,1,5,1,6,2,1,0.0,0.15789473684210525
Session_ID_3953,0,6,1.0,0,0.0,0,1,3,0,1,0,1,0.0,0.14285714285714285
Session_ID_3954,1,19,0.0,0,6.0,0,3,2,0,1,0,1,0.0,0.05
Session_ID_3955,0,4,0.0,0,1.0,0,1,1,0,1,0,1,0.0,0.2
Session_ID_3956,1,4,1.0,0,0.0,0,1,2,0,0,0,1,0.0,0.0
Session_ID_3957,0,1,0.0,0,1.0,0,0,0,0,0,0,1,0.0,0.0
Session_ID_3958,0,12,7.0,0,2.0,0,1,1,0,1,1,1,0.0,0.07692307692307693
Session_ID_3959,0,30,19.0,2,3.0,0,0,2,0,0,2,1,0.0,0.0
Session_ID_3960,1,34,4.0,6,4.0,0,1,5,1,10,2,1,0.0,0.2857142857142857
Session_ID_3961,0,43,14.0,13,1.0,1,2,1,1,9,2,0,0.3333333333333333,0.20454545454545456
Session_ID_3962,1,5,1.0,0,0.0,0,1,2,0,0,0,1,0.0,0.0
Session_ID_3963,1,13,3.0,5,3.0,0,0,0,0,1,2,1,0.0,0.07142857142857142
Session_ID_3964,0,16,2.0,0,0.0,0,4,10,0,0,0,1,0.0,0.0
Session_ID_3965,1,2,8.0,9,4.0,0,1,4,1,28,2,1,0.0,9.333333333333334
Session_ID_3966,1,2,1.0,0,0.0,0,0,0,0,0,0,1,0.0,0.0
Session_ID_3967,0,44,1.0,0,5.0,6,9,23,0,0,0,0,0.6,0.0
Session_ID_3968,0,9,1.0,0,0.0,0,1,6,0,0,0,1,0.0,0.0
Session_ID_3969,0,7,3.0,0,0.0,0,1,1,0,2,1,1,0.0,0.25
Session_ID_3970,1,20,12.0,0,1.0,0,2,1,0,4,1,1,0.0,0.19047619047619047
Session_ID_3971,0,11,1.0,0,0.0,0,1,2,1,2,0,1,0.0,0.16666666666666666
Session_ID_3972,0,7,1.0,0,1.0,0,2,0,2,1,0,1,0.0,0.125
Session_ID_3973,1,8,5.0,0,0.0,0,0,1,0,2,1,1,0.0,0.2222222222222222
Session_ID_3974,1,18,4.0,6,0.0,0,0,1,0,6,2,1,0.0,0.3157894736842105
Session_ID_3975,1,14,3.0,0,0.0,0,0,3,0,3,1,1,0.0,0.2
Session_ID_3976,0,23,4.0,0,0.0,1,1,2,1,6,1,0,0.5,0.25
Session_ID_3977,0,11,0.0,0,1.0,0,1,3,0,6,0,1,0.0,0.5
Session_ID_3978,0,34,14.0,0,4.0,0,6,0,1,9,1,1,0.0,0.2571428571428571
Session_ID_3979,0,7,0.0,0,0.0,0,1,1,0,5,0,1,0.0,0.625
Session_ID_3980,1,11,3.0,0,0.0,1,1,3,0,1,1,0,0.5,0.08333333333333333
Session_ID_3981,0,21,2.0,10,4.0,0,1,1,0,3,2,1,0.0,0.13636363636363635
Session_ID_3982,0,6,0.0,0,1.0,0,0,5,0,0,0,1,0.0,0.0
Session_ID_3983,0,7,1.0,0,1.0,0,1,1,0,3,0,1,0.0,0.375
Session_ID_3984,0,17,2.0,0,6.0,1,4,0,1,3,0,0,0.2,0.16666666666666666
Session_ID_3985,0,18,0.0,0,1.0,0,1,2,0,4,0,1,0.0,0.21052631578947367
Session_ID_3986,0,12,0.0,0,1.0,0,0,1,0,0,0,1,0.0,0.0
Session_ID_3987,0,15,4.0,0,1.0,1,2,3,0,1,1,0,0.3333333333333333,0.0625
Session_ID_3988,0,3,0.0,0,1.0,0,1,0,0,1,0,1,0.0,0.25
Session_ID_3989,0,15,8.0,0,1.0,1,2,1,0,1,1,0,0.3333333333333333,0.0625
Session_ID_3990,0,10,1.0,0,1.0,0,1,5,0,1,0,1,0.0,0.09090909090909091
Session_ID_3991,1,26,0.0,0,0.0,0,0,1,0,5,0,1,0.0,0.18518518518518517
Session_ID_3992,0,8,1.0,0,1.0,0,1,1,1,3,0,1,0.0,0.3333333333333333
Session_ID_3993,0,4,0.0,0,1.0,0,0,0,0,2,0,1,0.0,0.4
Session_ID_3994,0,19,1.0,0,2.0,1,1,5,1,0,0,1,0.5,0.0
Session_ID_3995,0,5,1.0,0,0.0,0,1,3,0,0,0,1,0.0,0.0
Session_ID_3996,1,32,6.0,0,6.0,0,2,17,0,0,1,1,0.0,0.0
Session_ID_3997,0,16,7.0,2,0.0,0,1,2,0,3,2,1,0.0,0.17647058823529413
Session_ID_3998,1,16,6.0,1,0.0,0,1,2,0,3,1,1,0.0,0.17647058823529413
Session_ID_3999,0,14,0.0,4,2.0,0,0,0,0,8,0,1,0.0,0.5333333333333333
Session_ID_4000,1,77,28.0,20,7.0,0,1,5,0,11,2,1,0.0,0.14102564102564102
Session_ID_4001,0,9,6.0,0,1.0,0,0,1,0,1,1,1,0.0,0.1
Session_ID_4002,0,5,0.0,0,0.0,0,1,3,0,1,0,1,0.0,0.16666666666666666
Session_ID_4003,0,18,12.0,2,0.0,0,1,1,0,2,2,1,0.0,0.10526315789473684
Session_ID_4004,1,12,7.0,0,1.0,0,1,1,0,2,1,1,0.0,0.15384615384615385
Session_ID_4005,1,9,4.0,0,1.0,0,0,1,0,3,1,1,0.0,0.3
Session_ID_4006,0,13,4.0,0,0.0,0,1,1,0,2,1,1,0.0,0.14285714285714285
Session_ID_4007,1,12,8.0,0,0.0,0,0,2,0,1,1,1,0.0,0.07692307692307693
Session_ID_4008,1,12,8.0,2,0.0,0,0,1,0,1,2,1,0.0,0.07692307692307693
Session_ID_4009,1,3,0.0,0,0.0,0,0,0,0,0,0,1,0.0,0.0
Session_ID_4010,1,5,2.0,0,0.0,0,0,1,0,1,0,1,0.0,0.16666666666666666
Session_ID_4011,0,13,0.0,0,0.0,0,0,2,0,4,0,1,0.0,0.2857142857142857
Session_ID_4012,0,6,1.0,0,2.0,0,1,0,0,2,0,1,0.0,0.2857142857142857
Session_ID_4013,0,11,2.0,1,3.0,0,1,1,1,2,0,1,0.0,0.16666666666666666
Session_ID_4014,0,26,4.0,0,4.0,0,0,1,0,1,1,1,0.0,0.037037037037037035
Session_ID_4015,0,14,4.0,1,2.0,0,0,3,0,2,1,1,0.0,0.13333333333333333
Session_ID_4016,1,7,2.0,0,2.0,0,0,3,0,0,0,1,0.0,0.0
Session_ID_4017,0,11,5.0,0,1.0,0,1,2,0,1,1,1,0.0,0.08333333333333333
Session_ID_4018,0,13,6.0,0,1.0,1,1,1,1,1,1,1,0.5,0.07142857142857142
Session_ID_4019,0,17,7.0,0,2.0,0,1,1,0,6,1,1,0.0,0.3333333333333333
Session_ID_4020,0,12,4.0,0,0.0,1,2,0,1,3,1,0,0.3333333333333333,0.23076923076923078
Session_ID_4021,0,8,2.0,0,1.0,0,1,1,1,2,0,1,0.0,0.2222222222222222
Session_ID_4022,1,41,11.0,18,0.0,0,0,3,0,7,2,1,0.0,0.16666666666666666
Session_ID_4023,0,6,1.0,0,2.0,0,1,0,0,2,0,1,0.0,0.2857142857142857
Session_ID_4024,0,18,2.0,1,3.0,0,0,4,0,5,0,1,0.0,0.2631578947368421
Session_ID_4025,0,22,5.0,1,2.0,0,1,4,1,4,1,1,0.0,0.17391304347826086
Session_ID_4026,0,48,1.0,0,1.0,0,1,38,0,4,0,1,0.0,0.08163265306122448
Session_ID_4027,1,3,1.0,0,0.0,0,0,1,0,1,0,1,0.0,0.25
Session_ID_4028,0,8,2.0,0,0.0,0,0,2,0,4,0,1,0.0,0.4444444444444444
Session_ID_4029,1,57,6.0,1,2.0,0,1,2,0,33,1,1,0.0,0.5689655172413793
Session_ID_4030,1,9,5.0,0,1.0,0,0,3,0,0,1,1,0.0,0.0
Session_ID_4031,1,11,2.0,0,2.0,0,2,3,0,1,0,1,0.0,0.08333333333333333
Session_ID_4032,1,4,2.0,0,0.0,0,0,1,0,1,0,1,0.0,0.2
Session_ID_4033,0,6,1.0,0,2.0,0,1,0,0,2,0,1,0.0,0.2857142857142857
Session_ID_4034,0,8,1.0,0,1.0,0,1,5,0,0,0,1,0.0,0.0
Session_ID_4035,0,14,2.0,0,1.0,0,1,1,0,6,0,1,0.0,0.4
Session_ID_4036,0,4,1.0,0,1.0,0,1,1,0,0,0,1,0.0,0.0
Session_ID_4037,1,8,2.0,0,0.0,0,0,4,0,1,0,1,0.0,0.1111111111111111
Session_ID_4038,0,14,7.0,0,1.0,1,1,2,0,2,1,0,0.5,0.13333333333333333
Session_ID_4039,0,9,1.0,0,0.0,0,0,2,0,4,0,1,0.0,0.4
Session_ID_4040,0,8,1.0,0,1.0,1,1,0,1,3,0,1,0.5,0.3333333333333333
Session_ID_4041,0,10,3.0,0,2.0,0,1,1,0,3,1,1,0.0,0.2727272727272727
Session_ID_4042,0,6,2.0,0,1.0,1,1,1,0,0,0,0,0.5,0.0
Session_ID_4043,0,13,5.0,0,0.0,0,1,4,0,3,1,1,0.0,0.21428571428571427
Session_ID_4044,0,21,10.0,4,1.0,0,0,2,0,2,2,1,0.0,0.09090909090909091
Session_ID_4045,0,12,2.0,0,1.0,0,2,2,1,3,0,1,0.0,0.23076923076923078
Session_ID_4046,0,16,7.0,0,0.0,0,1,2,1,2,1,1,0.0,0.11764705882352941
Session_ID_4047,0,6,1.0,0,0.0,0,1,1,0,2,0,1,0.0,0.2857142857142857
Session_ID_4048,0,9,2.0,0,1.0,0,1,1,0,4,0,1,0.0,0.4
Session_ID_4049,0,20,6.0,7,3.0,0,0,2,0,1,2,1,0.0,0.047619047619047616
Session_ID_4050,0,4,0.0,0,1.0,0,1,1,0,1,0,1,0.0,0.2
Session_ID_4051,0,16,8.0,0,4.0,0,1,1,0,2,1,1,0.0,0.11764705882352941
Session_ID_4052,0,45,13.0,9,7.0,0,2,4,0,6,2,1,0.0,0.13043478260869565
Session_ID_4053,1,6,2.0,1,1.0,0,0,1,0,1,0,1,0.0,0.14285714285714285
Session_ID_4054,0,4,0.0,0,0.0,1,1,2,0,0,0,0,0.5,0.0
Session_ID_4055,0,4,0.0,0,3.0,0,0,0,0,0,0,1,0.0,0.0
Session_ID_4056,0,47,9.0,4,6.0,1,1,2,1,10,2,0,0.5,0.20833333333333334
Session_ID_4057,0,12,5.0,2,0.0,0,1,2,0,2,2,1,0.0,0.15384615384615385
Session_ID_4058,1,6,3.0,0,0.0,0,0,1,0,1,1,1,0.0,0.14285714285714285
Session_ID_4059,0,32,5.0,1,3.0,0,1,5,1,5,1,1,0.0,0.15151515151515152
Session_ID_4060,1,13,8.0,0,1.0,0,1,2,0,0,1,1,0.0,0.0
Session_ID_4061,0,5,0.0,0,0.0,0,1,3,0,1,0,1,0.0,0.16666666666666666
Session_ID_4062,0,5,1.0,0,1.0,0,1,0,0,2,0,1,0.0,0.3333333333333333
Session_ID_4063,0,9,3.0,0,1.0,0,1,4,0,0,1,1,0.0,0.0
Session_ID_4064,1,14,0.0,0,0.0,0,0,2,0,1,0,1,0.0,0.06666666666666667
Session_ID_4065,1,19,10.0,0,1.0,0,1,4,0,1,1,1,0.0,0.05
Session_ID_4066,1,18,12.0,3,0.0,0,0,1,0,1,2,1,0.0,0.05263157894736842
Session_ID_4067,0,28,11.0,0,6.0,0,2,5,1,3,1,1,0.0,0.10344827586206896
Session_ID_4068,0,2,0.0,0,1.0,0,0,0,0,1,0,1,0.0,0.3333333333333333
Session_ID_4069,0,12,8.0,0,0.0,0,1,1,0,2,1,1,0.0,0.15384615384615385
Session_ID_4070,0,15,4.0,0,1.0,0,2,3,2,1,1,1,0.0,0.0625
Session_ID_4071,1,11,6.0,0,0.0,0,0,0,0,3,1,1,0.0,0.25
Session_ID_4072,1,7,3.0,0,1.0,0,0,1,0,1,1,1,0.0,0.125
Session_ID_4073,0,14,0.0,0,0.0,0,1,1,0,2,0,1,0.0,0.13333333333333333
Session_ID_4074,1,9,4.0,0,2.0,0,0,1,0,2,1,1,0.0,0.2
Session_ID_4075,0,17,3.0,5,0.0,0,0,1,0,4,2,1,0.0,0.2222222222222222
Session_ID_4076,0,29,9.0,9,3.0,0,2,2,1,2,2,1,0.0,0.06666666666666667
Session_ID_4077,1,7,0.0,0,0.0,0,0,1,0,1,0,1,0.0,0.125
Session_ID_4078,0,17,0.0,0,6.0,3,4,3,0,1,0,0,0.6,0.05555555555555555
Session_ID_4079,0,7,2.0,0,1.0,0,1,1,0,2,0,1,0.0,0.25
Session_ID_4080,0,15,6.0,0,0.0,1,1,2,1,2,1,0,0.5,0.125
Session_ID_4081,1,17,5.0,5,2.0,0,0,1,0,4,2,1,0.0,0.2222222222222222
Session_ID_4082,0,7,2.0,0,0.0,0,1,2,0,1,0,1,0.0,0.125
Session_ID_4083,0,5,2.0,0,1.0,0,0,0,0,2,0,1,0.0,0.3333333333333333
Session_ID_4084,0,4,0.0,0,0.0,1,2,0,0,1,0,0,0.3333333333333333,0.2
Session_ID_4085,1,20,1.0,0,3.0,1,3,0,2,10,0,1,0.25,0.47619047619047616
Session_ID_4086,0,5,1.0,0,1.0,0,2,1,0,0,0,1,0.0,0.0
Session_ID_4087,0,12,0.0,0,1.0,0,1,2,0,3,0,1,0.0,0.23076923076923078
Session_ID_4088,0,7,1.0,0,1.0,0,1,1,0,3,0,1,0.0,0.375
Session_ID_4089,0,13,3.0,0,1.0,0,1,5,0,0,1,1,0.0,0.0
Session_ID_4090,0,8,1.0,0,2.0,0,2,0,0,3,0,1,0.0,0.3333333333333333
Session_ID_4091,0,30,1.0,0,3.0,0,2,20,0,0,0,1,0.0,0.0
Session_ID_4092,0,4,0.0,0,1.0,0,1,0,0,2,0,1,0.0,0.4
Session_ID_4093,1,10,0.0,0,0.0,0,0,0,0,3,0,1,0.0,0.2727272727272727
Session_ID_4094,1,12,7.0,0,1.0,0,1,2,0,1,1,1,0.0,0.07692307692307693
Session_ID_4095,0,11,4.0,0,1.0,0,1,2,0,3,1,1,0.0,0.25
Session_ID_4096,0,11,4.0,0,1.0,1,1,0,1,3,1,0,0.5,0.25
Session_ID_4097,0,10,1.0,0,2.0,1,2,0,1,2,0,0,0.3333333333333333,0.18181818181818182
Session_ID_4098,0,5,2.0,0,1.0,0,0,2,0,0,0,1,0.0,0.0
Session_ID_4099,0,1,0.0,0,1.0,0,0,0,0,0,0,1,0.0,0.0
Session_ID_4100,1,14,0.0,0,0.0,0,0,1,0,1,0,1,0.0,0.06666666666666667
Session_ID_4101,0,4,0.0,0,1.0,0,1,0,0,2,0,1,0.0,0.4
Session_ID_4102,0,12,0.0,0,3.0,0,1,3,0,1,0,1,0.0,0.07692307692307693
Session_ID_4103,0,21,0.0,0,1.0,1,2,2,0,3,0,0,0.3333333333333333,0.13636363636363635
Session_ID_4104,0,12,6.0,1,1.0,0,1,1,0,2,1,1,0.0,0.15384615384615385
Session_ID_4105,0,14,4.0,0,1.0,0,1,1,1,6,1,1,0.0,0.4
Session_ID_4106,0,17,3.0,0,1.0,0,1,9,0,2,1,1,0.0,0.1111111111111111
Session_ID_4107,0,9,0.0,0,2.0,0,1,1,0,2,0,1,0.0,0.2
Session_ID_4108,0,23,0.0,0,2.0,1,1,1,0,3,0,0,0.5,0.125
Session_ID_4109,0,7,3.0,0,1.0,0,0,1,0,2,1,1,0.0,0.25
Session_ID_4110,0,6,1.0,0,2.0,0,1,0,0,2,0,1,0.0,0.2857142857142857
Session_ID_4111,0,21,1.0,0,2.0,0,2,12,0,0,0,1,0.0,0.0
Session_ID_4112,0,5,0.0,0,2.0,0,1,0,0,2,0,1,0.0,0.3333333333333333
Session_ID_4113,0,7,2.0,0,3.0,0,0,0,0,1,0,1,0.0,0.125
Session_ID_4114,1,18,0.0,0,0.0,0,0,2,0,1,0,1,0.0,0.05263157894736842
Session_ID_4115,0,12,4.0,0,1.0,1,1,1,1,2,1,0,0.5,0.15384615384615385
Session_ID_4116,0,15,7.0,0,0.0,0,1,1,0,1,1,1,0.0,0.0625
Session_ID_4117,0,8,3.0,0,0.0,0,1,4,0,0,1,1,0.0,0.0
Session_ID_4118,0,6,2.0,0,0.0,0,1,0,1,1,0,1,0.0,0.14285714285714285
Session_ID_4119,0,6,0.0,0,0.0,0,1,4,0,1,0,1,0.0,0.14285714285714285
Session_ID_4120,0,17,5.0,2,3.0,1,1,0,1,4,2,0,0.5,0.2222222222222222
Session_ID_4121,0,11,0.0,0,0.0,0,0,3,0,2,0,1,0.0,0.16666666666666666
Session_ID_4122,1,7,0.0,0,0.0,0,0,1,0,1,0,1,0.0,0.125
Session_ID_4123,0,273,2.0,0,0.0,0,2,93,0,3,0,1,0.0,0.010948905109489052
Session_ID_4124,0,11,1.0,0,2.0,0,1,3,1,2,0,1,0.0,0.16666666666666666
Session_ID_4125,0,4,0.0,0,1.0,0,1,1,0,1,0,1,0.0,0.2
Session_ID_4126,0,8,2.0,0,3.0,0,1,0,0,2,0,1,0.0,0.2222222222222222
Session_ID_4127,0,18,7.0,2,1.0,1,1,2,1,3,2,0,0.5,0.15789473684210525
Session_ID_4128,0,5,1.0,0,1.0,0,1,0,0,2,0,1,0.0,0.3333333333333333
Session_ID_4129,0,11,0.0,0,0.0,1,1,0,0,1,0,0,0.5,0.08333333333333333
Session_ID_4130,0,5,0.0,0,1.0,0,1,0,0,2,0,1,0.0,0.3333333333333333
Session_ID_4131,0,15,2.0,0,1.0,0,1,10,0,0,0,1,0.0,0.0
Session_ID_4132,0,27,1.0,0,7.0,0,3,1,0,12,0,1,0.0,0.42857142857142855
Session_ID_4133,0,14,9.0,0,0.0,0,1,1,0,3,1,1,0.0,0.2
Session_ID_4134,0,8,0.0,0,0.0,0,0,0,0,5,0,1,0.0,0.5555555555555556
Session_ID_4135,1,4,1.0,1,1.0,0,0,0,0,1,0,1,0.0,0.2
Session_ID_4136,0,9,2.0,0,1.0,0,1,1,1,2,0,1,0.0,0.2
Session_ID_4137,0,11,6.0,0,1.0,0,0,3,0,1,1,1,0.0,0.08333333333333333
Session_ID_4138,1,4,2.0,0,0.0,0,0,2,0,0,0,1,0.0,0.0
Session_ID_4139,0,15,9.0,0,0.0,0,1,2,0,3,1,1,0.0,0.1875
Session_ID_4140,0,15,9.0,1,0.0,0,1,1,0,2,1,1,0.0,0.125
Session_ID_4141,0,6,1.0,0,1.0,0,1,0,1,2,0,1,0.0,0.2857142857142857
Session_ID_4142,0,6,1.0,0,0.0,0,0,1,0,3,0,1,0.0,0.42857142857142855
Session_ID_4143,1,7,0.0,0,0.0,0,1,1,0,0,0,1,0.0,0.0
Session_ID_4144,0,7,1.0,0,2.0,0,2,0,1,1,0,1,0.0,0.125
Session_ID_4145,0,9,1.0,0,1.0,0,0,0,0,2,0,1,0.0,0.2
Session_ID_4146,0,15,1.0,0,1.0,0,3,7,0,2,0,1,0.0,0.125
Session_ID_4147,0,5,0.0,0,1.0,0,0,3,0,1,0,1,0.0,0.16666666666666666
Session_ID_4148,1,12,0.0,0,1.0,0,0,2,0,1,0,1,0.0,0.07692307692307693
Session_ID_4149,1,17,6.0,3,3.0,0,0,1,0,3,2,1,0.0,0.16666666666666666
Session_ID_4150,1,8,3.0,2,2.0,0,0,0,0,1,2,1,0.0,0.1111111111111111
Session_ID_4151,0,11,1.0,0,1.0,0,2,7,0,0,0,1,0.0,0.0
Session_ID_4152,0,15,4.0,0,1.0,0,1,4,0,5,1,1,0.0,0.3125
Session_ID_4153,0,7,0.0,0,5.0,0,2,0,0,0,0,1,0.0,0.0
Session_ID_4154,0,18,1.0,0,1.0,1,1,4,0,2,0,0,0.5,0.10526315789473684
Session_ID_4155,0,11,4.0,0,2.0,0,1,1,2,1,1,1,0.0,0.08333333333333333
Session_ID_4156,1,10,1.0,0,2.0,0,0,2,0,5,0,1,0.0,0.45454545454545453
Session_ID_4157,0,9,4.0,0,0.0,0,1,1,0,3,1,1,0.0,0.3
Session_ID_4158,0,10,0.0,0,1.0,0,1,2,0,5,0,1,0.0,0.45454545454545453
Session_ID_4159,1,16,1.0,0,1.0,1,2,1,0,9,0,0,0.3333333333333333,0.5294117647058824
Session_ID_4160,1,8,1.0,1,1.0,0,1,1,0,3,0,1,0.0,0.3333333333333333
Session_ID_4161,0,39,9.0,0,1.0,0,1,4,0,11,1,1,0.0,0.275
Session_ID_4162,1,3,1.0,0,1.0,0,0,1,0,0,0,1,0.0,0.0
Session_ID_4163,1,5,2.0,1,1.0,0,0,0,0,1,0,1,0.0,0.16666666666666666
Session_ID_4164,0,14,0.0,0,2.0,0,3,0,2,7,0,1,0.0,0.4666666666666667
Session_ID_4165,0,14,0.0,0,0.0,0,1,3,0,9,0,1,0.0,0.6
Session_ID_4166,0,11,4.0,0,0.0,0,0,1,0,1,1,1,0.0,0.08333333333333333
Session_ID_4167,0,13,4.0,0,0.0,1,1,1,1,5,1,0,0.5,0.35714285714285715
Session_ID_4168,0,4,0.0,0,1.0,0,1,1,0,1,0,1,0.0,0.2
Session_ID_4169,0,5,0.0,0,2.0,0,1,0,0,1,0,1,0.0,0.16666666666666666
Session_ID_4170,0,25,9.0,8,2.0,0,1,0,0,4,2,1,0.0,0.15384615384615385
Session_ID_4171,0,16,10.0,0,2.0,0,1,1,0,2,1,1,0.0,0.11764705882352941
Session_ID_4172,0,8,1.0,0,1.0,0,1,1,0,3,0,1,0.0,0.3333333333333333
Session_ID_4173,0,5,1.0,0,1.0,0,1,0,0,2,0,1,0.0,0.3333333333333333
Session_ID_4174,1,4,1.0,0,0.0,0,1,1,0,1,0,1,0.0,0.2
Session_ID_4175,0,8,2.0,1,2.0,0,1,0,0,2,0,1,0.0,0.2222222222222222
Session_ID_4176,1,3,1.0,0,0.0,0,0,1,0,1,0,1,0.0,0.25
Session_ID_4177,0,6,1.0,0,2.0,0,1,0,0,2,0,1,0.0,0.2857142857142857
Session_ID_4178,0,9,1.0,0,0.0,0,0,2,0,3,0,1,0.0,0.3
Session_ID_4179,0,10,3.0,0,1.0,0,1,2,0,3,1,1,0.0,0.2727272727272727
Session_ID_4180,0,8,3.0,0,1.0,0,1,1,0,2,1,1,0.0,0.2222222222222222
Session_ID_4181,0,26,8.0,2,0.0,4,4,1,1,2,2,0,0.8,0.07407407407407407
Session_ID_4182,0,4,0.0,0,1.0,0,0,3,0,0,0,1,0.0,0.0
Session_ID_4183,1,5,1.0,0,1.0,0,1,1,0,1,0,1,0.0,0.16666666666666666
Session_ID_4184,1,2,1.0,0,0.0,0,0,0,0,1,0,1,0.0,0.3333333333333333
Session_ID_4185,0,5,0.0,0,1.0,0,1,2,0,1,0,1,0.0,0.16666666666666666
Session_ID_4186,1,22,0.0,0,1.0,3,4,7,0,0,0,0,0.6,0.0
Session_ID_4187,0,12,2.0,0,1.0,0,0,3,0,4,0,1,0.0,0.3076923076923077
Session_ID_4188,1,9,5.0,0,1.0,0,0,1,0,1,1,1,0.0,0.1
Session_ID_4189,1,7,1.0,0,2.0,0,0,2,0,0,0,1,0.0,0.0
Session_ID_4190,0,7,0.0,0,2.0,0,0,1,0,2,0,1,0.0,0.25
Session_ID_4191,0,12,3.0,0,3.0,1,1,1,1,0,1,0,0.5,0.0
Session_ID_4192,1,8,5.0,0,0.0,0,0,2,0,0,1,1,0.0,0.0
Session_ID_4193,0,8,5.0,0,0.0,0,0,2,0,0,1,1,0.0,0.0
Session_ID_4194,0,12,1.0,0,0.0,0,2,1,1,7,0,1,0.0,0.5384615384615384
Session_ID_4195,0,26,4.0,4,3.0,0,0,3,0,8,2,1,0.0,0.2962962962962963
Session_ID_4196,1,9,5.0,0,1.0,0,0,0,0,3,1,1,0.0,0.3
Session_ID_4197,0,18,3.0,1,3.0,0,1,2,1,4,1,1,0.0,0.21052631578947367
Session_ID_4198,1,25,1.0,3,1.0,0,5,1,0,14,2,1,0.0,0.5384615384615384
Session_ID_4199,1,25,4.0,7,2.0,0,0,3,0,7,2,1,0.0,0.2692307692307692
Session_ID_4200,1,9,2.0,0,0.0,0,0,1,0,4,0,1,0.0,0.4
Session_ID_4201,1,13,4.0,2,2.0,0,0,2,0,3,2,1,0.0,0.21428571428571427
Session_ID_4202,0,5,1.0,0,0.0,0,1,3,0,0,0,1,0.0,0.0
Session_ID_4203,0,5,1.0,0,0.0,0,1,1,0,2,0,1,0.0,0.3333333333333333
Session_ID_4204,0,8,2.0,0,1.0,0,0,2,0,1,0,1,0.0,0.1111111111111111
Session_ID_4205,1,18,0.0,0,0.0,4,1,0,0,3,0,0,2.0,0.15789473684210525
Session_ID_4206,1,7,1.0,0,0.0,0,0,0,0,6,0,1,0.0,0.75
Session_ID_4207,0,11,4.0,0,2.0,0,1,1,0,3,1,1,0.0,0.25
Session_ID_4208,0,15,1.0,4,2.0,1,1,2,1,3,2,0,0.5,0.1875
Session_ID_4209,0,27,9.0,0,4.0,1,2,6,0,1,1,0,0.3333333333333333,0.03571428571428571
Session_ID_4210,0,5,1.0,0,1.0,0,2,1,0,0,0,1,0.0,0.0
Session_ID_4211,0,8,0.0,0,0.0,0,2,0,0,6,0,1,0.0,0.6666666666666666
Session_ID_4212,1,7,1.0,0,0.0,0,0,1,0,2,0,1,0.0,0.25
Session_ID_4213,1,4,0.0,0,0.0,0,0,1,0,1,0,1,0.0,0.2
Session_ID_4214,0,6,1.0,0,2.0,0,1,0,0,2,0,1,0.0,0.2857142857142857
Session_ID_4215,0,29,1.0,0,1.0,0,0,7,0,16,0,1,0.0,0.5333333333333333
Session_ID_4216,0,20,7.0,0,4.0,0,0,1,0,3,1,1,0.0,0.14285714285714285
Session_ID_4217,0,12,2.0,0,3.0,2,1,0,0,4,0,0,1.0,0.3076923076923077
Session_ID_4218,0,3,1.0,0,1.0,0,0,1,0,0,0,1,0.0,0.0
Session_ID_4219,1,9,5.0,0,0.0,0,0,2,0,1,1,1,0.0,0.1
Session_ID_4220,1,12,4.0,0,3.0,0,0,5,0,0,1,1,0.0,0.0
Session_ID_4221,1,7,4.0,2,0.0,0,0,0,0,0,2,1,0.0,0.0
Session_ID_4222,0,52,12.0,13,3.0,1,2,3,0,17,2,0,0.3333333333333333,0.32075471698113206
Session_ID_4223,0,25,9.0,0,2.0,0,1,3,0,1,1,1,0.0,0.038461538461538464
Session_ID_4224,1,4,1.0,2,0.0,0,0,0,0,1,0,1,0.0,0.2
Session_ID_4225,0,15,2.0,0,2.0,1,1,1,1,5,0,0,0.5,0.3125
Session_ID_4226,1,5,1.0,0,0.0,0,0,1,0,1,0,1,0.0,0.16666666666666666
Session_ID_4227,1,7,2.0,0,0.0,0,1,1,1,1,0,1,0.0,0.125
Session_ID_4228,1,12,6.0,0,1.0,0,1,3,0,1,1,1,0.0,0.07692307692307693
Session_ID_4229,0,4,0.0,0,1.0,1,1,0,1,0,0,1,0.5,0.0
Session_ID_4230,1,24,4.0,0,3.0,0,1,2,0,10,1,1,0.0,0.4
Session_ID_4231,0,7,2.0,0,0.0,0,1,3,0,1,0,1,0.0,0.125
Session_ID_4232,1,16,8.0,2,0.0,0,0,1,0,2,2,1,0.0,0.11764705882352941
Session_ID_4233,0,7,1.0,1,0.0,1,1,0,0,3,0,0,0.5,0.375
Session_ID_4234,0,6,2.0,0,1.0,0,0,2,0,1,0,1,0.0,0.14285714285714285
Session_ID_4235,1,5,3.0,0,0.0,0,0,1,0,1,1,1,0.0,0.16666666666666666
Session_ID_4236,1,11,4.0,0,1.0,0,1,3,0,1,1,1,0.0,0.08333333333333333
Session_ID_4237,1,14,5.0,0,2.0,0,1,6,0,0,1,1,0.0,0.0
Session_ID_4238,0,9,3.0,0,2.0,0,1,1,0,2,1,1,0.0,0.2
Session_ID_4239,1,11,3.0,0,0.0,1,2,5,0,0,1,0,0.3333333333333333,0.0
Session_ID_4240,0,7,1.0,0,0.0,1,2,0,0,3,0,0,0.3333333333333333,0.375
Session_ID_4241,0,16,2.0,1,2.0,0,2,2,0,4,0,1,0.0,0.23529411764705882
Session_ID_4242,0,26,5.0,1,1.0,0,2,1,0,15,1,1,0.0,0.5555555555555556
Session_ID_4243,0,9,5.0,0,0.0,0,0,1,0,2,1,1,0.0,0.2
Session_ID_4244,1,6,1.0,0,1.0,0,1,0,1,0,0,1,0.0,0.0
Session_ID_4245,0,10,3.0,0,1.0,0,0,3,0,2,1,1,0.0,0.18181818181818182
Session_ID_4246,1,6,1.0,0,0.0,0,0,2,0,1,0,1,0.0,0.14285714285714285
Session_ID_4247,0,2,0.0,0,1.0,0,0,0,0,1,0,1,0.0,0.3333333333333333
Session_ID_4248,1,118,30.0,43,17.0,0,1,8,0,9,2,1,0.0,0.07563025210084033
Session_ID_4249,0,6,1.0,0,0.0,0,0,3,0,1,0,1,0.0,0.14285714285714285
Session_ID_4250,1,11,0.0,0,0.0,0,0,1,0,0,0,1,0.0,0.0
Session_ID_4251,0,24,5.0,2,3.0,1,1,1,1,5,2,0,0.5,0.2
Session_ID_4252,1,9,3.0,0,1.0,0,1,3,0,1,1,1,0.0,0.1
Session_ID_4253,1,77,31.0,0,2.0,0,5,29,0,0,1,1,0.0,0.0
Session_ID_4254,0,4,1.0,0,1.0,0,1,1,0,0,0,1,0.0,0.0
Session_ID_4255,0,11,0.0,0,4.0,0,0,2,0,2,0,1,0.0,0.16666666666666666
Session_ID_4256,0,4,0.0,0,1.0,0,0,1,0,2,0,1,0.0,0.4
Session_ID_4257,0,13,4.0,0,3.0,0,3,1,0,2,1,1,0.0,0.14285714285714285
Session_ID_4258,1,20,5.0,0,2.0,0,0,10,0,1,1,1,0.0,0.047619047619047616
Session_ID_4259,0,21,12.0,1,2.0,0,0,3,0,2,1,1,0.0,0.09090909090909091
Session_ID_4260,1,8,4.0,0,1.0,0,0,0,0,1,1,1,0.0,0.1111111111111111
Session_ID_4261,0,9,0.0,0,1.0,0,3,5,0,0,0,1,0.0,0.0
Session_ID_4262,1,10,0.0,0,0.0,0,0,1,0,0,0,1,0.0,0.0
Session_ID_4263,1,17,6.0,2,2.0,0,1,2,0,4,2,1,0.0,0.2222222222222222
Session_ID_4264,1,4,1.0,0,0.0,0,1,2,0,0,0,1,0.0,0.0
Session_ID_4265,1,16,1.0,1,0.0,0,0,4,0,9,0,1,0.0,0.5294117647058824
Session_ID_4266,0,6,1.0,0,0.0,1,1,1,1,1,0,1,0.5,0.14285714285714285
Session_ID_4267,0,79,22.0,13,14.0,1,1,4,0,16,2,0,0.5,0.2
Session_ID_4268,0,10,3.0,0,1.0,1,2,2,0,1,1,0,0.3333333333333333,0.09090909090909091
Session_ID_4269,1,25,3.0,16,2.0,0,0,1,0,2,2,1,0.0,0.07692307692307693
Session_ID_4270,0,58,0.0,0,8.0,1,2,3,0,10,0,0,0.3333333333333333,0.1694915254237288
Session_ID_4271,0,4,0.0,0,1.0,0,1,0,0,2,0,1,0.0,0.4
Session_ID_4272,0,13,8.0,0,1.0,0,1,1,0,2,1,1,0.0,0.14285714285714285
Session_ID_4273,0,9,4.0,0,0.0,0,0,3,0,1,1,1,0.0,0.1
Session_ID_4274,1,28,4.0,7,1.0,0,0,4,0,5,2,1,0.0,0.1724137931034483
Session_ID_4275,0,30,4.0,0,3.0,0,1,5,0,0,1,1,0.0,0.0
Session_ID_4276,0,10,5.0,0,1.0,0,1,1,0,2,1,1,0.0,0.18181818181818182
Session_ID_4277,1,3,1.0,0,0.0,0,0,0,0,1,0,1,0.0,0.25
Session_ID_4278,1,7,0.0,0,0.0,0,0,1,0,0,0,1,0.0,0.0
Session_ID_4279,1,23,5.0,6,2.0,0,0,3,0,7,2,1,0.0,0.2916666666666667
Session_ID_4280,0,7,2.0,0,3.0,0,0,1,0,0,0,1,0.0,0.0
Session_ID_4281,0,4,1.0,0,1.0,0,1,1,0,0,0,1,0.0,0.0
Session_ID_4282,0,8,3.0,0,1.0,0,1,1,0,2,1,1,0.0,0.2222222222222222
Session_ID_4283,0,31,4.0,0,3.0,0,1,7,0,1,1,1,0.0,0.03125
